num_layers,feed_per_layer_g,water_litres,maize_percentage,season,veterinary_visits_per_month,farmers_experience_years,chicken_breed,age_weeks,eggs_per_day
1426,147.79257921161397,85.68087058126292,68.98455001363845,rainy,1,18,noiler,92,714
1987,139.05330837693117,67.89762106379403,66.09993861334124,dry,1,20,fulani,93,795
1637,131.48538589793426,120.4723026098962,44.5614570099021,rainy,1,15,noiler,72,996
1808,136.4526911140863,83.87337731622081,33.25257964926398,dry,0,13,shika_brown,26,966
1669,105.86032684038304,155.79262371170196,52.007624686980066,rainy,3,7,noiler,95,895
1711,118.70266456536466,132.80952296489352,57.33551396716398,dry,4,17,shika_brown,61,992
461,123.70901416010886,189.7322412111312,66.36359979282105,rainy,3,24,other,97,237
1091,121.40519960161535,99.3308313562333,57.13480415791243,rainy,4,14,other,82,596
820,146.33468615779944,87.82019541478414,30.27610585618012,rainy,2,16,noiler,52,534
434,151.00231466738796,122.92309437934847,34.77050582452057,rainy,4,2,sasso,52,268
1260,122.97561248522739,196.03969335447454,72.4456912133042,rainy,1,22,noiler,26,1004
1191,106.47348561959826,64.40008599614279,61.82052056318902,dry,4,3,other,40,684
530,124.62297538213778,165.77715939602683,41.43990827458112,dry,2,18,sasso,83,255
1312,152.28763541126307,172.514090765876,39.32850294430179,dry,2,22,sasso,79,659
1548,116.32793496307812,150.67661687579073,30.02601884976579,rainy,0,2,noiler,26,1078
1557,120.25691028421768,192.0073585477527,46.160146601037766,dry,0,19,fulani,79,623
1820,115.23492483606069,94.56264879740417,64.81521364198942,rainy,0,4,fulani,73,728
941,124.66222079909387,64.62710260607678,47.25356240133415,rainy,2,1,other,61,477
1029,159.13902724663603,93.88773801161005,63.606777370293926,rainy,2,16,other,87,472
443,150.11814973535428,104.90920909604301,39.32592551999271,rainy,2,19,sasso,76,242
702,142.66897194628106,173.33014645956015,47.43329936458647,rainy,3,8,fulani,57,393
940,140.54140702235685,162.9302566937081,40.45358103688568,rainy,1,2,sasso,33,724
645,158.93010059976615,132.32902477794198,43.04145874152045,rainy,3,4,other,49,332
1422,142.02146979836627,178.53255991336283,72.81621459390462,dry,0,23,sasso,92,661
1948,109.69772284567682,185.7975863937911,60.321452982979494,rainy,0,2,fulani,35,1013
1121,126.90544857917484,199.2240447655149,38.79626263386727,dry,0,13,other,65,466
1827,138.97797394283288,178.8912774691849,62.88064461501717,rainy,3,18,other,68,1072
525,121.00470446168055,150.31447068427906,63.44620298315498,rainy,4,15,noiler,21,459
846,146.11324085837853,66.10452804562073,79.72752553986706,dry,4,13,other,23,459
480,134.3375481502503,197.2464217202464,33.767312800306414,rainy,4,22,fulani,84,215
427,122.36121202564296,115.25680535332611,72.21065703631557,rainy,1,14,shika_brown,44,309
1427,141.8209444597161,158.34777175819528,47.97455756098776,rainy,1,22,shika_brown,67,844
1220,136.69082265194083,71.42318525603365,30.25924313869934,dry,4,19,fulani,25,630
1271,153.1970289370396,63.86634806231866,58.943244775377934,dry,2,24,shika_brown,80,545
1513,117.19247512769707,142.7166564796615,31.52501249695247,dry,1,5,noiler,77,799
1895,112.9492616498106,147.20466661466003,34.2673732496884,rainy,3,14,noiler,72,1114
1235,143.5654800233597,196.61929112475485,55.81501741505977,dry,2,16,noiler,75,659
1381,154.91282365758883,121.92931216235462,41.98936795787016,dry,0,7,other,18,669
1595,131.001775445594,151.99558599002336,51.78364493389455,rainy,2,11,shika_brown,33,1243
1370,102.4437281391382,179.764481761541,65.18289296900119,dry,1,15,other,56,745
1935,110.39211219460091,120.73923089331623,49.92523671986867,dry,4,3,shika_brown,69,1084
741,130.06239303491554,135.51284277600877,64.19818846990705,dry,1,16,sasso,49,476
1798,148.05695768094398,154.80356793361744,58.668352083596666,rainy,0,18,noiler,29,1185
1366,111.74746808735779,69.71058212252316,35.038900068871335,dry,4,18,shika_brown,52,785
1026,104.27131890761373,104.65658824112658,72.24376554847274,dry,1,18,fulani,24,568
1816,156.19888911134245,65.48608573459047,50.89730158577893,rainy,0,3,shika_brown,90,726
1219,148.41008435603584,198.67071988009425,50.630883845571326,dry,0,6,other,29,662
516,114.29416914423877,112.88204406468128,56.71637367652817,dry,0,21,other,76,207
1342,123.35210072404979,61.51727120724177,75.26909882096318,dry,0,6,sasso,95,537
1829,137.91023273018794,122.78237307696477,44.66053858490323,rainy,3,20,sasso,70,1236
1474,146.87776302827217,75.88504428244272,76.54645528436463,dry,1,4,noiler,92,627
1576,150.30884582583911,119.65280650657175,41.12882087855152,rainy,1,1,other,46,881
1488,113.99368434547166,141.38275841174953,73.1569260994502,dry,3,16,fulani,62,670
1738,128.90001927784692,112.91826261711563,65.254218214833,dry,1,18,noiler,62,1091
952,124.31212520688503,140.0062235287015,67.04869304553341,dry,4,8,fulani,20,555
1514,128.66289345281365,71.60478503706959,56.41850606486046,rainy,1,11,other,49,898
472,102.58959471703457,184.76003591772997,56.385055454314994,rainy,3,4,sasso,36,374
1556,113.00854639518947,101.22915255752018,79.79156875146853,dry,2,15,fulani,92,622
1335,157.52214444447077,68.10094568607903,49.72608993040649,dry,3,20,shika_brown,53,591
1501,115.95627549785434,110.44831332873756,42.99749314271313,rainy,0,8,fulani,94,600
1031,116.25745855090778,78.64591753132495,33.81001897995816,dry,1,18,other,64,498
1328,101.58201846983512,112.70487136292695,70.52766653909165,dry,0,10,other,43,720
362,123.57936693873154,176.08299089891202,58.45407345828738,rainy,1,8,noiler,18,289
1968,159.7982102244343,137.76043878436784,68.44937075902553,rainy,1,9,noiler,34,1409
1408,127.03264811860561,78.0823181212093,77.70255136293612,rainy,3,0,fulani,49,618
737,146.33910350413836,132.8228901556791,72.609075015927,dry,3,4,noiler,74,374
700,108.04091370703844,64.02957468386745,67.75686278368096,rainy,1,10,noiler,55,512
1629,135.39506121127798,114.91416631396253,51.873746101186455,rainy,1,19,fulani,55,855
1804,147.0191807644686,115.51598952497783,61.10433501139367,rainy,0,4,other,21,993
1084,115.4946632979375,124.27900587335658,79.00162876427385,rainy,1,12,noiler,60,722
410,107.73278331463895,77.92641745408814,37.595134675614716,dry,3,7,sasso,73,239
966,140.05346431126162,84.12478196822818,39.61445094043354,rainy,4,4,shika_brown,59,630
833,105.32215202542334,76.88902195408411,53.03893840163629,dry,1,16,shika_brown,62,470
346,137.67402336945446,71.44626447284207,73.67893120533887,rainy,4,16,shika_brown,53,245
1580,105.07102046084091,143.61893151576027,79.31284979334076,rainy,1,22,shika_brown,43,1134
1049,144.97697392051523,64.26610138270318,73.36074905373616,dry,2,18,fulani,45,508
1013,133.83790552113018,177.69939802291037,34.46021643560281,dry,3,24,fulani,30,608
366,138.92937041749457,127.14149424559503,59.209974235708465,dry,1,14,fulani,59,187
724,120.24681003231508,185.95063560030172,60.37776111467864,rainy,2,12,other,50,482
1673,111.19402144307834,99.91332361713859,38.66867976473774,rainy,0,22,noiler,48,924
1363,141.8176877419853,199.6157748675752,74.83051314870104,dry,3,10,sasso,96,656
803,143.37376579730653,174.92060624146936,65.92286354182768,rainy,1,18,other,61,484
1968,111.2226249134514,105.31509309659411,51.271821930820835,rainy,3,16,sasso,64,1295
1873,134.87429328535674,81.61078013838832,54.05700509274087,rainy,2,0,shika_brown,27,1183
560,103.80249822836606,198.59443253459233,46.11769224873615,dry,3,0,other,90,224
1873,124.71045484883611,108.84155731601933,76.4764572123913,dry,3,11,shika_brown,95,916
675,159.45576858744343,88.70025340745322,48.96142924819002,rainy,3,7,noiler,31,491
1488,148.8744832138829,153.127610897468,56.153271238455964,dry,0,12,shika_brown,35,859
595,127.11691607794236,159.92954367974562,74.98337226460865,rainy,0,22,fulani,42,286
1120,154.38832665787282,147.3933194279589,35.8449020354182,dry,2,6,noiler,89,448
853,108.35632435980324,171.16352649784142,61.00363779642568,dry,2,3,other,55,498
1734,144.6367775543606,64.69454086300911,58.49448424356582,dry,4,9,fulani,55,791
1482,122.72929393341494,123.98003069943496,60.19789360362563,rainy,4,7,other,46,1011
429,100.73218433908266,143.78197816873177,58.27541736614869,dry,2,4,sasso,28,292
1577,154.50703368001768,141.67485126725688,50.042570838181994,rainy,1,13,noiler,29,1082
1939,152.3274345366491,190.49655954770574,58.25665917946044,dry,4,23,other,89,776
426,109.15234257485568,140.68037042335385,60.3357523191428,dry,2,13,fulani,28,231
1728,109.93123062203739,86.0849231291769,71.8745394501246,rainy,2,7,other,64,902
1268,144.65497911059734,88.78117317258925,69.38949443572463,dry,0,2,sasso,42,626
646,127.13307645338843,91.44467521159747,52.621975806634666,rainy,0,6,sasso,87,260
1824,154.890754064086,110.73514587632863,59.029417513902175,dry,1,17,other,66,730
775,132.10418313601951,85.82480199863986,44.97979558832385,dry,4,22,noiler,73,430
1022,120.96321994295998,125.5524559817931,61.24879935255261,rainy,2,17,fulani,95,463
801,126.44576481629369,116.10682852254564,57.982016565410895,rainy,3,0,other,72,425
1966,122.39855897678518,97.90425424009753,62.19997716195079,dry,0,22,sasso,49,1111
1132,133.10335571556038,95.5443989660626,39.80565498467264,rainy,4,7,fulani,84,525
1374,139.16476647111247,93.34558934654171,34.97206963796726,dry,2,15,sasso,54,825
1122,153.78014911126718,61.820269291503045,34.2754265427234,rainy,4,18,other,36,573
1871,138.5755338168552,158.5524589193913,75.5312001770152,rainy,3,10,shika_brown,19,1364
1855,137.44893447094805,117.31763130677366,57.60235904259901,dry,4,11,noiler,41,1300
892,152.10807855387478,128.24036775493192,74.72761134470457,dry,0,17,noiler,98,357
536,124.15300261581883,90.52323504917211,62.25270838846647,dry,3,12,shika_brown,54,324
374,149.35503255470044,134.15263501171137,70.75272142012285,rainy,1,16,other,42,255
1952,100.65974971950882,79.16398820963302,75.00093209240526,dry,2,7,shika_brown,29,1159
1120,110.52227671740698,188.01767242949438,50.93852624460365,dry,1,13,shika_brown,71,610
1615,146.25915553212872,69.55495874957282,71.85394953515147,rainy,3,16,noiler,56,1010
1043,133.98427841781384,126.64705630787395,63.18355826813241,dry,4,23,fulani,53,505
1567,103.08554880905503,129.4912746081731,59.84214244584446,dry,0,1,other,90,627
1012,121.09240966805314,117.79109708494532,65.24627748444766,dry,1,24,noiler,20,745
1116,108.20911785513769,193.03322953491235,52.30028864789779,rainy,3,15,noiler,25,922
960,145.54215073233098,161.3744660982394,61.86157898947434,dry,0,17,fulani,29,455
1280,128.39260708488,103.79967991078226,36.02612893932322,rainy,0,18,shika_brown,76,621
1026,147.72051027754583,164.30903673683085,32.74413073232375,rainy,1,9,fulani,31,510
487,128.8637130306452,183.89976991325935,56.51325663174501,dry,3,6,fulani,21,281
1672,139.69931050483248,163.2998073669135,56.00840549393659,rainy,1,11,shika_brown,72,1030
550,152.48210036105195,134.05119876380968,76.95338492564481,rainy,2,6,sasso,46,359
1257,105.31260463681708,65.26354824887652,53.98906634282524,dry,3,14,fulani,27,633
639,144.2549380953335,93.42880040756233,35.52370565656973,dry,1,3,shika_brown,79,281
592,102.52559137818172,62.502350862677936,79.38611948680158,rainy,0,24,sasso,29,395
1106,152.74709845372988,192.26248312079744,53.37007556249348,rainy,1,24,sasso,21,733
1894,124.09481418552924,177.29560293965437,41.52845979025095,rainy,4,13,shika_brown,74,1115
558,149.57234174763795,172.10775619818253,61.48889614980766,rainy,0,8,noiler,37,352
1896,115.61400207709164,132.13470940406162,54.55931704343133,rainy,2,2,other,90,758
934,107.77089527696825,184.4247311816568,77.78257491148767,dry,1,8,fulani,22,463
1718,105.21920559468461,117.18344982989782,48.6344258506157,dry,2,4,shika_brown,35,1093
892,103.6910215743541,183.60687767924458,55.80395102218083,rainy,1,2,shika_brown,57,590
1612,152.7177991813095,171.63964302496993,62.922591732921276,rainy,2,15,fulani,30,921
1493,106.35004562971504,157.85870332554228,39.461076989250294,rainy,2,12,shika_brown,48,1161
834,100.30871024528288,174.792568437134,41.43125807624617,rainy,1,3,shika_brown,95,412
1547,105.04589346807907,105.700700710461,57.992215615441474,dry,1,23,other,52,870
1307,106.4188383296175,166.54390635028392,57.063328933805515,dry,1,14,other,39,827
1565,156.8378732953803,83.29286217051813,68.54921462660678,rainy,1,21,fulani,39,769
773,104.48166506547125,179.33805228781068,79.50741863753235,rainy,4,11,sasso,69,510
869,100.061768790738,82.25135965874591,53.42697083842921,dry,0,2,other,56,392
1594,147.68857292499575,157.11551160940843,41.03848063943802,dry,3,21,noiler,44,1003
869,153.64595222074806,92.19364482475206,40.655235201254165,dry,0,24,sasso,35,463
1594,128.29194760615076,136.05259281059415,37.962286913963226,rainy,0,20,noiler,63,906
648,107.87469266094325,64.55366512877526,76.04239239078434,rainy,3,13,fulani,95,276
754,107.51114753215303,155.979140212056,51.51529474497313,dry,0,21,other,19,391
1020,100.69723239448604,70.14256429123824,49.62467782033424,dry,2,12,fulani,50,528
401,154.4691191790784,161.39994313769768,67.45808195506416,rainy,0,11,fulani,63,160
1409,112.62097479513211,108.44231947027754,68.79023678964779,dry,3,0,shika_brown,50,723
888,104.71470982930124,115.56925866822345,36.63578770215302,rainy,1,13,shika_brown,32,659
1628,157.0929984613196,77.39079534192831,74.81106513425192,rainy,0,6,fulani,93,651
1587,156.84102775786232,147.54265242995268,69.17113629708074,rainy,2,6,noiler,97,838
709,128.8542298869391,65.70557485294619,38.19997404947486,dry,2,17,sasso,29,521
1208,128.75673571457725,146.203883071914,46.45087189073311,dry,3,12,other,70,620
1917,101.25166835749229,151.45682269322623,46.61573126775545,dry,0,2,sasso,91,891
1054,140.81369454587747,70.10777725708462,31.532625110290304,rainy,3,16,other,48,659
1104,120.75609955281777,111.94542681784438,79.3824781868029,dry,1,16,noiler,53,693
1573,143.5154596249082,128.1336517994584,73.67116190408302,dry,3,5,shika_brown,75,832
1210,114.14752563755259,168.6400289849601,50.26550915428717,dry,1,11,shika_brown,54,823
1136,104.14796717119717,121.20315443435572,34.86966962767761,rainy,0,19,shika_brown,87,471
327,115.48800596206766,151.9431330357809,46.259503211234744,dry,3,23,sasso,62,218
1218,127.22737248301836,93.04706486850495,33.67483736650063,dry,1,9,sasso,18,852
1271,142.40663301312674,83.38586710613298,38.380960814415886,rainy,2,4,other,93,512
464,146.90741979070177,158.7539831757085,52.318432325629274,rainy,3,19,shika_brown,95,245
1343,103.10181023449162,149.60041535716792,41.235058848634,rainy,4,4,fulani,68,627
1529,141.29247195199574,115.63305838501614,53.99485407960366,rainy,2,1,fulani,67,671
1507,130.93576171475502,128.43852123596884,63.34321287730522,dry,4,19,shika_brown,25,1081
1664,105.6340429473651,154.16429655151768,52.187510965228554,rainy,1,0,shika_brown,60,931
1468,149.85263148050234,181.04523703370512,68.42596822618955,rainy,0,13,sasso,50,960
1324,112.94050914386303,152.243965832572,49.69322028270793,rainy,0,1,shika_brown,81,612
884,105.42890171722304,100.41598337428934,35.45548158828748,dry,4,5,sasso,36,610
1777,154.08253897530665,182.90476226578585,45.85978583826993,rainy,2,0,fulani,32,899
442,141.72803240139172,114.3981341778484,52.43468113112653,rainy,0,2,sasso,28,316
1166,110.10666310856318,149.96063565260653,67.9672163961433,rainy,2,20,shika_brown,89,572
928,148.82597729917518,75.2485678585424,37.449592798509734,dry,4,14,sasso,32,662
342,145.8929956925277,173.8180034202531,65.90615381132471,rainy,2,12,other,40,242
1440,153.88183293699922,94.08752152068189,76.35172723981533,rainy,3,20,other,36,792
1657,129.15230555117955,95.94871948087112,44.24364509809614,rainy,4,14,sasso,52,1117
969,142.9690404533916,98.16736010269473,50.67745507626758,rainy,2,6,sasso,91,542
1362,131.5098030200236,159.26647664114057,35.34384615473719,dry,4,9,sasso,85,706
858,157.08420053239942,144.22565482048637,70.95944297133951,dry,3,8,shika_brown,26,463
309,110.48640656964263,110.50815267548398,75.29455523938802,dry,0,4,sasso,67,156
1490,140.05299395748824,73.37494393685354,61.19296623382865,rainy,1,4,fulani,50,771
930,132.12148611055966,84.9824351318881,45.6135893024398,rainy,3,6,noiler,27,782
740,129.80601153155015,198.28997283008422,36.821987627836656,rainy,1,2,shika_brown,56,455
758,159.4753596221313,77.97520052357754,35.20548246920832,dry,1,6,other,53,338
1393,121.29977834991624,69.71933798445308,55.952989545413516,dry,3,4,sasso,44,844
459,132.40071487627063,183.21107225860416,62.54386845235971,dry,3,2,shika_brown,61,283
653,126.78114107185853,106.69973692610806,59.02375033583373,dry,3,4,other,48,427
1626,112.05602131954339,135.01587582623137,34.83382248233598,rainy,3,16,sasso,25,1232
1427,101.20158135554946,163.20523150101405,68.42999023942542,rainy,0,20,sasso,87,630
705,105.347465926961,165.73785886955312,36.38567418176174,dry,3,5,sasso,31,489
1048,121.60818444829114,72.2699845469374,76.84789115155314,rainy,0,10,noiler,69,527
1730,156.543221146134,182.2671326413387,38.08821056760548,dry,2,14,sasso,29,1064
1539,131.94887155356557,160.99908942602244,37.06390246377529,rainy,3,13,fulani,32,1013
1728,101.37362949856721,81.53076095352435,41.18072172481556,dry,3,17,shika_brown,42,1044
1612,155.36543143080365,128.18866863465104,60.31264688754887,dry,4,19,noiler,58,1006
1201,108.78243952973494,111.45481912081439,33.40861546927468,dry,3,24,sasso,62,730
1931,135.6574450337065,191.10288434371247,73.80525962990212,rainy,3,5,other,60,1141
553,136.1531898305719,111.07175068023412,49.32304205795735,rainy,2,1,shika_brown,19,421
1379,117.84130289421033,120.24720485124897,38.53323792749992,rainy,0,13,noiler,24,956
1403,141.49708333415916,146.52723440020605,61.65948130067321,dry,0,4,sasso,69,701
721,125.56500303342229,78.29945274362792,74.33021076202334,dry,4,2,noiler,31,492
754,144.01686283368412,167.70268510978758,30.55156322143236,dry,2,20,other,27,415
1200,112.91211232103424,61.69690845014506,42.06007287997707,rainy,4,17,other,62,683
971,129.27124263558176,75.3630678148505,57.39797444868465,rainy,4,19,other,43,677
1550,122.55329710874616,115.22667899980495,52.97233842029933,rainy,1,12,fulani,81,620
316,139.52152877244663,191.99635979785666,70.4441730818164,dry,4,0,shika_brown,75,155
1607,138.23208860849684,152.30954910880956,74.75588703532682,dry,0,14,fulani,77,643
1155,152.94756642736598,74.79708718687837,79.41376355000656,rainy,4,7,other,89,462
1944,148.12783348765527,74.75145475339284,31.77854335177742,dry,4,7,shika_brown,48,967
665,159.49530453221644,195.90499407389382,77.11576948365965,rainy,3,18,noiler,75,351
1675,104.12276995109606,119.40156402388433,34.130883172963436,dry,3,16,fulani,90,670
1261,140.0410238827857,61.459877915636426,42.77067423426098,dry,0,8,fulani,79,504
1999,117.56932220205789,197.1958461102391,60.09407948181611,rainy,3,1,noiler,27,1566
1082,106.64847773078843,143.79442059581118,34.75058494961523,dry,2,13,sasso,39,782
1495,111.84822939159623,184.16948602929773,62.2905406327603,rainy,1,22,fulani,29,922
1556,132.6409947509651,149.04990692217552,41.053168572686424,dry,3,10,noiler,39,1261
1069,107.90372640727371,161.63718739794137,70.88926649284726,rainy,2,22,sasso,94,626
577,132.5342323295109,142.64867666422822,55.418027345814,rainy,2,22,other,47,402
1451,126.02803073528631,82.51874435408448,57.902116257448355,dry,0,11,other,20,772
748,116.67412583493207,87.15354141748848,73.99082429709694,dry,2,24,shika_brown,38,545
1222,141.2730465927949,112.53638662197329,56.93478336715195,dry,1,21,sasso,98,661
1337,144.9727290681333,166.21469461554068,63.91894114275709,dry,2,22,noiler,75,701
1343,146.82398656883646,90.40927367676947,36.89114495796177,dry,4,21,other,91,537
337,110.01310707129225,85.38469918957074,49.383679737519714,rainy,3,13,noiler,97,208
1065,129.19585973462517,143.91165519281074,60.10728220262405,dry,3,18,fulani,80,426
510,103.51305575463876,106.7933646174485,69.24484885557338,dry,4,3,noiler,65,291
412,126.04116197043251,72.40406015514641,41.03059763556056,rainy,3,14,noiler,74,263
1319,117.9666106295132,84.28721039723402,61.87766322351149,dry,2,14,sasso,92,654
437,120.07067732451593,63.66753919448907,31.20958819456776,dry,4,5,fulani,68,175
1056,103.3681662049726,179.3819227825996,41.27706649628663,rainy,4,4,sasso,66,707
655,108.00879834495663,71.28421192599745,66.39696534868827,dry,2,0,fulani,87,262
1108,109.53449006016122,145.43152092686978,36.76770411388428,rainy,3,23,fulani,53,594
569,114.97277199097036,98.07296165800834,67.96991312089818,dry,0,12,sasso,90,238
1551,102.01681601099696,68.77144848374964,75.32187266722055,rainy,4,3,shika_brown,50,935
1722,101.30940380652937,152.93055606458248,78.16972171067752,rainy,4,9,shika_brown,31,1254
1636,129.66886787770557,197.13711765344596,37.24825361899085,rainy,1,4,fulani,36,981
744,106.845747093276,81.17455602289084,41.26584649756175,dry,0,6,fulani,98,298
1987,106.88613231215305,180.41955706892088,66.14071516042418,rainy,0,16,shika_brown,87,962
1141,109.94647240979654,192.3977405800395,72.4987685740331,dry,1,1,noiler,56,654
1409,117.4352535883813,170.1758188884733,35.59679635107652,rainy,1,2,noiler,80,690
576,109.88238120593775,106.23010908200965,67.83757528443175,dry,4,14,sasso,31,431
1704,127.07436065085929,197.89855185972252,68.60062381549952,rainy,1,24,noiler,89,950
526,106.32842199739784,151.9492146614012,71.10515803001127,dry,2,18,other,68,246
1078,112.22598754766135,133.26614836726378,44.356897904228774,dry,0,3,other,89,431
537,131.9817320347684,82.11367519694872,64.79495590844013,dry,1,6,noiler,20,413
582,116.61426924266854,197.69300618013108,37.03557640243792,rainy,4,15,noiler,21,469
1452,125.06565875650598,197.7754446651097,63.395999940181355,rainy,1,3,sasso,76,901
546,107.78958693710305,156.16053967450407,34.65152432300136,dry,0,19,shika_brown,43,318
1000,120.2104301116662,101.50856937966414,75.91039998113877,dry,2,11,fulani,28,541
1773,149.2982138626283,124.29712760424995,47.88991326627209,dry,2,11,sasso,47,1107
1541,106.038248711412,93.58237578583226,37.09859948804969,rainy,2,14,shika_brown,75,799
1398,139.06885509290044,146.92999944698036,47.61874733048272,rainy,3,10,noiler,52,1075
547,104.17846888974435,84.48340120463432,72.78686294528931,dry,0,7,noiler,21,327
741,130.7592851887032,102.74349473754238,40.632218818554804,rainy,0,20,other,63,389
1724,145.96388659211817,170.38262805546182,63.249245173799764,dry,2,0,noiler,40,1063
1766,106.65936815280887,122.58777613289956,53.01791356009632,dry,4,7,noiler,36,1210
1155,101.63050096545065,195.27407749895175,36.37269797114345,rainy,2,13,noiler,20,930
1749,141.95892250757223,177.52452733010736,79.08993466303139,dry,0,22,fulani,36,805
1235,115.798947025192,66.45729900700273,58.35853899596928,dry,0,13,noiler,70,644
1300,117.99514669041908,164.04704782242447,32.40714179891767,dry,3,7,shika_brown,58,815
731,102.080216003589,141.59295691168853,79.7718758095655,dry,4,20,other,65,361
1599,113.2135180826389,128.37244805761142,66.87828745464134,rainy,4,8,sasso,52,1192
1754,104.9324238227069,187.49472112091954,53.22166181127714,rainy,0,18,shika_brown,69,1088
904,110.2349146934254,192.7351648240019,52.26230561423941,rainy,4,18,sasso,72,558
1729,147.20502010926623,195.90726890646962,43.133782129932584,dry,1,22,fulani,18,863
1907,138.04624188257986,69.93051025872828,42.71957904209235,rainy,4,11,shika_brown,44,1283
1772,127.0279180994691,126.21598845337142,61.12598478648726,dry,2,15,other,73,798
952,132.2204493010815,179.5790396710706,32.47484267468333,dry,2,19,sasso,56,607
617,123.80781082517899,66.21428810391961,43.89110363908672,dry,4,16,fulani,34,379
1155,131.89596787626584,183.1807748305624,58.73897771322076,rainy,4,10,noiler,28,968
300,123.39234117649265,162.18044323878698,74.11292780474238,rainy,4,12,sasso,78,173
1563,117.8036584662454,160.58009217462293,77.70165637925203,rainy,0,13,other,64,764
1149,115.40165369860276,153.14089427692772,70.01774395117033,dry,1,4,noiler,45,781
1235,145.0706828685051,69.94107303465577,34.00900070409517,rainy,0,6,shika_brown,80,545
1589,130.12921659771922,79.44198569551239,35.786880333935265,rainy,3,2,sasso,87,838
966,144.4588750164747,134.1988132096986,71.45088662727454,dry,1,16,fulani,29,508
1285,154.60807820692804,173.1231681869174,40.80256825058436,rainy,0,5,sasso,38,685
1761,151.11047421243686,116.54570098381733,33.880732236572044,rainy,4,5,shika_brown,47,1116
1774,127.00740167091593,141.09728953487377,67.96755128763066,rainy,2,15,shika_brown,74,1034
1441,142.33515175862948,156.37670258889915,48.72764435100606,dry,3,4,sasso,54,910
1471,120.38612962906707,132.41351344000645,48.94551390294072,rainy,2,14,noiler,28,1260
1116,106.07559487690953,178.5995285571299,56.55426724426214,dry,3,23,sasso,82,580
856,123.05240277914801,65.45944176048762,31.547789545967177,dry,2,9,noiler,67,482
561,145.37281683701062,124.19322124346469,44.46223859863272,rainy,1,4,shika_brown,52,375
500,159.04078979262786,100.3767612946244,78.05677427037965,dry,0,12,sasso,86,200
1488,128.67270688133453,134.51605436085666,38.416847795956514,rainy,2,22,noiler,20,1178
1886,110.63025551631193,131.0424912567639,63.869366075935844,rainy,3,10,sasso,18,1367
1927,134.97906556987616,199.95993258182796,37.526074583170676,dry,2,3,noiler,34,1344
1537,134.16264167093698,146.89246717544177,40.065605391121665,rainy,3,4,fulani,53,905
1982,107.94234274209835,143.0220300504837,59.95602925201626,dry,4,14,sasso,38,1415
1840,147.65263975296432,98.60745955518998,73.85452905090945,dry,0,18,noiler,43,1046
1627,105.62034524235462,165.64697102380285,54.59655500528645,rainy,1,3,noiler,50,1107
1014,155.12408263638264,110.71753219380275,66.28582316099745,rainy,2,17,sasso,68,636
1071,148.39536053957661,126.70767372896097,79.80614748197206,dry,3,12,fulani,98,428
1817,113.2447293071669,162.7641667625029,68.12981973470876,dry,4,21,noiler,84,792
1889,131.63357085038803,148.55617539521592,62.22351385605168,dry,1,8,noiler,73,1109
1486,159.8692513409187,154.75498184003538,71.42346497245586,rainy,2,0,sasso,42,880
1872,144.42856791721115,79.9990402221174,67.67139611284846,rainy,3,8,fulani,53,874
1858,129.25766858003266,70.87090685402471,50.37715155162154,dry,2,2,noiler,31,1213
487,134.62243986771466,157.68587865028013,30.304437411991955,rainy,2,5,shika_brown,57,311
621,104.37411012207421,116.40225956856919,44.76452470239717,dry,1,6,noiler,25,417
1538,155.75368321791123,116.7143772338593,75.30555010662485,rainy,4,6,fulani,34,753
1856,112.87768439552818,118.25699992995293,67.98057143498983,rainy,0,22,shika_brown,27,1183
1807,137.48703176736416,70.04861287171182,64.13086106117012,dry,1,13,sasso,70,928
1002,107.1972215814334,188.35083669832693,66.03275726415566,dry,1,17,shika_brown,92,534
1172,144.918714047572,104.46215133655633,30.006734650224267,dry,4,17,fulani,67,469
1239,144.4542433691243,104.27782096210295,35.094619403300676,rainy,2,18,fulani,44,668
1997,118.80087505510859,170.450546048641,74.59360724053673,rainy,2,16,sasso,68,1274
517,133.87774305983578,190.22393516137944,72.21243512029092,rainy,1,14,other,38,350
534,139.9831248146924,195.24665071801482,68.05188951253915,rainy,3,14,fulani,90,242
1975,159.96797489293783,74.6731290996601,54.92853997528546,rainy,3,8,noiler,64,1012
1819,112.53296344030983,111.61900392107134,48.49066279935883,dry,0,12,shika_brown,30,1125
948,139.44120893020772,126.11945258281744,74.00783689607425,rainy,3,12,other,51,598
1075,139.0983856286366,163.4036441385263,45.7813671881675,dry,3,20,sasso,71,637
1575,102.58041711201636,153.36133247712905,71.1654714910359,dry,1,20,sasso,64,919
352,141.28266663016083,93.86444369758044,75.55343513836918,dry,0,3,shika_brown,52,156
316,154.36395314118192,97.33452753267686,66.24282496575086,rainy,3,5,fulani,45,161
1083,146.3752889125669,132.98144667157945,78.80069116396068,rainy,4,9,noiler,64,664
1457,126.13045752833145,106.4939111550391,47.09018527460913,rainy,1,6,sasso,74,845
1961,134.23897743285607,139.53295172730142,63.15036730708879,rainy,3,14,noiler,90,1174
1282,146.82256741425883,124.1194062605,49.90026464772514,dry,2,8,other,45,744
1528,144.84666439580164,126.33337597571253,32.89222247235803,dry,0,22,other,73,611
1466,133.67761257690415,168.76992144581158,40.24906047634082,dry,3,6,shika_brown,74,806
325,150.8316663420149,104.12058547855746,43.81186624875765,rainy,4,7,sasso,45,240
863,120.24040846102142,161.49736378936734,56.94065045198095,rainy,0,13,shika_brown,43,593
304,129.83874677013836,92.23512889947204,32.22819117243396,rainy,1,5,noiler,32,235
1881,104.57435307841386,98.45853410670487,70.34827454419968,dry,1,13,other,20,1052
1289,151.8376948441006,127.38667271499308,74.88373363389783,dry,0,16,noiler,94,516
1815,157.637618530792,87.56959862347998,77.57149051809162,dry,2,24,sasso,28,1017
656,126.21975313993725,143.09853095303004,33.65407810135075,dry,1,5,sasso,46,427
749,158.0231608855621,114.99112861330806,72.7110953170434,dry,3,14,fulani,60,321
1362,146.8809304368644,194.42348986202435,68.17895344332862,rainy,3,8,other,91,613
1479,113.72060677621653,148.81091644203622,41.103793534666025,dry,1,22,noiler,39,1159
912,114.74844635836918,116.38701578471526,74.73213987888172,rainy,1,3,fulani,71,435
1822,129.680511375477,131.78083469376793,54.07746701379271,rainy,3,19,other,52,1129
1934,157.0557156701529,140.79716204536493,47.856057965025144,dry,4,19,other,70,879
413,154.13418420773428,182.8297857087364,78.71861193396288,rainy,1,10,fulani,22,192
1516,110.51330632634964,181.34784963084002,44.12393719885134,rainy,3,4,noiler,73,986
581,150.37957934252742,80.13400904407392,51.50514382649,rainy,1,7,other,38,407
761,146.8219301804129,126.68700266215383,54.87699260730511,dry,4,7,fulani,36,391
1817,104.26949711040596,69.66106296579429,77.03922602515539,rainy,0,2,noiler,57,918
488,143.60495345009178,168.3468710478931,47.63013029644291,dry,2,1,fulani,66,195
578,155.86059825311798,114.85535485969001,57.33502602783842,rainy,0,24,sasso,71,278
1649,103.27806520005834,196.2309428161266,41.3062665624836,dry,4,19,noiler,68,1050
719,144.5137796175229,178.77955307267348,51.13145985068046,dry,4,24,noiler,68,403
505,107.52138854754314,107.17506160044391,79.97719593595471,dry,4,21,other,89,204
1237,142.55924970835656,83.42498256014845,69.03158587127785,rainy,0,10,shika_brown,34,782
1883,117.79359473235584,160.0193829699739,67.95026412609656,dry,0,0,fulani,68,753
1411,109.54150022441567,85.22740557794071,34.91174960945403,dry,0,14,shika_brown,56,677
808,151.70145422724073,98.37002250790674,70.35354519333515,rainy,0,12,sasso,69,420
408,156.82544002651116,129.47622540353063,49.02588549349473,rainy,3,3,shika_brown,60,246
1742,100.68507900724441,158.51796914806715,78.51285548630285,rainy,3,23,noiler,46,1291
1491,103.10012329947767,130.67138376263392,65.9226973661275,dry,4,15,noiler,36,1151
1015,113.6036429397978,183.1077428247139,70.43949922817691,rainy,3,11,shika_brown,39,849
818,118.7717896513078,190.94159379634587,72.5340130302423,rainy,2,18,shika_brown,97,470
1447,111.21486643650769,62.77139216861561,49.53410554929696,rainy,2,11,fulani,23,871
1145,136.3302859969526,94.59841765259486,47.79273796296057,dry,0,18,other,83,458
858,122.88646248479868,197.48693518223476,69.243091147944,rainy,2,21,other,37,595
1013,154.88386689739022,61.6072923649129,52.50582632374055,dry,0,1,shika_brown,86,405
1735,124.21606014169548,163.30389787684487,65.22772140137226,rainy,0,16,sasso,88,807
1668,144.4096821256878,148.29806596222988,57.48031342653783,dry,1,10,noiler,46,1081
1818,157.08539325073394,101.62071064302671,34.60334930412377,dry,2,19,noiler,83,789
859,135.01341803948912,133.6058707382789,42.47621834191243,dry,4,3,fulani,43,492
565,136.73548904571066,89.83190121587315,76.95285479835935,rainy,2,23,sasso,47,412
1180,123.13681077193888,191.0773995178507,57.099503744488295,rainy,0,9,sasso,90,642
1560,137.03494125092354,163.51715217638366,40.73339319862684,dry,0,9,shika_brown,44,892
1830,105.05807887668102,173.00650463076633,73.06598129075454,dry,4,8,noiler,43,1289
1214,135.36723936908183,145.86083588423307,61.88441234479677,dry,1,19,other,57,717
1434,144.32338904359398,61.92437756158834,42.41881301849001,rainy,4,10,shika_brown,57,887
502,127.53643099580921,162.58268647006312,60.33658623587182,rainy,1,15,shika_brown,99,284
1766,116.99828574549583,170.14773046999784,49.87240784495458,dry,0,22,noiler,25,1165
990,146.2445518543331,119.84939104994629,40.310870254206996,rainy,0,6,fulani,77,396
948,102.10047488840834,170.2322683007148,50.56697332495719,dry,2,5,shika_brown,57,571
719,132.10153027593597,80.21426849871341,69.19936793446777,dry,1,21,noiler,75,390
1121,101.69867646416007,89.40410893227943,44.05190406905142,rainy,1,24,fulani,55,585
1664,109.62775685627358,69.86887239004025,39.28233524506215,rainy,1,6,noiler,64,953
368,100.47786428472706,189.4385477527527,52.165325475858765,dry,0,20,other,80,147
351,152.35814815281012,175.936356060888,40.80300581223832,rainy,4,3,shika_brown,66,204
396,119.11653776581643,186.49818208055424,33.882038799439066,rainy,2,6,fulani,22,236
1749,153.06259282137827,108.26939881017057,53.092174063755515,dry,0,21,fulani,46,700
971,141.63697543060943,92.14374250555562,35.877565007510995,rainy,4,1,other,23,565
919,130.89600099479557,82.59079214775372,34.177716875534486,rainy,2,9,noiler,95,518
414,113.34167828489022,132.69143990922873,60.38763415478263,dry,2,21,sasso,41,297
1907,159.17480031708408,118.06301577544593,67.69325369184625,rainy,2,2,shika_brown,57,973
1245,119.65312991080795,136.53593571390041,58.77046936430742,rainy,4,15,fulani,81,576
1640,120.23239453394513,79.99787507400646,64.60368235121845,rainy,4,4,shika_brown,66,997
1426,125.15629966996133,62.53736574640216,69.63790567864064,rainy,2,2,other,49,853
1093,115.1963430113629,61.39702873218291,66.17218311774559,dry,0,24,fulani,68,437
1736,111.00653178420608,179.6963627386064,74.12799383861736,rainy,2,20,fulani,35,982
734,116.85291791117463,89.11389030051458,32.09927144547941,dry,3,14,fulani,53,364
1372,104.44632535449202,112.56564998531005,70.19072725967234,rainy,3,9,other,84,703
302,121.03123205716972,112.15465832633711,33.43568388619805,dry,3,19,noiler,47,215
860,122.39446938275402,148.47841525546647,34.76858011365293,dry,0,3,fulani,75,344
1691,145.1048195437504,172.42029007409718,55.90040332023124,rainy,2,4,noiler,81,886
1415,111.69851199401735,184.65733241070598,67.49888992260354,rainy,2,20,shika_brown,53,1103
789,134.72840527071642,148.53478540597422,37.82383580018003,dry,4,12,noiler,71,497
1363,135.98627889822987,180.6119190117651,73.43198199117128,dry,3,10,fulani,19,677
1501,122.96792586618326,175.0563325219503,62.97553843203851,dry,0,5,fulani,84,600
1452,131.72346514590615,175.62847902424426,53.15573569187558,dry,4,3,shika_brown,70,829
1274,149.29887597770627,124.61320986240496,79.16528284092337,dry,3,4,sasso,93,534
874,115.84026099756795,118.13373612676565,74.42320549614604,rainy,4,23,shika_brown,65,552
1201,125.73909591045343,88.14912128699231,55.71005200046696,rainy,4,6,other,35,788
1505,142.41027134683247,195.41690225369118,71.33260287303202,dry,2,9,noiler,52,1044
650,102.42104961158198,117.56681251924203,36.504033491447345,dry,2,20,noiler,71,336
1627,118.73178209305621,62.204007819394775,30.857489095759906,dry,1,16,sasso,49,941
506,130.6981430737046,60.748462519611024,76.9206871929072,rainy,4,9,noiler,42,405
318,126.53762832706812,159.03558000460987,49.46152358458943,dry,2,22,noiler,72,183
839,131.6606479733017,89.62902579978056,79.78155547494417,dry,1,3,fulani,59,384
587,127.28586055315967,154.4700823034375,63.876580694184234,dry,2,20,sasso,22,468
1666,141.45303859304937,157.59901282485328,62.43194783844078,dry,2,0,sasso,82,753
1242,127.17466421605664,192.82421532095952,33.03024538574549,dry,0,22,noiler,60,625
506,150.28929849931856,172.3935308754301,78.04600734644123,rainy,3,23,shika_brown,30,351
1041,138.55465661941804,70.9980963293218,67.0282361629755,dry,2,21,sasso,25,695
1352,125.40010864919185,71.83915293361329,60.34234777700696,dry,2,6,other,76,577
1504,148.0044059246121,183.8416610089663,36.26102797584157,rainy,3,4,shika_brown,98,747
1546,158.40295714988926,125.10133245369987,72.36939652856869,dry,3,6,other,29,809
1673,118.36308781136728,137.26279909896598,69.47047109567927,rainy,3,1,noiler,37,1249
349,116.11373004721855,74.13693495448655,38.37455445470539,rainy,3,2,other,57,206
491,117.9630024223209,92.55083890909637,36.48394891121177,rainy,3,16,sasso,30,391
335,112.63041637992058,173.26330964083468,37.346096179188535,dry,1,22,noiler,63,202
785,146.83336161323282,102.50735134013763,45.58449142575208,dry,3,22,fulani,82,314
1570,159.05406995406605,115.39911490033096,65.75932273901206,rainy,1,8,other,65,737
1722,111.95475726449884,66.29460182281716,36.31782406572553,rainy,0,8,sasso,99,722
1144,144.49848711016253,128.95966990546168,54.15904316568343,rainy,3,6,fulani,65,505
486,145.7468175204921,77.6402839009592,39.82096079360087,rainy,0,4,noiler,94,211
1316,130.77382333112857,181.74485154646885,50.138791661644994,dry,0,12,noiler,80,565
1774,113.12258801941499,85.5972891816344,71.28554757803334,dry,4,5,fulani,23,898
1529,115.16790664094638,191.4452944057785,74.69926025234804,dry,0,4,sasso,58,806
1919,114.9801371644138,96.85462851252157,30.03266953806498,rainy,1,17,fulani,37,898
799,145.01594583633053,81.28679943942885,52.91617972937877,rainy,4,16,shika_brown,89,407
1797,147.1487587281024,142.59270359225323,30.321760574839786,dry,0,15,shika_brown,99,719
1834,135.81464143279936,199.9380784550614,68.47244470410234,rainy,1,12,noiler,38,1527
1790,136.90774843247198,187.48480041001903,55.49270047752289,rainy,4,22,sasso,47,1396
716,151.1789197198355,189.97369078908304,79.81991468395277,dry,2,10,shika_brown,97,290
1252,111.34834600137907,189.1314478538144,64.7812326177029,rainy,1,18,noiler,60,905
1162,146.36628517990476,93.1706654869308,63.86965649444364,rainy,1,5,other,81,473
526,125.11493713188935,100.95229956667528,46.61027854736608,dry,2,6,sasso,34,384
1329,140.70999809755827,104.45695803606239,72.40546175078151,rainy,4,18,sasso,85,752
1999,157.80161922676228,61.43982943099688,65.80249866210723,rainy,3,22,sasso,75,906
551,120.3983118275949,71.05151641251777,52.13990682718688,rainy,1,17,fulani,80,224
1222,105.5416316866827,82.79073848887211,59.76064170634373,dry,4,24,shika_brown,84,567
1573,100.30159315658818,68.41349745294382,75.2383170840059,dry,1,18,noiler,41,998
763,147.052370461916,124.7347647677557,73.24813025576009,dry,1,14,shika_brown,67,415
1151,145.44786672704305,101.31012889700331,44.942856762951536,dry,0,21,fulani,83,460
1284,151.78813226414434,175.14925090063178,38.667152648764045,rainy,0,19,other,32,648
549,108.22536748472538,162.74363831235578,61.611907543393045,dry,0,4,fulani,64,220
960,149.25886103794846,139.32473624676481,62.85152491170537,rainy,1,9,fulani,69,422
1308,104.96404237742024,95.55128806931747,68.99941634552721,dry,4,20,other,73,617
1520,104.03405080543367,143.27863313026734,66.94333385665163,dry,2,10,sasso,93,738
1925,147.36953790544314,164.742515694276,58.0627839037462,rainy,3,8,shika_brown,73,1040
1887,101.63500071704891,133.3021079310034,40.91299363468647,rainy,0,0,fulani,80,755
1813,121.55252481896142,175.29731172565465,71.03480803833897,dry,2,12,fulani,34,962
465,128.0015872530645,127.49849384877787,72.04543552014536,dry,4,14,other,44,293
568,127.54744139720086,102.4600247188996,76.6277439209656,dry,4,21,shika_brown,66,354
1328,118.70812821734611,94.96810274251277,62.70800771430492,dry,1,3,fulani,31,619
1785,104.10702715396101,118.47337941437927,35.81792425822479,rainy,2,14,sasso,52,1199
1935,140.88118079448094,191.62564677529156,32.33929224858843,dry,4,16,noiler,67,1083
1388,126.64691478977994,165.00397769990678,56.58305118822415,dry,4,15,sasso,57,930
1513,109.37702257298658,90.81241476199412,55.91380882238232,dry,2,21,noiler,48,988
500,118.78300870378881,177.1097886865247,32.51072158452276,dry,2,6,shika_brown,74,249
1553,131.87764110105593,154.84132997196122,51.42289519243977,dry,1,10,other,40,972
752,100.48354620052719,192.0444752145799,41.85722329888556,dry,3,22,shika_brown,35,539
756,118.50809688936904,140.2259080866622,46.260559813810566,rainy,2,9,noiler,60,513
1724,141.8017066862049,105.4084130773078,41.69484657361018,rainy,4,21,noiler,39,1311
1058,115.95570703792713,198.64652253111078,31.288479938217556,dry,3,22,fulani,35,537
412,118.26955196493705,87.73337234084053,33.28460582448296,rainy,4,14,sasso,47,304
1571,125.08868728976798,166.0196169585701,74.89823234238943,rainy,1,22,fulani,42,947
1657,109.57749408593003,106.98725821690763,33.840372053464066,rainy,2,20,other,62,843
1193,152.10457143681606,189.70493171386588,50.98136914034052,dry,2,10,fulani,35,570
782,101.71914565465927,141.65533492375795,30.565126829451124,dry,2,14,shika_brown,93,384
941,103.71314210082852,134.95151176543118,58.30358232240825,dry,3,11,other,60,462
316,113.30691869153911,104.45764118173025,42.969420037159814,dry,4,15,sasso,45,230
1936,105.01149488080112,89.55763195812523,67.62341687932471,rainy,3,4,other,84,807
527,141.6283334180447,137.38673152470164,40.812526409326445,rainy,4,22,sasso,46,406
1487,124.46294623991352,77.57918100921519,38.56474789108352,dry,3,12,noiler,51,908
952,114.79119433827898,196.64457780402853,47.240880387308486,dry,3,14,sasso,90,486
881,152.5070826734828,170.6728714380343,37.05537970106755,dry,3,17,shika_brown,22,510
1215,139.38315156308602,134.92132671524905,34.10118426057355,dry,4,11,shika_brown,94,613
740,130.424945443616,149.3062624374146,79.25872775453374,dry,1,19,shika_brown,19,507
493,119.81708005012507,138.99245433583505,72.5287264007558,dry,4,10,fulani,28,300
1733,131.4160328291567,95.50177637949169,53.547502938625726,rainy,3,0,sasso,70,898
917,147.48781245337113,144.3457762984837,55.58192912595071,rainy,1,10,shika_brown,60,547
1419,113.57634580019118,156.92960286161798,41.66664113246633,rainy,0,21,shika_brown,64,796
720,139.02551492943186,89.72675640016477,36.100370678844456,dry,2,8,shika_brown,49,488
1747,107.58318534434002,63.89814706083788,61.13661411464166,rainy,1,15,sasso,56,1091
359,146.64732803094313,154.19859868839626,66.21272637495666,dry,2,1,fulani,95,144
912,134.61287207867252,138.94873934578732,55.01392676038802,dry,4,17,shika_brown,75,489
631,109.04124922005002,179.22320470259066,79.57267839213961,dry,4,3,fulani,50,310
593,117.74944584979217,60.155693187466234,43.59772796990993,rainy,4,3,other,95,309
1009,141.07757165589797,186.37877146234985,71.86315035692544,rainy,3,16,fulani,71,499
408,153.65590709538483,150.28640674092983,44.41257885836843,dry,2,0,other,48,192
1678,121.39577055917233,95.62738642655643,30.64487348947627,rainy,4,19,noiler,22,1169
1732,123.04255830346602,153.2775006070654,79.44177656945823,rainy,0,7,fulani,61,723
907,110.61381704943904,198.22706220113642,52.20517784533093,rainy,1,15,noiler,37,786
357,128.58767627436396,104.56257325692863,54.451788765380996,dry,4,15,noiler,50,258
430,144.31035271063112,153.32639188311214,35.97809988760282,dry,4,19,fulani,56,203
1425,105.55002627633783,169.2487007836222,63.685086677107826,rainy,3,19,other,60,921
510,113.56199180731912,137.14713346129054,56.17817897649279,rainy,1,22,noiler,94,283
510,149.94503100461515,196.56622396396307,53.70821481359932,rainy,2,9,noiler,28,390
1105,131.39278329825248,98.05011225121808,49.95833972555098,dry,0,9,sasso,82,481
351,143.81330306543495,111.07514582909181,62.04827640493789,rainy,3,24,sasso,43,280
951,121.51729491721548,187.5874866110083,31.046705891336664,dry,0,12,fulani,71,380
1398,155.8385485811176,154.65470361400924,45.36194809238602,dry,0,22,other,40,608
1821,135.07258679556747,195.70505371978504,48.89196068635933,dry,4,18,fulani,53,896
1737,156.46289560230264,182.17171010464776,52.6043298405683,rainy,2,5,shika_brown,64,967
1504,126.52200525586741,150.75268563309845,33.07231450653938,rainy,0,9,fulani,99,602
1764,136.10840403672682,141.44313063896612,50.07308895445216,dry,0,0,sasso,70,706
1511,109.7596489063291,162.8111947089106,40.4415467747295,dry,3,0,shika_brown,90,614
1055,104.7568170778715,139.21907844385453,75.40092727108312,dry,3,15,noiler,64,606
1510,122.29279067919246,146.01600104038533,56.18317080273054,dry,1,15,fulani,21,811
1389,137.80558761169982,176.01140685656048,69.17347800246338,rainy,4,0,shika_brown,23,911
881,136.20005177272208,172.23580104678268,53.47593326728169,dry,4,24,shika_brown,50,606
1161,101.32396892093745,197.5529781158454,34.306606953184016,rainy,4,0,noiler,79,553
1440,126.3913383828301,150.1539211226659,49.047592251173754,dry,1,2,noiler,99,666
663,102.90176266292686,174.86826182723848,71.31704054750934,dry,3,16,shika_brown,39,458
1773,149.55593851300097,148.4042309616229,69.22027366063986,rainy,4,22,noiler,33,1313
523,113.22925836488496,147.5911105198187,58.58038247414719,rainy,4,22,other,59,330
1376,131.4040822553205,91.7481675447504,63.326098834651745,rainy,4,14,noiler,27,1072
1841,123.10615616938178,179.6728090318966,77.62076529983219,rainy,1,19,sasso,68,1066
896,101.54856357179091,137.46068954722,56.022470208264295,rainy,0,13,other,88,381
1751,102.73510947692013,192.4359245783839,72.10826883251906,dry,0,24,shika_brown,29,975
1668,107.61666482529836,77.25972910185256,55.9280844332867,rainy,3,24,noiler,23,1273
1853,155.68310501373088,72.75968952225486,44.29502668856012,rainy,3,24,sasso,68,934
1379,124.6473285999767,128.55017064448458,50.772150029604475,dry,3,0,sasso,63,729
1755,106.88521596483012,128.65719268597184,38.475204593302934,dry,1,14,shika_brown,83,834
1112,128.5053923720061,189.14079971185743,33.63674738893342,dry,0,22,noiler,36,690
1751,129.39222860306467,148.3004422288701,66.98414488815541,dry,2,17,sasso,72,990
998,122.32721291450193,133.06380594211203,33.39866499097018,dry,0,4,shika_brown,57,435
1666,134.11313533627674,68.28479006089586,61.64013053307534,rainy,3,12,sasso,72,1005
513,152.7760898027057,186.98587445810307,79.57663879136933,rainy,2,22,noiler,40,366
1981,134.53560571840492,82.60409676899361,53.58699187592195,rainy,2,12,sasso,99,1028
1411,144.53628353513722,63.52787327494975,47.74159277715813,dry,3,5,noiler,26,871
832,144.1015111713894,145.41510908507286,54.4088837655407,rainy,3,4,other,34,597
327,130.82247131291828,100.34583363433413,30.323217889485527,dry,2,24,other,55,174
1133,156.48845425036393,84.41729739560994,53.58247453752977,dry,2,17,fulani,52,460
1001,138.52519044114393,98.57511939971917,54.7260562560204,dry,2,1,fulani,33,553
1022,136.69878516339955,101.40465876330289,42.78718507741502,dry,2,0,shika_brown,97,453
1171,114.81142165574397,102.8981629091451,57.756689337659424,dry,4,5,fulani,65,547
1333,131.08464988242068,89.9592550177639,44.164220174628866,dry,4,8,sasso,80,634
1491,140.13259186244113,171.81180924992913,76.63764695301566,dry,2,24,sasso,86,850
1981,153.1548397298455,174.25106592806918,30.94727016871773,rainy,1,8,noiler,80,837
1689,103.4270298022266,79.26816281577058,30.046470843498053,rainy,4,9,other,53,1000
1397,154.70355261476655,65.64045240283589,55.61073538385258,dry,3,22,other,40,693
1992,118.203132617748,169.46472781956456,68.2929321942371,rainy,1,19,sasso,72,1241
1336,125.69103639203037,148.48268917914112,66.30556296723185,rainy,1,2,shika_brown,92,674
1185,118.79598859483661,149.0495788493116,49.91402745445272,dry,2,14,fulani,85,474
1870,150.7674526318139,85.59387439549162,77.81459407566807,rainy,2,16,fulani,33,958
410,116.04491670832647,173.73470138606112,34.12029859309741,dry,3,18,shika_brown,34,294
1478,147.10501943438544,98.31778407497194,75.59093143430458,dry,4,24,fulani,63,591
1475,113.87679569895732,94.09995762104847,45.302358311438574,dry,2,10,other,95,590
865,139.7388243238432,165.25552043393537,70.59731173189417,dry,2,6,fulani,18,462
968,144.51866377083917,154.88125376818488,42.61573680675765,rainy,2,21,other,24,662
1553,105.28912948819867,87.23490464358777,71.02760696278594,dry,4,0,shika_brown,80,702
1807,134.66967829068614,103.10237753841145,53.86000397089806,dry,4,15,noiler,64,1117
714,108.51965556112508,102.59386093580741,36.96234222970548,dry,1,21,shika_brown,96,367
1402,157.68499717852296,155.0827595647388,61.568798882168835,dry,2,14,other,78,587
1769,115.3383456277217,133.85891085991878,38.5798183532595,dry,4,22,other,42,1070
849,103.78779455247799,115.54570790377412,53.700313297422255,rainy,0,23,other,78,360
605,138.9248268337011,118.65576832913342,52.90143082919343,dry,1,3,other,56,339
1805,144.7817730587945,103.62004354151205,72.28267611386713,rainy,3,15,noiler,54,1167
564,133.22940643802355,131.81710897492704,44.06964910860815,dry,4,5,noiler,35,398
626,155.72847764127312,120.27501492782518,35.95703359980241,dry,4,17,noiler,60,356
405,106.63621593238965,64.98263231290669,79.71651513428574,dry,1,22,shika_brown,73,217
924,123.5086536770303,172.3362498231854,47.06222248788603,rainy,2,6,other,59,576
1505,100.59464172946922,168.92648290764788,53.03668001208369,rainy,1,9,shika_brown,82,824
1391,159.52813836871496,180.05428508526933,34.868344689561056,rainy,1,13,fulani,64,556
990,101.09650418341037,186.5789493609467,33.43243330739361,dry,0,21,fulani,41,429
1707,104.09119718592777,86.19739785747024,57.777478494281,rainy,3,2,other,39,1063
1866,120.35937013934267,159.24587578826424,79.6891987689086,dry,0,14,noiler,73,942
868,104.2321382555774,187.32013051602272,39.506438315935284,dry,4,5,other,82,372
360,128.97107646460628,89.71998983360278,35.77791883403159,dry,1,10,fulani,76,148
834,158.84762832487507,144.82966735799462,55.18541935420353,dry,4,3,noiler,19,500
784,149.7892758830371,151.66154878978202,50.56020336059271,rainy,4,5,noiler,35,565
1201,124.81099181739755,65.57360152240554,43.69940497349859,rainy,3,0,sasso,72,620
1453,145.81095062009274,75.21555551245689,79.06287886956383,rainy,4,2,noiler,46,902
845,127.01694902989155,134.35532948725387,67.28588331023937,dry,1,10,fulani,18,502
817,121.35746640823842,80.79094943011532,59.82335377067719,dry,4,16,fulani,91,344
1950,114.24899831016305,101.98566301923506,62.139753525315456,dry,0,14,noiler,45,1098
797,128.3509265691751,112.95143213406827,55.86467410761266,rainy,0,22,sasso,39,530
1835,141.40281330456696,104.25418361657587,32.787042679372085,rainy,2,20,fulani,62,765
908,105.38557003360943,187.51567705608414,30.30235215919892,rainy,3,23,fulani,85,377
1660,106.68926127032691,139.85732879650982,59.07821022189944,dry,2,20,other,35,1043
1212,111.72748002210399,83.27211068723221,75.82445755577571,dry,0,8,fulani,46,541
1034,100.23022873046806,130.2811476834855,59.15639117264347,rainy,2,11,fulani,94,442
1296,152.35755312915379,72.19530052460077,54.36922208360214,dry,1,13,sasso,66,554
637,149.76310900854247,86.64717651330666,75.86102959124314,rainy,0,11,fulani,93,255
1372,150.90830646437587,110.85574923461343,69.69675667259256,rainy,3,15,other,71,709
1452,103.07580755055989,116.26267797314352,63.68781148920449,dry,4,6,sasso,23,955
1556,113.14756388024806,75.798046205707,59.821697731282995,rainy,1,24,other,80,731
1262,158.03627142221785,160.1175027743643,77.85674162698982,dry,3,16,sasso,61,736
1193,126.80358812215843,77.28298121344972,40.299001793848085,dry,1,9,fulani,96,477
1528,139.79864257024013,177.4739578319456,57.53302296182821,dry,3,13,noiler,72,948
1935,125.09746666560915,103.31779128186221,76.8362277926745,dry,4,3,shika_brown,29,1219
479,148.94472283756727,143.62373296629966,49.6817760138721,rainy,2,5,sasso,44,364
442,125.82079194233202,83.16996845291179,65.33020644971089,rainy,0,14,noiler,87,209
828,131.08462991185365,164.72225073791634,71.82654453804517,dry,1,23,other,52,448
1077,155.809912171753,133.8623162581032,42.94521373965698,rainy,1,16,fulani,84,431
1257,148.69432026109288,127.51836001141609,32.86551550052434,dry,4,1,shika_brown,21,673
1335,145.73272349885062,142.84037564493605,39.60116845681723,rainy,2,24,sasso,90,740
1325,131.71939623935654,106.82195379653457,55.965634632115155,dry,4,19,sasso,93,715
1280,148.30701107897067,79.15832332208996,33.485971291686475,dry,0,0,shika_brown,55,512
1617,102.202776608984,126.46766084611117,46.81616971351667,rainy,1,5,fulani,68,732
565,140.36535917481544,107.21736544759169,38.9799890720048,rainy,0,17,sasso,74,330
1055,150.24835117712647,93.57479330892264,39.74791357493153,dry,0,19,shika_brown,49,534
1090,102.18766304953711,67.38415330271043,71.70820541042207,rainy,0,20,shika_brown,35,681
986,125.30275705155498,65.58915455892517,52.45392570674379,dry,4,21,shika_brown,89,460
1205,124.25449852642235,199.0571275001645,73.42785141247305,dry,3,0,other,57,544
1924,117.11234816082484,148.30785882416689,52.78247747199387,rainy,1,22,noiler,71,1136
1853,154.7680480244717,145.450821094542,57.320353710606604,rainy,2,2,shika_brown,75,874
1573,145.10624726097868,186.87269272091942,67.17175869780972,dry,4,4,sasso,19,1044
1474,134.9032916484086,167.2886098346513,50.32082682870093,rainy,4,4,noiler,91,892
1144,116.29302731064914,104.27011715886621,72.24854268200507,dry,3,2,sasso,87,505
325,156.65253030076644,199.37153552222128,52.51384052207953,rainy,4,16,noiler,57,205
760,107.82118780259593,88.49488234416549,68.45305665798621,dry,4,9,fulani,61,398
1307,102.24381942452784,130.75113591083016,50.15156556413683,dry,3,23,noiler,86,676
781,156.12366938006792,165.1992644543824,77.06671963934508,dry,1,13,noiler,59,454
370,142.0485050801044,167.14428193355408,76.47017419245769,dry,2,24,other,71,165
606,112.20927967331875,193.63753793845,75.92608013852589,dry,3,24,sasso,53,423
1632,110.8394524786782,192.67606478899916,40.93858542054399,rainy,1,8,sasso,58,1212
1578,126.67441006416571,163.93179119256945,41.41656261843055,dry,3,4,shika_brown,18,1046
667,157.23671274962658,181.17997081326703,58.86080365044751,dry,1,16,sasso,66,318
358,124.64389260946072,130.64922031684088,30.36765222772135,dry,2,10,shika_brown,72,190
1403,132.16932317516415,160.43078542509136,52.17816727492514,dry,3,3,noiler,66,868
887,132.98303530979865,118.40299905659829,73.88747024313125,rainy,1,22,other,96,412
1216,117.45261125389496,125.71695787849613,72.89288917587444,dry,4,17,sasso,69,747
318,128.2975819117157,91.84742451709559,38.30924998048746,dry,2,1,shika_brown,86,144
1620,110.74983509740905,184.75961285109133,53.017768656741346,dry,2,18,other,25,1043
1516,143.22740448776537,99.45550046136609,39.21506984750495,rainy,0,8,fulani,86,606
1494,101.62639914017399,169.69021036230725,30.525661227082676,dry,0,10,fulani,53,598
1701,115.05240830296663,131.3519031125265,75.44327031595017,rainy,1,20,sasso,97,890
1215,132.83828464688105,184.661732720152,43.13604717806514,rainy,1,14,fulani,36,776
1707,142.54009067958276,142.26777812611522,71.0295894662074,rainy,0,7,noiler,42,1146
354,104.46007653316428,76.15079218279854,73.48406616718313,dry,2,20,other,90,142
1148,137.5129675018863,191.26956919410628,63.985238928841696,dry,1,9,noiler,37,918
1342,143.989622688208,199.35901180956387,44.37555996918795,rainy,0,6,sasso,57,802
728,103.34241016691472,78.0913320143849,32.8870539733518,dry,4,8,sasso,68,397
1380,140.08019504458085,78.66575428796052,72.5922962919444,rainy,2,22,fulani,18,733
1658,101.73665900460202,93.55040989405794,31.619456888799753,dry,4,2,noiler,93,668
408,130.27017544329016,96.51889443469244,30.454351747560818,dry,3,21,shika_brown,63,238
1350,142.41737910960535,151.6085043514001,73.62599759146812,dry,3,7,shika_brown,88,605
810,134.872928649363,160.5435126584719,36.221094342594675,rainy,2,17,other,31,561
457,153.7333444524331,195.32711092545506,52.1719551418022,dry,1,10,sasso,55,264
1674,129.4611857601346,104.90270152361998,39.612895923404594,dry,3,11,shika_brown,83,755
885,131.3498085334353,149.74348006894965,69.31658276975202,rainy,0,18,sasso,51,582
613,116.69605964912617,115.35855783393293,64.35949982343382,dry,1,4,shika_brown,49,383
814,108.02668869963809,193.46300346153217,33.63327937905784,dry,4,15,fulani,24,456
1461,117.38367902429287,93.42524795204338,40.67714272451707,rainy,1,8,noiler,94,763
1022,108.35916894268279,181.27178428101473,73.57929414312034,rainy,2,3,fulani,57,511
1379,130.35554800878364,168.88190740949102,72.91614694394289,dry,4,5,fulani,53,744
1564,103.65433259411097,158.21913718441192,30.491377628489392,dry,1,19,sasso,60,890
1430,148.6976208666912,101.14834647069073,52.316317999328064,dry,4,19,other,58,745
992,134.13899165824736,134.40709447945494,52.898160724476774,rainy,4,2,noiler,22,863
416,134.15829906473212,148.44113856572176,55.93739235573547,dry,2,12,other,83,191
1393,110.90581586567166,130.57859786858137,46.14048967239252,dry,0,11,fulani,62,584
1414,137.26637949461218,102.25200782056172,74.98715392044357,dry,0,14,sasso,89,606
348,138.78444251368535,124.17088711968286,56.43536599420263,rainy,1,5,other,54,197
949,115.90679502490893,120.48147825025077,79.95247490518224,rainy,0,15,noiler,45,602
813,131.69135570538137,125.41653944105036,35.335590955117716,rainy,3,20,other,37,551
1637,137.2911234420429,90.78067389165676,52.241967967026476,rainy,4,5,other,70,840
523,142.62109004273992,75.75043827372845,66.79602031869744,rainy,4,18,sasso,20,432
1846,101.47866427817937,157.53645830224758,66.2663195367939,rainy,1,3,noiler,99,1053
422,138.8405280623855,77.96898972605727,62.509358322282665,rainy,0,24,noiler,84,211
425,142.08994608790996,124.30811178315389,32.75507675794155,dry,1,5,other,48,228
309,116.51020674928408,115.71444849330601,76.57394962983403,rainy,0,2,shika_brown,22,207
1304,141.97205545693143,102.97035021737256,32.85471689539719,rainy,2,15,fulani,33,696
1744,108.38154235617631,160.20302969751134,78.6396850828222,dry,2,20,shika_brown,71,916
657,150.33036020591624,182.79686547272033,42.1589990132113,rainy,4,7,noiler,80,389
1152,145.60209410819044,66.82728463383965,72.18643963551287,rainy,1,24,other,26,698
801,111.19540581239005,86.35250796766638,39.21243257863371,dry,0,7,other,97,320
913,102.94027869827642,140.1878387361724,70.97478426930262,rainy,0,8,fulani,94,367
1026,141.21648610021063,185.03592378514617,64.47085669356623,rainy,2,13,shika_brown,42,864
1396,151.5160064189499,194.78256174055946,61.41735587747222,dry,0,21,other,84,558
864,146.88772532528256,158.45881188254322,71.72291264280483,dry,4,19,sasso,82,442
1532,125.91936228780645,64.62167102604582,77.69683762632044,rainy,2,13,noiler,81,804
748,100.8788276363492,188.96014322531786,78.80430120997858,dry,2,16,noiler,71,411
1530,109.40562571909835,155.68011812201786,59.684230995436664,rainy,1,18,sasso,60,1060
306,152.7247914206158,87.53341253464302,77.36499997100336,dry,0,6,sasso,37,170
797,141.03850779490847,86.63191031481927,56.044289135033964,dry,2,15,sasso,72,455
1900,106.43334365250925,119.28748129490658,52.61833796032851,rainy,3,4,other,53,1057
367,155.42388375260657,175.0059753886667,47.703228117754705,rainy,1,21,shika_brown,38,243
1511,134.16983551111457,176.5347458382671,79.5812171480614,rainy,1,19,noiler,75,829
1170,107.90840979380076,184.18598422257466,43.751238624389885,rainy,2,4,shika_brown,33,890
569,126.26590329928771,103.4519244751368,68.10648102251622,dry,1,10,fulani,86,228
1112,114.35993719284151,147.3758788063916,53.70381320539288,dry,0,24,other,95,445
981,101.68729037667542,112.54498840822194,61.33766742711656,rainy,0,11,noiler,31,661
925,135.76261572865883,75.04307736804714,30.845639996080365,dry,1,19,shika_brown,74,429
1785,140.7332402313271,93.15166196386522,34.19812817233633,dry,3,4,other,48,867
856,157.86119404215918,82.92205410308394,44.97115624015533,dry,1,11,other,20,442
1204,120.53353148673428,197.3936667937792,61.484179762960146,rainy,2,12,sasso,52,889
610,103.26088590091942,62.59437270320666,37.18106890344081,dry,3,14,shika_brown,99,295
1429,142.51501274606952,162.46218322011012,38.69818529516694,rainy,1,4,noiler,30,1026
1838,128.47201375734645,174.24794599600528,51.60336425333089,rainy,3,16,shika_brown,93,1124
1677,125.0429765080284,80.20368611624741,34.67797034561678,dry,3,21,other,76,671
1949,120.7158731234232,84.18594587446938,61.09903950469371,dry,0,14,fulani,37,897
1142,145.74167282243036,80.14266175456922,30.430950129589014,dry,1,18,shika_brown,59,620
712,125.36119717944554,160.52954256812052,52.13468509837179,rainy,0,14,shika_brown,29,472
1264,134.69310287339738,143.66854158164605,66.94652276747361,dry,0,10,fulani,35,541
416,137.60815780389063,110.2239514760044,79.78225883371746,dry,0,16,shika_brown,23,237
1539,135.64818348865307,160.70208526351593,60.93734912288031,rainy,4,5,shika_brown,56,1140
1975,137.8926627205696,136.01166222850588,36.469030848335045,rainy,1,24,other,27,1229
378,128.0980354873831,179.43794406743314,76.67902280033447,dry,1,2,noiler,76,201
1137,121.52534572127642,148.3563839049129,65.74492190386442,dry,0,19,sasso,22,741
1927,136.86996761531157,184.94567315328163,33.931335549487905,dry,4,12,noiler,39,1395
655,159.759618946042,172.07505471774468,72.28210458122106,dry,3,9,fulani,60,262
1995,120.49422322189407,107.39096311956621,30.35459063871855,dry,2,7,shika_brown,46,1136
1518,139.00679340515282,163.88314326316643,31.57565215411058,rainy,2,21,shika_brown,35,1207
1060,106.94560277477947,178.18602541537143,36.96511693539571,rainy,3,3,sasso,62,679
1340,154.4656746190107,72.23835310195174,76.82466656551128,dry,3,1,other,26,536
972,116.41252174011622,115.9521202920055,79.14300589277101,dry,2,22,fulani,19,545
916,100.86237710666666,66.93176815832109,59.96792935679014,dry,4,19,other,37,528
1860,130.19322489151807,167.12083898057696,54.264531703085765,rainy,2,0,fulani,68,794
1072,152.3436738012889,145.83627346969382,37.86019417784771,rainy,2,11,other,39,677
767,130.11217186147022,123.6939631618832,67.67378027232402,dry,1,19,sasso,33,540
1821,115.64050946443561,101.565394397526,30.031375831422807,rainy,3,8,shika_brown,67,914
1309,141.80528889612427,73.529681783082,43.708201883615004,dry,0,9,shika_brown,66,640
445,151.9957413157302,143.10053561800171,36.3555245433512,dry,2,17,other,40,251
1476,111.50027912981646,126.43620902219787,48.0743574910906,dry,4,19,noiler,70,915
1682,120.45799380774908,172.76527962568213,46.930561455631626,rainy,1,8,fulani,49,1109
1030,154.5008326145806,144.6403754361539,56.38810326682238,rainy,3,9,shika_brown,28,698
1158,146.705704406884,83.87532684575163,52.36752745028129,rainy,2,15,sasso,52,796
527,116.6867300532282,85.82092668179709,54.875821343721675,rainy,3,24,shika_brown,26,425
1927,139.84198198667906,93.25840203948778,54.463963052580155,rainy,0,22,fulani,87,771
536,151.15255869253002,87.74749409903355,73.71990158541654,dry,1,23,noiler,46,345
917,116.05162181490054,132.6889764444844,41.71850453389378,dry,4,21,noiler,42,689
1360,142.1439232648359,152.24625292048,79.45626595543666,dry,1,21,noiler,47,883
352,106.60442561086343,113.6743009084798,71.85809820975129,rainy,3,22,noiler,29,311
976,145.37860581881765,135.55265044644133,33.87418132777413,dry,3,14,sasso,21,688
513,155.9915750229411,149.23634736929102,70.09129499377576,rainy,3,23,shika_brown,25,356
738,105.71493603837217,63.84587875181788,50.181294763494854,rainy,2,10,sasso,93,423
1234,103.77444856108144,86.22855078575044,31.623538584587415,rainy,1,10,noiler,65,720
1803,114.9386139496819,112.12299380022668,42.73318829449809,dry,0,24,noiler,52,1007
400,138.97257751621964,102.36724561002569,52.99908348390504,rainy,0,10,shika_brown,23,306
911,134.30073270098433,106.43209818478245,66.15285627301648,rainy,0,6,sasso,31,663
727,114.4638607514042,62.19742678347915,48.004981539105664,dry,2,17,other,41,457
1045,105.42513866749965,192.6999194155125,42.927863182012295,dry,1,23,shika_brown,70,608
1779,114.61170033397218,190.43229496626267,35.24178736029957,dry,1,24,other,24,1040
1513,122.75700350365267,66.61148270926567,38.82198852351752,dry,3,9,shika_brown,42,977
1330,129.5968496403136,60.55439202169998,55.05813657287452,rainy,1,19,noiler,28,909
1218,155.18755430676617,73.27888705544186,57.20630009815504,dry,0,15,noiler,99,487
1364,110.00724011102045,171.638877551833,66.00556667574729,dry,0,18,noiler,91,666
583,139.8094207077226,177.0807838343444,40.7731453637865,dry,2,21,noiler,99,274
1782,154.1816724095687,67.11947930901496,73.17784014991548,rainy,3,1,fulani,19,803
535,139.16368742663343,95.79327126645401,48.22832137599322,rainy,3,7,other,36,378
1803,145.73125067164494,159.905031276886,40.375574769243954,dry,4,16,fulani,59,765
1742,157.86593077407883,160.50188127727,79.6312774226435,dry,0,2,sasso,79,697
1241,143.4734745495291,103.61172186195805,69.14618071287862,dry,2,2,fulani,63,498
1542,100.81081853837095,110.80121437931447,60.05455836981514,rainy,0,0,sasso,97,617
1032,116.65136829414355,190.67783778328368,66.17672866655442,rainy,1,20,other,27,762
1976,132.74498078676615,110.31933575631439,34.07369488564709,dry,0,16,fulani,84,790
1206,128.00098934985186,67.37937057948146,31.87831147719903,rainy,3,6,other,95,486
355,145.746671316346,186.0437135404287,63.24089953581355,rainy,4,19,noiler,85,205
1403,152.09218454673874,117.97841204107377,64.8932197676072,dry,4,6,sasso,24,881
1173,126.8070205904927,122.65003469345996,77.75114598058343,dry,4,12,sasso,41,810
1751,114.41470110785824,125.77260500281542,52.773278600318086,dry,3,14,fulani,37,959
1346,156.13138136553144,187.70905997488552,40.46741996920494,rainy,4,12,other,71,677
1712,110.4202982172604,156.6239498846065,62.279793637490435,rainy,2,12,other,25,1293
636,159.43856423033074,98.90475763828584,54.90946495869896,dry,3,9,other,81,254
934,147.77714097656806,141.6294758191001,78.01090361914123,dry,2,23,other,48,527
1212,107.53693678937415,103.54098051392424,74.29610572217126,dry,0,6,shika_brown,96,485
523,116.1650733597743,184.2418367053483,36.86516875708022,dry,0,4,shika_brown,33,294
1055,143.28694942657432,191.7790500469517,74.08176745877054,dry,4,5,noiler,37,768
432,122.72045259836702,193.61918924495035,73.70844607410342,dry,2,19,noiler,95,238
1654,137.34255588839045,120.33830217200668,44.40822614419757,dry,1,17,shika_brown,79,921
322,154.39919781711993,86.773898070657,60.77144575164633,rainy,2,5,sasso,51,225
344,132.28726060238878,69.87700891938525,76.70164955653198,dry,1,10,noiler,79,177
986,155.4795165749348,132.3984648814893,35.85322064909313,dry,3,20,noiler,84,504
382,158.22631293304585,75.73403052081362,43.425245862641766,dry,2,6,fulani,29,179
1461,142.3591159630491,93.34932096658625,49.43373753354753,rainy,4,19,fulani,24,874
393,136.46113846304866,197.67421086448016,72.05536544694351,rainy,3,2,sasso,74,228
952,151.27092615464497,155.64457885357453,32.61664286503314,dry,0,11,shika_brown,88,384
1682,158.8456704633311,81.7969636858306,41.28322915260275,rainy,4,1,other,33,870
1746,103.99958978939837,199.79851292198802,31.240860572257457,rainy,4,4,shika_brown,58,1140
1992,103.68063246903208,160.03872845304187,61.17058656681323,dry,0,24,other,78,797
1927,131.14130161471334,197.09686079663228,64.81812162665153,rainy,2,5,shika_brown,27,1406
1656,129.0228299434428,101.24446661166385,42.93525351621433,rainy,2,16,other,53,970
1296,152.884619939395,143.11080191503052,60.39314120404902,dry,4,3,sasso,23,838
1808,120.46895954918098,164.65181588154675,57.488227563300995,rainy,3,16,other,63,1174
1467,149.5362054944209,68.40114696246165,48.81146891805955,dry,2,24,noiler,83,619
1985,124.61822331235973,125.89813992874862,32.45741951725885,dry,4,24,noiler,80,969
1692,144.93994104429743,98.12415560535159,35.875092010618665,dry,3,10,fulani,57,843
747,148.42642121917078,133.26007490203497,35.837395138439774,rainy,3,5,sasso,93,395
854,111.7215376509165,72.14480897019342,60.27222426526711,rainy,0,5,shika_brown,39,578
1402,130.1019499603855,161.56554358302282,35.66156116295627,rainy,2,9,fulani,77,711
601,110.30069170259301,173.09640325572713,64.64392138483261,dry,1,6,noiler,53,407
1469,156.87180651994413,69.70263084262481,52.82067198562122,rainy,4,8,shika_brown,77,624
685,145.38136328461806,171.17883864251814,54.729852638187936,rainy,2,14,other,27,441
893,119.23719439301361,84.96641173995029,41.96849181710232,dry,2,6,shika_brown,22,622
1718,133.5830461556988,110.26010753109692,70.41789112490369,rainy,3,22,other,85,866
1405,147.56155437096268,99.08017865112262,62.3182556061828,dry,4,10,sasso,72,677
1784,136.44830523451415,133.24212011283757,73.72375516418212,dry,0,16,noiler,68,864
1148,100.96747878233289,112.17199818518061,47.58549089794042,rainy,2,19,shika_brown,76,660
1209,124.91568625436923,99.69672152735066,44.19390907953566,dry,1,18,fulani,73,484
1148,134.27277506509103,164.35568347981553,48.94779549062538,rainy,1,13,fulani,18,735
884,116.02991575527939,94.2356620178019,41.366103553501375,rainy,3,8,fulani,39,546
1490,124.90643061129596,72.50758632086135,51.889073864981,rainy,4,15,fulani,54,754
786,149.65487304884212,119.87367201538368,59.80319655502976,dry,4,0,shika_brown,47,413
1686,156.00730631499113,108.24352340177605,38.04922158436874,dry,4,24,other,35,852
1064,114.28749059523993,191.38266965745706,38.554298342858104,rainy,0,2,fulani,27,496
1217,131.09912334575097,142.2286907740239,38.71053375356955,dry,0,8,shika_brown,80,505
1332,117.210798738832,99.26370906640776,37.98747301169721,dry,4,1,fulani,79,533
1989,117.23448087849044,131.5874725714586,70.33429273817899,dry,3,15,noiler,59,1209
1424,127.20497383745608,198.4991923148939,32.737249112979754,dry,0,6,other,82,570
1461,146.70035374405353,191.77005717689596,73.09401655591286,rainy,1,6,other,27,951
1388,106.39307483296678,156.37006748791208,42.98972080855802,dry,4,10,fulani,30,866
1291,127.8610149929285,120.6551305232639,69.98459310013956,rainy,0,9,other,94,590
614,110.77941795021076,73.96689807839793,32.72559449554296,rainy,3,15,fulani,19,356
1377,156.14495569147303,143.66584673054444,70.47137442314074,dry,1,1,noiler,91,551
1161,144.86203084078537,92.77437309588967,32.99625776605407,dry,1,15,sasso,18,729
1850,130.6915384485696,188.59301426203697,75.20568302397525,dry,2,14,noiler,28,1358
928,117.3303648686508,141.984583497531,59.567585202660474,dry,1,1,shika_brown,47,526
744,124.07515499222367,179.71097403575635,51.595926557291435,rainy,0,18,other,68,319
1052,106.43481000975076,131.14363288815485,66.77391941666238,rainy,2,6,shika_brown,73,636
322,142.90820660867053,104.09328866862631,45.31993991809789,rainy,3,12,noiler,58,224
1272,143.97030023634494,107.08313321792497,46.43021697399213,rainy,0,15,shika_brown,71,607
404,100.58676281834572,70.5172074216313,56.7830030864056,dry,1,14,noiler,31,304
1873,106.37671069423214,177.8776939281517,54.14273824914734,rainy,4,8,noiler,46,1470
717,129.00413419138025,75.62903011544863,35.770147965720405,dry,1,24,other,36,454
1011,102.26707039574077,150.07176150976647,43.125514524158284,rainy,0,3,fulani,31,516
1216,104.18144180380718,68.15045169054756,76.35020800507041,rainy,2,19,sasso,44,890
983,136.92087043771446,117.67251680571691,76.72053972856074,dry,2,20,sasso,85,552
1839,138.94923788985236,157.7298764964762,61.90699512581347,dry,1,12,sasso,75,1021
1598,103.2075227562891,122.3968506345445,32.46747818487106,dry,4,1,shika_brown,94,660
1192,100.28274553133447,70.13451575700344,44.518410624301026,dry,4,14,shika_brown,98,551
1547,154.50191562478489,73.03500191117462,53.40709709353679,dry,2,20,fulani,80,619
1569,123.98317305846565,193.5185077088391,62.105511751276055,rainy,3,22,fulani,62,736
1129,124.85962084121246,75.7340469051165,33.78151819172747,dry,0,21,sasso,92,452
1887,146.27458444199067,65.4338126936523,39.70643852229861,dry,0,7,fulani,63,755
372,150.5520705011081,102.44914712635449,51.47239485393513,rainy,4,19,other,32,255
609,155.71046511662672,141.16319609156807,63.351842856267695,rainy,1,16,fulani,74,244
1094,123.51988263334891,111.61840936055458,64.50129119703274,dry,4,14,noiler,93,548
628,148.35435055200648,99.15433991650204,39.57606610250741,rainy,2,20,fulani,30,381
1223,104.39834908682319,185.18550220631997,41.40829568754529,dry,0,17,noiler,26,754
1623,159.05931872884247,113.68735716050595,37.61141069584334,dry,0,9,sasso,37,886
1300,127.25286518591484,180.8802020330474,75.84805565512443,dry,3,15,other,80,629
1334,138.76281664579577,81.08553342959269,76.63240502712392,rainy,2,19,fulani,31,775
1580,108.12967113573069,122.6597930711161,71.471443521699,rainy,2,18,fulani,67,763
556,124.23857699818501,124.41640564846557,30.758709952321084,rainy,3,15,other,41,388
922,136.05743169984984,64.80170618246363,54.87830416943629,rainy,1,2,fulani,89,417
1770,113.2870534823947,172.78516043400407,32.913765078028725,rainy,0,16,shika_brown,98,744
1426,120.13655465445407,167.11492282863833,51.63835408540969,dry,1,18,other,28,839
1620,159.67565123331642,127.47806615569684,67.80021208870386,rainy,0,11,shika_brown,80,698
1552,150.13430230543892,66.1125300198212,41.83165657350044,rainy,3,20,sasso,91,692
1458,101.69148042683332,94.26431114916981,74.07429097944552,rainy,3,4,noiler,60,871
1786,109.50714641084578,170.27475764700557,45.55183336301685,rainy,0,6,shika_brown,40,1244
741,104.94599632113945,167.19132713872563,33.48997424473749,rainy,1,10,shika_brown,88,385
1053,127.65212411617912,153.98261929899917,38.10916862039387,dry,1,10,fulani,26,602
1088,146.4803762309079,97.07428504896464,76.67965718506258,rainy,4,20,fulani,49,607
1759,139.33776472685906,93.49624078520495,44.02639109277005,dry,2,10,sasso,90,921
1861,151.87248049492501,129.9393048726306,51.925400834948505,dry,2,20,noiler,87,857
1913,115.74496490177287,93.84703104715543,54.15070564219752,dry,2,18,other,41,1124
675,127.3659715997555,115.68826921434555,46.2352667129132,dry,3,12,other,85,307
629,128.67997270325867,125.99130781709809,38.78919079151909,rainy,0,5,shika_brown,89,280
556,110.58471462567317,173.7826066026551,57.08801599705077,rainy,4,18,shika_brown,73,392
1285,152.4992612831591,71.58336248819002,75.75416666790375,rainy,4,22,noiler,48,815
1805,110.24609560020022,97.40938536805038,55.4556692593761,dry,0,3,noiler,92,722
624,142.88213898293546,191.27864615311148,75.61272805505779,rainy,4,10,sasso,41,485
1948,156.8456798835876,119.27012382911003,30.465514538117684,rainy,3,9,fulani,76,779
842,122.0710416764475,79.99537546816356,64.79407871842425,dry,1,24,shika_brown,41,627
1488,102.82367187261684,153.59653731595796,73.13853887296128,dry,0,23,sasso,46,909
1046,115.91710534516315,186.5534291265845,46.033137736821615,dry,0,3,shika_brown,38,573
369,149.02002900985784,117.23102241796417,46.33865490775226,rainy,4,14,noiler,95,196
939,121.2997069488365,104.89970309780114,78.19580060365942,dry,1,15,shika_brown,98,424
556,159.5558631148996,152.26485535386018,32.52277853100619,rainy,2,0,other,58,235
1481,151.39674017349557,189.8744358099327,77.49146027431829,dry,0,11,other,23,688
971,135.26108502370064,185.41100220525885,62.65935945789062,rainy,4,17,shika_brown,90,520
1468,125.81898568254346,98.4587045930001,74.38757623358441,dry,3,19,shika_brown,20,960
1276,101.87281362032485,195.3611770410751,56.32974712948946,dry,2,22,sasso,41,999
936,158.35759626595316,144.9557189024016,35.996092946356505,dry,0,21,sasso,34,450
1929,148.8044136138808,163.99637870519663,63.07955329796327,rainy,2,11,fulani,70,955
857,159.56625919076401,169.7017452640037,76.09937379825863,dry,0,10,sasso,53,393
316,130.7545729554527,97.48840404457644,52.747538842099985,dry,4,10,noiler,44,245
1872,138.74555753567836,61.89241803796081,38.1085363568594,rainy,1,24,sasso,36,1315
803,116.17806395315225,151.66789990429237,49.50430193901068,dry,0,7,other,78,321
1972,134.74778824210296,86.47087152896884,75.04538651334954,dry,1,11,noiler,59,1032
1795,131.6386537385436,116.3899747665093,59.44051350781116,rainy,2,12,shika_brown,78,941
898,134.7859874460564,146.65092278688073,44.14429548931826,dry,2,0,other,65,414
1799,144.3356977678573,173.76576947234406,36.42897892558346,dry,2,16,fulani,67,848
1148,141.4369187431982,140.1370816354871,50.225976222911754,rainy,2,3,noiler,53,772
1892,135.8269972009302,119.38590780443667,52.33443608723324,dry,0,20,noiler,38,1136
351,132.60435113189584,102.66652779162561,39.09042328334749,dry,1,7,other,85,140
1374,133.25804235087716,133.80077342753705,66.71139005930416,dry,1,23,shika_brown,18,856
590,111.00432091658438,120.43242998012968,70.87826647722984,rainy,2,2,other,46,392
540,108.05214557958101,150.265941722613,46.98303102407213,rainy,4,8,sasso,38,446
1552,106.97642081757284,135.09745363120425,51.85740525225174,rainy,2,8,other,77,811
1190,122.09772805934257,112.28224276036096,49.17672562169885,rainy,3,22,noiler,56,927
1740,117.48490832056291,107.06243608423279,45.42346062913432,rainy,0,15,fulani,94,696
863,108.29473393804342,121.5251524101819,54.816138564218946,dry,4,0,shika_brown,86,372
1443,135.9566510694155,173.04691099126725,35.467795155473944,dry,4,22,sasso,35,1066
1420,151.01906248945593,89.79901204537003,63.437662722490685,dry,3,1,other,50,581
420,107.78697794335667,137.95457043896306,77.31893266791855,dry,1,0,fulani,89,168
1823,132.95610960090656,164.77051668000678,69.19642942264,dry,2,8,shika_brown,68,1056
827,143.71690940756662,109.67840128029215,60.63421723373036,rainy,1,23,fulani,30,454
1344,107.15630032238461,91.44153357154615,55.00989677613926,dry,4,6,sasso,89,621
1109,149.84604331568562,100.9381117437947,73.74486172989631,rainy,3,9,fulani,87,444
1007,149.7786283211757,158.55113338483216,77.28367685254022,dry,3,7,fulani,54,433
792,140.5386438318933,135.96056335498122,41.65223141334362,dry,1,23,noiler,54,538
680,153.64597216636955,188.78193077827598,32.757829530089275,dry,3,21,shika_brown,36,391
1951,132.53799853726474,80.73411180779785,67.31569062845384,dry,3,10,noiler,69,1005
1601,100.07706553160808,76.82229622298706,56.72772723780196,rainy,4,7,shika_brown,50,1099
1836,126.6611317658497,192.1594269394856,32.39194062535194,dry,1,16,shika_brown,82,910
1661,147.1915532262155,103.7561113131411,75.72208647436692,rainy,0,6,fulani,24,667
1046,117.74936311491179,184.34928704998086,72.0301811386596,dry,2,15,sasso,46,777
1899,157.69787539751843,86.5286204259446,63.8194689027455,dry,0,2,noiler,50,787
676,140.86300670382673,112.2027112883049,37.27837549166179,dry,1,6,noiler,62,373
366,150.27239620716176,183.58943794770954,76.10244010635537,dry,4,22,noiler,71,199
1461,127.00145437166816,106.5766251569738,51.914930401658296,dry,4,21,fulani,66,686
1501,108.84718055597077,70.25438457503462,70.61586663570594,rainy,0,16,sasso,21,867
1696,140.16312542019216,126.7788681529445,62.113908175355746,rainy,4,4,fulani,47,877
1531,143.58980478024534,177.00962991964417,50.7581793302052,rainy,4,12,noiler,99,839
1187,130.75630318129527,190.79777080494276,56.13653390284273,rainy,4,0,noiler,84,683
1555,144.3773010791797,129.89400705346844,43.614283035406714,rainy,0,5,fulani,46,756
629,144.3010766272717,79.81296834299442,74.12350974715677,rainy,0,8,noiler,97,269
972,105.9991148490266,64.69642199770209,58.01994769099714,dry,3,6,sasso,64,522
1889,145.72196326234308,135.23308666213973,72.03925359695573,rainy,4,13,sasso,63,1115
464,108.67478261437509,157.3361761057607,37.10704267989588,rainy,4,18,shika_brown,36,364
1580,100.32093932165337,164.75343286532603,75.15253265512577,dry,2,16,noiler,77,788
1779,123.10975766635244,107.81974861219851,73.73028972515829,rainy,4,18,sasso,89,937
323,136.2253086302568,82.95044093344839,66.7976780257589,dry,2,17,fulani,83,135
1901,155.28516009257964,78.00736846148689,52.28893737797352,dry,0,5,fulani,59,760
1640,140.18103834779635,194.59354582012014,60.13349804722526,dry,3,15,other,60,962
828,131.67004225367646,170.31033138128737,72.02001657446702,rainy,4,21,fulani,46,530
859,155.4245878759989,92.17288779917311,67.47582075783903,rainy,2,12,other,27,515
580,138.30730423912863,100.15420460898437,44.68161958799371,rainy,2,13,other,38,418
1068,123.51806441646778,96.9047615729634,77.73200803581156,dry,2,19,fulani,45,526
1467,148.03983649151866,123.54160679943105,63.52702532530454,rainy,3,4,other,48,826
1671,151.27411984195845,95.97332193118578,31.04547561676175,rainy,0,18,sasso,35,822
1382,115.20962519543141,191.67522215441267,75.29719839631323,rainy,1,16,shika_brown,56,916
1906,143.65475932809665,123.22945937263731,72.83649732529487,rainy,2,11,fulani,85,762
1489,131.6935964636294,152.66297432625677,40.37347190294386,dry,0,13,fulani,79,596
1573,143.79959347869783,78.44413194847498,64.01188769218916,rainy,2,21,shika_brown,24,1039
1383,117.74517007721977,129.3915489236546,51.05594522170408,dry,4,7,fulani,97,571
1045,100.55205385752276,147.81617608903696,45.81877036938414,dry,3,9,shika_brown,35,779
1970,156.41079008375448,184.89040915310687,56.77609580429818,dry,4,17,sasso,39,1269
1327,123.31793742393035,118.23854511653383,67.33354823933185,dry,0,23,sasso,48,851
1530,123.64501891060192,104.3243408758378,50.00776364326995,dry,0,8,noiler,52,843
1496,129.43681455389194,178.827461939384,65.30290573190155,rainy,3,14,other,69,785
1662,116.14718515828062,172.43863245107443,32.207278104372776,rainy,4,23,fulani,64,785
1787,152.83903464787466,117.80756654248985,56.874687683661726,rainy,0,16,fulani,46,715
648,124.6576364821542,150.6971854051517,65.60359961239652,dry,3,22,noiler,98,297
335,138.00784715414636,74.81205031937958,61.427201543943056,dry,0,19,sasso,86,149
830,130.58542401405228,141.93652257137853,47.96694952578936,dry,1,21,fulani,58,393
1756,108.70633440378701,186.61335885317328,78.44082207416884,dry,1,22,noiler,46,1126
965,136.18083180187529,67.9985807080662,74.68870938809724,rainy,1,6,noiler,79,505
1010,135.18757074248785,96.57431854350153,79.09526611434714,dry,4,11,other,72,502
1286,105.06327687369922,96.2901467280781,30.946382025573172,dry,2,6,other,66,578
1824,101.10229927228626,97.87304922405852,70.23629918707155,rainy,4,2,noiler,44,1261
1717,119.38426410434508,177.4559535343695,44.883685779642285,dry,4,8,other,93,699
1078,118.89046932452412,76.35257508275328,43.65798101849725,dry,2,3,fulani,42,585
520,159.46339052434521,74.27335694123884,50.232251422004964,dry,3,12,shika_brown,48,321
1222,103.38900544020892,154.19970529335677,72.15184734638515,dry,2,11,shika_brown,23,830
1344,112.37182475531213,94.97953145096614,46.82305812886061,dry,4,8,sasso,63,877
461,149.5730425465132,91.86855501471493,56.221817292887465,dry,2,11,shika_brown,80,224
1155,151.3065653198464,108.5057001910134,78.65226747570806,rainy,0,17,shika_brown,32,673
1822,127.05919015890062,74.10539815434068,65.37614094890213,rainy,0,7,sasso,42,1132
1642,148.0822921278182,115.66889800258542,46.81563637524778,dry,4,24,sasso,56,958
1647,115.42711023992167,192.8115713264187,38.487924910356796,rainy,0,1,noiler,24,1029
1061,114.45268382232896,78.1858326351535,65.77181016382701,dry,4,22,fulani,75,424
1146,131.97258608180485,190.34363901650946,77.57213194436659,rainy,0,8,shika_brown,53,668
396,124.94645881489444,179.05276870195877,41.485115768106716,dry,4,15,sasso,23,308
709,131.93826183088999,186.74505597265255,34.15193789050932,rainy,3,0,sasso,93,325
1135,154.63858095007274,194.72210487571357,51.39573450938927,dry,1,20,shika_brown,31,682
1317,118.31287180773154,196.32396148538908,63.168130547824646,dry,3,18,shika_brown,56,886
708,147.63360170572432,198.50768929754733,63.95791728717784,rainy,0,3,fulani,80,283
1291,106.47119587373855,96.72269039382154,71.94439495628872,dry,2,1,fulani,93,516
1503,140.88763675103027,68.89500113934861,49.8123673408203,rainy,4,21,noiler,27,1133
1531,107.21625778771642,158.49396762541426,62.24280217148634,dry,0,4,shika_brown,87,660
1130,121.95516612481453,93.82434468560558,63.61003317825561,dry,2,15,noiler,69,658
1422,142.72047767188977,113.894221169258,50.11473390381593,dry,2,20,noiler,58,953
581,129.18349768533363,101.78309256068647,61.90463628982262,dry,0,7,fulani,68,246
790,102.41951438325704,73.26758594484315,30.33940870117949,rainy,2,18,other,27,493
1906,112.28283685570608,106.87456825988315,46.51538437784392,rainy,3,5,fulani,67,850
1533,112.43695135298414,112.8915553473176,45.834217800846304,dry,4,23,noiler,23,1101
1669,115.30523334528388,77.78470063625244,32.926830004002504,dry,1,19,other,46,811
1575,143.89626043116812,111.37974061755091,35.30627092824512,rainy,1,14,sasso,38,1146
845,105.85712563210893,185.69141289488363,47.49477318236993,rainy,0,9,noiler,96,430
385,125.40320494404772,60.63062733724041,45.66380055690894,rainy,0,20,noiler,86,209
1641,119.9770148177424,153.71768899551006,40.806790615546035,rainy,2,2,sasso,45,1293
1831,142.96892673254166,88.59340687978101,42.360255946531666,dry,1,15,fulani,57,764
1696,105.1359731693661,85.6841038662411,67.92018365171016,dry,3,18,shika_brown,56,932
759,121.90563521390835,145.6092793806879,64.80157034945569,dry,1,13,noiler,88,373
1507,125.34674740185275,115.73220495307231,31.322345129883374,rainy,0,6,noiler,23,972
925,147.8108906063274,77.85954119099979,75.16505636943796,dry,4,11,other,91,403
1923,111.36165254751177,167.985240050359,72.07198799781224,rainy,4,7,shika_brown,67,1174
1941,115.54210864620083,159.21474079517097,40.74273032124991,dry,0,11,noiler,36,1260
642,128.60523253049968,97.89444483514052,31.458533428703724,dry,2,22,noiler,72,369
900,144.8045984678896,180.0871767721419,54.74913973562305,rainy,0,23,fulani,54,416
873,110.62728745614517,120.01307541452788,36.335636761711946,dry,1,3,noiler,34,640
640,147.10431169381076,175.0208768465173,57.72445571605854,rainy,1,20,fulani,48,359
1439,151.14633313851238,136.77613114386764,39.865698528802994,dry,2,10,fulani,70,576
456,103.10114079466791,82.1950621899893,70.63465216878912,rainy,3,15,other,21,318
647,151.77826163992864,122.8364370452908,33.14287437361905,rainy,3,24,shika_brown,47,446
909,110.24561700702314,91.75719432556932,58.77505092345295,dry,2,17,other,62,481
988,115.47637040721403,128.8119916164557,78.77636645104509,dry,4,24,sasso,68,565
537,136.36090014876658,72.5484482626465,77.9617717661911,dry,2,8,noiler,53,330
1219,148.43265978552506,111.37905739147263,45.850048486715195,rainy,4,13,other,23,873
1714,125.43583210177998,69.30623822928402,30.079232223317007,rainy,0,3,noiler,61,797
1127,157.31456609724063,184.28141570506492,45.90937397281944,rainy,0,2,other,31,495
907,154.47236061611443,118.67228551393524,69.16584451096807,dry,2,4,other,49,458
839,114.80484524004285,123.01333760272031,31.106722551474853,rainy,3,14,noiler,62,519
1940,132.57558334598707,96.40878472590668,59.384506377990945,rainy,0,15,shika_brown,24,1213
1566,126.49283733278983,192.29786997781804,37.08056753089497,rainy,1,2,fulani,33,951
1331,144.57392884590593,155.98442931628242,67.94444250702233,dry,2,20,other,44,820
610,113.2077546518516,99.47116380784618,52.17998506590936,rainy,2,21,fulani,64,325
840,100.18125228136968,94.71054297281302,76.38957396876577,rainy,3,12,noiler,61,577
788,113.89497947733996,85.37052610590642,70.51516495616663,dry,0,7,other,44,403
556,158.67960542429407,199.20031800654826,57.78085773412015,rainy,0,8,noiler,68,253
1269,139.90721068681694,156.71949060757387,69.34843242183712,rainy,4,21,other,98,605
640,153.0445177786111,123.29239144745614,72.85964767934028,rainy,4,11,other,74,267
1850,150.77163196926242,123.32528686880144,51.21945090362552,rainy,4,5,shika_brown,25,1206
1268,131.79371779323648,114.83458351497686,61.09572106419391,rainy,4,2,fulani,60,663
730,110.59858179222817,99.95059403969965,77.79350216342598,dry,3,0,sasso,86,341
785,148.255669262707,152.28177624401883,49.902742033946886,dry,3,14,sasso,61,447
570,124.33716341532654,155.13725712017575,33.354686631493934,rainy,3,22,other,70,306
351,153.8451430046904,151.8604528586419,74.09274004103415,rainy,2,6,other,59,160
554,116.4647578981409,115.04386083899698,49.38821642648749,dry,1,13,noiler,38,411
1622,119.72810827470721,152.30593791776022,44.69806882051491,dry,1,17,noiler,20,1182
860,148.27850184008065,79.30529193804071,68.79884249076211,rainy,4,14,noiler,45,646
1582,144.20830640325994,144.19417803745003,62.7726728246782,rainy,2,10,other,82,767
686,100.08133146987693,129.59250330911158,67.6404497255505,dry,1,7,sasso,81,292
698,104.77118279778992,128.32535139944497,37.740787743586765,rainy,4,20,fulani,19,417
1907,158.86787174269304,166.26392672716838,55.57405233941916,dry,4,0,sasso,74,763
1070,150.90506358583065,62.856225496348884,60.224449112922976,rainy,0,6,noiler,39,623
1560,117.35158911795219,173.2568849459192,70.01820942276726,dry,2,14,noiler,41,1230
1656,125.08784097825587,136.52759043205447,57.6745135099412,rainy,1,23,other,65,941
951,139.0706176446171,167.51534609337273,78.03640441141215,dry,1,1,fulani,21,439
1771,153.81964469114044,115.27210758481343,77.66621324435692,dry,2,18,noiler,76,796
509,148.64382791382477,192.60388635807516,36.796637368366035,dry,1,2,shika_brown,36,293
1479,108.90410178917293,115.83779767257589,75.22007182584761,rainy,4,10,noiler,65,883
327,124.99553366705192,150.7937837553884,45.47162354847416,rainy,1,0,sasso,59,206
595,147.44217422476683,61.66569651432179,44.65779711266509,dry,0,2,sasso,89,281
1671,120.99101416545129,147.85086158824726,69.22040583091018,rainy,3,4,other,81,751
634,140.44350716522175,90.04931480662,61.88514255209644,dry,3,1,shika_brown,65,359
1267,103.83198240046143,64.42680535324496,42.9250283849797,dry,0,3,fulani,38,522
1197,113.2039752870815,114.3943607208459,73.28636185533969,dry,2,24,fulani,41,613
312,109.17771223634462,172.8963946945204,55.51235499015728,dry,0,6,sasso,19,182
1188,107.24677134595473,119.65613903630913,44.37767282104625,rainy,1,18,sasso,81,719
624,107.41434943596943,74.14395450877619,60.48540977683799,rainy,0,13,sasso,71,355
1781,112.80178408197827,113.90709508850634,66.98039845000686,dry,4,24,sasso,43,1175
976,107.63087135301322,115.79829138017786,38.50763205722585,rainy,2,21,sasso,81,563
1826,142.28773599551772,107.48303455350472,35.553165164082735,dry,3,9,sasso,43,1143
1114,128.30537856345245,129.41472617079546,66.61189570461437,rainy,2,4,fulani,49,605
1169,137.6533614322388,109.89410699322394,46.17438808215731,dry,1,19,shika_brown,18,802
1555,120.3396382096944,80.56724726320978,57.60804134855062,dry,3,21,other,58,770
1357,107.3746709525347,88.4298830088087,50.09759623076098,rainy,3,0,fulani,61,586
306,134.62320050281267,107.91718299056447,34.1936869276006,dry,1,15,noiler,49,202
344,132.05482664322298,177.87029442709547,59.171100759150086,rainy,3,23,noiler,55,269
1426,118.52713950115516,100.94185264253221,69.91364982731528,rainy,0,8,sasso,30,942
1741,133.5894873329674,61.17119239778019,34.13335189932712,dry,1,4,noiler,59,869
960,103.67792766695342,133.58111236871383,54.83226061947522,rainy,0,23,sasso,95,524
345,159.67354843658438,118.810121335303,60.39788513418046,dry,0,6,noiler,43,186
857,143.4165662654771,176.57565130680717,40.04143750874604,dry,4,22,shika_brown,52,577
810,108.03849200498688,154.01165301934526,30.21797899782902,rainy,1,10,noiler,64,484
412,155.9935036791477,191.37062404144243,75.70782308267505,rainy,3,23,sasso,32,274
1583,105.97983532460655,98.14540576463344,71.58926500925796,rainy,3,6,sasso,26,1137
972,104.50561874831884,192.0700218193834,48.25418366422004,rainy,2,3,sasso,67,624
670,131.8891556382703,182.06127441913225,64.36872088488988,dry,0,5,shika_brown,67,345
569,148.3008928070842,62.733159897719176,71.5344802599007,rainy,0,11,fulani,30,292
1470,106.6290176780839,180.6945702832072,71.95961714357692,rainy,0,5,noiler,31,1010
1426,110.2794726672625,153.4642399016529,60.47226486636394,dry,3,7,other,25,924
1939,121.98741524519149,165.81077400394233,78.21917093920189,rainy,2,13,other,72,1031
1848,114.74501873115327,140.77428101693707,43.72722923702223,rainy,1,6,other,85,823
1549,138.69437943189502,179.20782290395914,60.45976956966631,rainy,3,14,noiler,90,940
900,139.6914594487705,142.8680166186698,66.81399493917107,dry,2,22,fulani,85,365
1082,116.4987515184184,71.15031806486722,51.480137172427334,rainy,3,3,sasso,94,523
1174,145.58327972085553,168.3106353077468,52.78081869834203,rainy,3,13,noiler,61,845
1931,149.07908626463234,142.2772257343837,42.60909909096347,rainy,4,3,sasso,33,1306
1503,155.9166483792623,187.9009215963773,56.268024090974905,rainy,0,24,shika_brown,87,670
1340,131.92796437494115,116.32333473080523,38.079897797901054,rainy,0,5,fulani,74,544
1777,106.22648251808444,173.80997675515118,31.943684850834465,rainy,1,18,noiler,68,1109
1799,129.09953707464996,102.7807043058956,55.88194678447172,rainy,1,3,other,88,854
1057,133.62111844119772,63.043437328919026,56.02852721495867,dry,0,21,other,29,507
821,159.07866216240197,79.35714814276196,51.48685044648893,dry,1,15,sasso,26,505
775,157.1874767504779,132.34304629160903,70.95536630888438,rainy,2,17,fulani,35,408
1169,142.6677710801854,101.38936644914907,59.05232456419576,rainy,4,23,sasso,97,533
1005,116.56711794660748,190.25133210621414,48.23199955068915,rainy,1,16,noiler,46,810
976,106.41311772934364,152.41664641946437,71.80396375834192,dry,3,22,fulani,30,537
669,144.86460555565662,121.75626297376671,66.68109146439734,rainy,4,21,other,77,299
1675,102.48246294803559,113.04419264656474,31.73580760919473,rainy,1,23,other,77,829
881,147.52018756781177,105.40391294258129,65.80822690888056,dry,1,23,fulani,82,352
1649,113.35895411360713,160.43649775672944,77.16491986228263,rainy,3,6,noiler,82,961
599,159.15949433023957,191.2870383045514,73.1076479146561,dry,4,16,other,49,340
1260,153.58008174378983,160.68492336727715,59.24963668029109,dry,3,16,fulani,85,504
607,115.13673757461018,142.14241383456528,69.79565712100782,rainy,1,15,other,44,446
1725,156.32560762982553,134.74998166987416,59.797397539630715,dry,1,20,noiler,79,690
1133,147.07033613777304,85.94955660105893,61.71646786286897,dry,0,3,other,92,453
1960,155.95874304047007,144.6930018406786,62.97450290622921,rainy,1,8,shika_brown,95,824
1166,149.2276774094989,179.5527848220361,38.60971337128771,rainy,4,20,sasso,24,917
1347,101.91308771251553,70.6539984573084,43.69574353149518,rainy,4,14,noiler,65,831
492,111.48960459584814,83.422193199041,39.05972297345913,dry,1,8,noiler,30,361
1904,118.64980606164968,197.79370035223087,71.58790704011236,dry,3,19,shika_brown,45,1238
547,144.32668173511587,194.38833654989273,63.92736707090803,rainy,1,14,sasso,31,423
1947,130.73266100861707,116.61102019736066,38.09835922014702,rainy,2,2,sasso,71,1097
587,135.79096004191786,104.54130601258241,52.571150180248516,dry,4,11,shika_brown,85,287
844,117.48306316124393,175.1831080460804,52.57038352167845,rainy,3,10,sasso,58,595
1006,144.06922241934421,111.4043340203809,30.944043928811734,rainy,3,20,sasso,30,771
641,141.91813536591735,158.5510270258963,54.62609270102542,dry,3,13,other,38,433
1959,143.0185164132129,182.73578988449077,40.8150470148081,dry,2,19,noiler,44,1401
659,107.78237547940161,123.5255264350495,55.34650580385972,rainy,1,14,fulani,28,418
1829,117.3506952313866,103.36714398000649,56.09422309637391,rainy,4,23,fulani,21,1069
1883,132.47128335142145,63.32029044281069,33.98945618170002,rainy,3,5,other,79,838
343,128.0414372998967,147.70798959590604,69.76082932651914,rainy,1,0,other,97,159
1146,140.10931725900423,148.18887056857633,30.891689509681164,rainy,3,3,fulani,53,573
1286,130.30994269136394,164.72486350782242,36.94799526244581,dry,1,11,fulani,24,734
1942,116.1220441452561,108.66397402421114,65.63858967584522,rainy,0,9,sasso,41,1323
838,114.99257260992866,146.2704354811795,54.94364105769405,rainy,1,2,noiler,98,435
1275,145.3040922478975,89.12343878265484,46.885538736211224,dry,0,10,noiler,46,694
520,137.9606220904816,196.64194958383118,45.53004856976648,dry,2,3,other,76,229
900,128.32700465399446,113.60730594517,42.55792006791428,rainy,3,0,fulani,70,360
1782,120.86427013355893,182.69893210462897,40.082760563344614,dry,4,8,sasso,76,900
1175,110.77652432963818,162.90324774494388,39.431025952131556,rainy,2,24,other,41,859
864,147.48116341914007,141.3913180086405,69.03927416827382,dry,1,14,other,93,369
819,129.58174627126238,138.9777721266795,62.69656800085601,rainy,1,12,sasso,80,433
1285,102.82234320488487,183.0754313450151,70.63784266485797,rainy,1,17,other,70,744
912,143.18167428765025,73.19364906681464,61.6883829899248,rainy,0,21,fulani,21,448
725,110.82135809689912,177.81220136869723,30.55142242495681,rainy,1,16,fulani,38,418
1632,135.79783194142846,72.16080711806559,65.08568170330476,dry,0,16,shika_brown,24,858
1326,146.20787751573516,79.81729532679485,71.7062716623623,rainy,4,23,shika_brown,49,854
1628,159.05160350311382,64.24749455456455,79.92990839682716,rainy,3,15,shika_brown,37,937
1298,121.25476019135465,152.63144806541513,79.97481752093609,dry,4,21,other,65,666
1063,100.05435011476541,160.13315948756863,38.55923719175627,dry,3,12,sasso,49,688
1503,147.5606492676776,184.25874417777564,44.15084829418848,dry,2,23,sasso,77,825
1589,122.81169987851065,181.9780591330164,63.157391469991126,rainy,1,9,shika_brown,38,1150
1157,148.79092883706767,193.64927128090557,76.28942747472843,dry,4,12,other,89,463
1769,110.12209856822474,104.21139023115516,59.693688383393074,rainy,2,0,fulani,99,708
1486,106.38208998311462,71.52888015499997,30.135060841708174,dry,4,7,sasso,37,834
1283,142.62548298320678,83.70646003697182,71.59950265551737,dry,4,16,shika_brown,56,830
893,157.03206847169,197.25801043259295,57.272834769624595,dry,1,0,noiler,61,392
1400,108.51599264556391,102.661192847417,71.12589009991743,rainy,2,19,shika_brown,46,1023
1769,115.25066285833945,128.69064990770175,78.3049936365741,dry,2,21,other,94,814
1527,158.73577882101944,84.1346655670002,47.874155174594144,dry,1,19,other,46,705
670,136.24693749885697,153.89843038042514,60.12629450626267,dry,2,18,sasso,88,375
674,147.19261935460284,82.31463720484896,32.204610819876606,rainy,1,9,sasso,57,425
774,144.00169088392562,149.24983241078286,62.263887766178144,rainy,0,9,sasso,22,510
1757,135.20922670441382,176.58906994326125,33.61358545056758,rainy,3,20,noiler,50,1385
1516,149.4833898446152,116.30189345815546,35.11972313965883,dry,0,11,shika_brown,35,769
1242,144.56929009509196,67.11955563672358,41.05616314445075,rainy,2,8,noiler,94,621
1089,146.03008842066112,152.37237819604434,52.29736526602869,dry,1,16,other,47,577
677,103.8643069609026,67.70527924498026,39.36752088312135,dry,0,3,other,51,281
1146,148.8297478955706,129.091285572484,40.268409234499266,dry,0,12,other,45,552
1698,106.26228748496973,197.5763535427856,73.01239054887323,dry,1,24,sasso,38,1192
1444,144.4961811842325,114.10206913031443,46.51470877340671,dry,0,3,other,36,628
363,141.72125504391218,74.80143846035888,63.24038792901223,rainy,1,2,other,20,243
477,147.5017059521048,87.04208515693719,63.39622367980423,dry,3,22,shika_brown,38,331
674,146.94374851866755,134.30508433433994,59.49171972198778,rainy,4,22,fulani,25,399
416,155.30735398651157,112.27299833515761,75.10611191226938,rainy,1,2,shika_brown,23,266
1344,124.02133565619751,181.85542715159826,47.95809121402094,dry,0,13,shika_brown,62,767
1793,146.9590937693726,123.74457740866998,64.90371692393245,rainy,2,21,other,19,1012
919,104.12505712532064,131.03517313829448,46.445988910536215,rainy,4,16,sasso,31,759
1277,124.76019664021247,95.90216244484634,30.503556741614158,dry,0,2,noiler,30,753
1754,150.79304654919179,119.7667448890825,57.60090861478256,dry,3,3,noiler,18,1069
1696,130.38218425913254,154.06488218909215,75.58091027517142,dry,3,16,shika_brown,41,1189
872,108.45423662127901,90.50662577415389,62.38350013559878,dry,1,12,shika_brown,23,597
1679,137.74681719472716,171.0214430675839,36.632193722698275,dry,1,15,other,89,682
1945,109.77499558009714,107.15467553544397,57.73495882916579,dry,3,3,sasso,92,884
574,136.2767628103133,156.09132492101514,30.91778621895709,rainy,2,7,sasso,93,336
1495,131.06072009385744,176.4553765740377,62.968946430073245,dry,4,8,sasso,54,941
933,146.10806773984802,91.03062404645829,43.474502506668166,dry,0,16,fulani,70,373
1524,100.11591485749031,161.60794657408883,62.85325912664727,rainy,1,10,noiler,25,1288
1215,116.02431648094526,126.75728848013001,71.13181357786102,dry,0,20,noiler,36,808
626,127.89098822224312,135.2532340284268,79.75797051000606,rainy,3,3,fulani,54,354
1432,103.13473502204967,73.37614243906728,62.9433333461011,rainy,2,7,fulani,34,759
1316,115.17129872575353,132.43618057549526,30.748059912815037,rainy,0,19,sasso,18,825
782,155.82107062798406,169.8836176742912,40.00044605563738,dry,1,13,fulani,85,313
1525,118.28878867870795,95.9082532490016,59.68753762035898,dry,2,24,sasso,31,1089
1394,135.76180965698808,124.45406459450568,48.22049329977016,dry,4,9,other,33,867
702,158.79916643722657,183.50334142594465,58.74347475790354,rainy,0,15,shika_brown,73,333
816,159.7309869154195,76.63936098667321,30.747498555211944,rainy,0,21,noiler,96,326
473,117.64238260239995,159.43406786981626,35.76999291404141,rainy,4,16,fulani,72,228
1394,154.23880054335046,133.85892098995276,66.79509929342623,dry,4,13,shika_brown,89,712
1962,119.92443344942923,81.69184994731103,72.45172566417365,rainy,0,5,sasso,54,983
1656,117.28750773128151,167.5827060643465,40.263597040190085,rainy,2,5,shika_brown,94,897
514,103.49006552325548,112.11434132605,66.03322272539312,dry,0,7,shika_brown,86,226
440,153.47695988966504,172.54385922293548,39.20205174107234,rainy,4,11,shika_brown,44,285
583,144.89660921526252,171.1684876235857,78.44614368593713,rainy,0,8,other,53,276
1911,133.5030686542133,188.42884621094484,49.573986516700785,dry,0,21,sasso,33,1071
1129,101.82541237924514,105.94060527210961,75.40947978482514,dry,2,24,shika_brown,95,525
314,126.03611497788242,98.8966059390516,73.49529669451604,dry,0,24,shika_brown,33,186
1991,138.83006632305913,156.1640509734459,68.82016610110516,dry,3,0,fulani,99,796
856,104.96410498373447,175.35725448198917,63.85506381786823,dry,4,23,sasso,30,608
634,125.64449727425892,78.87169597872679,75.68347987213596,dry,1,24,shika_brown,68,321
1927,126.57101184851264,104.58571958432276,66.16147293027673,rainy,4,8,sasso,99,974
1222,129.05597188658354,136.99705809374097,54.589531631183405,dry,4,12,shika_brown,83,600
374,134.06968667033897,176.4237615017507,76.624588988884,rainy,4,6,sasso,52,272
461,149.81063457997524,193.08564846400463,61.712632672576866,dry,3,6,sasso,71,213
1817,140.52426622811765,105.30807744126706,33.98208031445116,rainy,0,9,other,87,727
1084,151.45935929450962,185.65123691516956,77.3353957516944,rainy,4,7,sasso,54,682
894,151.9420595394402,64.49534126748816,62.193396377756315,dry,3,15,fulani,92,358
1345,143.74202456976965,189.89340863067747,46.632829991044574,rainy,2,23,other,38,939
1286,101.7112014903189,187.30258049684693,30.411156569444575,dry,2,15,fulani,30,685
1922,134.76278364087693,88.31880535269366,43.512443753085705,rainy,0,1,other,43,971
908,146.19953687312224,181.34696032078813,55.96133720947638,rainy,3,0,noiler,63,508
645,137.3897052246748,125.70058753124759,35.830148321440035,rainy,2,6,sasso,68,428
575,131.49604505460806,126.79816743539565,52.38119363327625,dry,1,18,fulani,22,320
1981,102.264839018046,141.64732266362643,41.49807077005171,rainy,4,12,sasso,30,1549
1826,156.18056520389368,173.03193157094853,61.77967410040936,dry,3,21,noiler,72,926
1042,112.15941531942586,121.9015759301216,32.84202853561942,rainy,1,9,fulani,77,451
441,124.9671126659116,62.367373855891394,60.90218395618687,dry,2,16,sasso,49,338
1447,129.2084246189946,197.00097528031236,78.27211103693551,rainy,1,16,fulani,66,706
834,137.0534387925771,197.39820105671294,46.88779935661145,dry,3,21,sasso,40,582
1428,140.51136493069743,148.6637044211255,53.12451052027967,rainy,2,22,noiler,95,880
1067,136.7555684965526,73.18945090574913,67.7141166517608,rainy,1,0,noiler,30,667
1705,129.58210729241227,178.5496238036361,60.036988722519666,dry,1,23,fulani,58,850
739,103.91198600236903,103.0405545566972,44.39893039662502,dry,4,11,other,37,454
889,153.646439068284,184.34659341498622,72.73730660153626,dry,3,20,shika_brown,56,465
351,129.39590519469164,135.42816205611626,42.88285114955775,dry,2,16,fulani,69,151
1789,128.45953423301745,114.83331600303325,75.77384406091657,rainy,0,19,fulani,83,716
749,101.27153477367116,91.84872472166873,53.78103071541295,dry,2,20,shika_brown,88,369
1701,128.1593978226082,121.5518027682831,52.314333423717564,dry,1,11,fulani,24,881
1118,105.79302871586471,61.879208116817864,51.14280392834307,rainy,1,20,fulani,25,650
1115,127.65524637517957,164.10801500410452,79.29034105042126,rainy,2,22,noiler,67,678
1695,151.0666495508533,119.83661981186413,78.09888273670629,dry,2,15,other,69,700
860,119.87282887738729,76.61179844747532,58.519366268376544,rainy,4,5,other,50,524
405,143.50576113385904,195.10442720738862,43.01986793725358,dry,4,1,fulani,67,176
1431,122.77785204913806,113.59120314034902,59.45667015780191,rainy,2,2,sasso,62,918
931,149.88499731581868,98.44012417714302,57.30494040016454,rainy,3,10,sasso,36,681
1585,130.5959497244589,78.16671268947701,67.50306620721736,rainy,4,8,shika_brown,41,1126
1844,100.70590566201986,142.30399687016944,55.069823929766216,rainy,2,16,sasso,30,1402
1138,130.86877852786182,159.88403046076616,76.31040872003419,dry,2,11,other,29,635
1150,158.75571193651854,72.4086164649413,76.11154349193649,dry,2,19,fulani,38,467
1836,148.0246517496207,141.8988448182686,79.85109022808486,rainy,0,19,fulani,94,734
1738,100.43319682022306,104.32348877777054,63.85953618363277,dry,4,2,sasso,34,1130
327,109.26170619375402,95.13810797324538,66.92419860930528,rainy,2,5,shika_brown,83,170
1917,116.87560122282848,193.48101546609692,32.677232544633746,dry,2,23,shika_brown,89,1026
1431,104.82021199416926,170.62329416508473,51.13793885441191,rainy,0,13,fulani,77,572
1739,118.04134405762662,137.1040593247501,44.50461324753739,dry,1,12,shika_brown,42,1086
349,159.89664573239477,169.2728806217449,44.34063123867434,dry,1,8,fulani,53,148
1667,113.62898480627962,61.12446094258721,54.60408526942076,dry,3,0,sasso,95,693
1491,128.22083552278804,104.42957170403594,61.131301368095976,dry,1,7,sasso,24,988
1617,148.48466006203753,77.43073561119692,78.53000339287293,dry,0,14,sasso,20,851
1110,129.610021844357,84.97575527000134,55.6534711431719,dry,2,11,shika_brown,34,782
1537,151.72504515041388,185.0820851526771,39.707634830927454,dry,4,20,other,77,695
304,129.82842782513208,173.30799602341833,53.526896739513745,dry,3,1,shika_brown,68,180
451,137.57076717547088,100.15140208639556,78.46245694112542,rainy,2,16,shika_brown,92,242
650,149.06774085876515,139.49773447724098,32.09852517030335,dry,0,14,sasso,94,260
579,111.61260239437436,137.53764091202305,49.13964155399547,rainy,3,5,noiler,55,412
1230,136.0615526493214,105.8327352161559,69.04724094752436,dry,4,19,noiler,60,773
367,109.165025900057,71.60980135136165,62.08877022205056,rainy,4,1,noiler,56,260
1861,127.35677114611968,108.21992647040636,64.68706493491644,dry,2,5,shika_brown,73,980
1222,136.81167304981437,192.30524515090463,32.41359434789907,dry,1,11,noiler,56,727
1668,119.63501847434902,100.5632640740445,43.47553106091486,dry,4,5,fulani,26,798
1396,101.00843678926854,132.82977642595608,64.80173661145662,dry,0,6,noiler,51,694
1273,134.3259890182975,179.42189825830957,70.29640767076793,rainy,2,21,noiler,98,755
731,121.32620084347188,95.2118255546961,64.73358647984787,rainy,2,4,fulani,75,296
1203,156.22674963528831,147.8667823575788,46.09233176006602,dry,2,19,fulani,33,598
1146,130.56896427063486,164.60438387555104,53.12816541568998,rainy,2,16,sasso,71,713
1892,131.9094106486483,68.69760790081341,68.32786471833766,rainy,0,13,other,97,757
1861,110.02794503881526,157.78726549408424,69.0129665460239,rainy,0,4,fulani,87,744
1223,113.43437211480884,191.77614744593637,59.95593424100541,rainy,3,10,other,81,626
1513,104.26040681335532,184.89568219675138,31.539155111882007,rainy,3,5,shika_brown,69,884
1096,135.81141164706946,119.8976798877874,46.5316477429771,rainy,1,24,other,77,580
1948,146.0366980632189,186.75224635673982,50.47353709443886,rainy,4,22,fulani,72,848
1834,132.61563810791017,125.51795125455187,36.36462665475392,rainy,3,11,noiler,63,1168
1163,120.07125844859783,61.236458079182825,39.51916355304859,rainy,4,8,fulani,26,690
1002,126.04426490895882,189.99309050594016,59.51495358777998,dry,1,13,noiler,55,651
1635,154.05780976232583,196.70758866812193,75.09191582208356,dry,3,0,sasso,88,654
819,128.33685785972807,137.53705155031088,56.488745762839926,dry,3,16,other,55,487
1801,146.60609628100437,147.6185332470854,50.457189395881116,rainy,0,5,other,76,720
1025,132.8643945681482,145.33959474578498,34.55330910410905,dry,4,9,shika_brown,26,731
331,112.46495638073142,150.8245712131316,73.55935231751589,rainy,4,14,noiler,26,277
1936,135.64728798995128,172.14115404770826,49.860365215344856,dry,3,19,shika_brown,52,1181
563,134.38167761390332,63.32873832226407,49.845596199334764,rainy,3,17,other,33,391
1581,121.84164815287397,194.3215434037631,52.19724801633595,rainy,0,3,noiler,82,748
1764,156.70705044055276,90.02415210538263,33.707955288701534,rainy,3,18,fulani,67,706
1136,123.54669091255423,110.72136056253956,45.930218564132716,rainy,3,4,sasso,77,723
1349,143.83821527577265,176.5539688309335,65.74053460656387,rainy,4,13,shika_brown,94,638
1862,108.35126816547923,60.47429871756948,42.26450468218215,rainy,0,23,other,98,745
1407,134.0491526670158,193.09978499963074,59.88979163614165,rainy,2,12,fulani,98,642
641,123.26239978786525,91.6538871077369,72.33609951983667,dry,3,21,sasso,19,467
1079,101.94760850573658,164.2379599946411,36.667600337680675,dry,1,3,shika_brown,20,710
1340,158.92267736718304,73.47450875970029,59.460586172631025,rainy,1,2,fulani,97,536
1158,144.9851727218223,79.07528196789346,74.8941688882241,dry,0,3,sasso,96,463
381,140.72655901122573,92.3524490988396,55.45017227413091,dry,1,23,shika_brown,78,188
1962,158.85439349740778,137.3962498529359,31.250757594542705,dry,3,22,noiler,74,785
1080,146.56911184633736,128.09727385875212,41.23750190886788,rainy,4,19,fulani,25,651
1521,152.62929402227167,181.4846346114423,52.55380359124298,rainy,1,9,shika_brown,46,969
763,109.244543948385,150.51491382930254,39.132580937188614,dry,2,20,other,34,472
1404,135.2537063289879,109.4968395886072,54.12257351905588,rainy,0,15,other,54,707
1098,112.13639090452182,89.95072959214662,30.290188442147056,rainy,4,15,sasso,94,562
363,128.9053497837389,104.45639207174733,48.03738725276046,dry,1,13,fulani,76,145
1344,151.76731274028344,131.27166293659323,51.66253713478752,dry,4,7,noiler,18,834
617,115.1458716461224,62.59816711329358,64.96043387686885,dry,1,20,noiler,27,441
794,159.1790105363208,72.39954433551121,44.56362611278685,dry,2,1,sasso,22,421
974,149.99256741461573,158.78677258522015,58.867086259818514,rainy,4,20,sasso,21,690
1853,124.47948900817522,74.94588626921784,70.83102520460682,dry,0,3,fulani,76,741
1588,134.49720959377848,184.5903478246137,62.543941874788864,dry,1,7,fulani,86,635
1545,105.82988091795794,78.52627785681278,63.84998026828929,dry,1,14,shika_brown,78,783
1043,126.95774925377528,100.19527552985977,35.23189034638128,dry,3,14,noiler,81,489
1601,156.9722462268191,107.53404867829707,35.40729711685994,rainy,1,24,shika_brown,35,974
1403,128.33187031709053,161.773541622634,79.96649607465429,rainy,3,1,shika_brown,86,735
1198,126.98352463552636,136.12674382861178,35.011593908814305,dry,4,18,shika_brown,69,620
471,145.35507487750826,150.2774034428275,41.72244244040198,rainy,1,12,shika_brown,47,328
545,128.89236686179447,134.39485103938128,45.13737852356162,dry,1,18,fulani,36,347
1282,147.53014817367787,129.26601354201262,44.99869540772663,rainy,3,22,other,78,645
738,100.34325589251787,151.1847856116735,40.12310918194157,rainy,1,18,sasso,99,397
1837,135.69496125513228,105.47537536479766,31.268574402115778,rainy,3,16,shika_brown,52,1280
834,125.21741560325532,140.79084196844715,73.6474365204501,rainy,3,22,noiler,25,650
392,111.52251961354024,186.61954792440105,39.90520971205437,dry,3,12,shika_brown,70,246
665,119.42613854007797,195.23922923804474,75.58866409193497,dry,2,10,shika_brown,52,401
1547,113.4047526957775,71.31855223005556,73.74666621753244,dry,0,4,shika_brown,59,662
1229,151.17736682042494,104.10783570461162,56.18361999994926,dry,1,10,shika_brown,67,676
629,108.4298388916481,114.51415965347691,50.57778732725137,rainy,3,23,shika_brown,69,420
1223,142.25705619275652,95.39324758176417,67.93867811269692,rainy,3,7,sasso,48,927
1158,141.33734741027018,84.49244191674417,59.81927092016146,rainy,2,14,other,56,738
1969,135.28631189451988,188.4525155969399,57.326122891620884,rainy,2,14,shika_brown,84,1092
477,123.71524598613506,125.28241859746566,73.03259436938085,dry,3,9,other,64,247
450,142.16697262995848,65.88080743863367,75.34364159095264,dry,2,20,other,19,269
396,149.86763300306473,62.16754427925215,43.64585801621857,rainy,2,12,shika_brown,61,260
1335,147.9263097468777,192.32656655778092,60.425230648539326,dry,3,19,sasso,55,895
1512,142.7436417083753,111.57243106186276,65.65141011445483,dry,4,0,fulani,35,710
1800,132.3608922904528,181.21792042494144,36.60716890849303,dry,1,3,fulani,40,909
1468,145.2987239889498,72.45657502170738,73.06246925915326,dry,4,14,shika_brown,42,817
352,120.08461190796173,131.30045869518966,56.61738639773144,dry,4,3,sasso,83,178
703,100.7961124516525,136.69362186147237,67.16495861534895,rainy,2,11,noiler,30,579
1530,122.89726265059623,146.52525345477397,65.92207373677707,dry,4,7,noiler,36,1237
1304,144.4996485685791,162.8255740225452,53.52959079008919,rainy,2,14,noiler,25,1031
1392,143.8807057111163,198.50666015595854,43.627382394651455,dry,0,5,noiler,96,667
711,117.53741036255519,151.80882224978524,62.08099993572045,dry,0,3,noiler,86,287
439,134.1707121606653,182.72473897188377,76.41083978237972,dry,4,4,sasso,38,299
1383,102.08500490404276,184.44379837173656,62.07986646724324,rainy,0,11,shika_brown,95,600
689,124.63099842175303,181.25802532092428,67.12102559356991,dry,3,20,shika_brown,73,410
1137,156.5184659286154,90.26640034186656,68.57424374084628,rainy,0,1,fulani,61,455
1822,151.74426113758534,179.5974769720543,31.115085244932178,dry,2,11,shika_brown,36,1060
1718,145.41301645918213,66.66613185987724,77.95654664639572,dry,3,2,shika_brown,57,876
1937,132.03739281609603,68.63524147543336,40.437294119931465,dry,1,14,fulani,72,775
1557,135.58676669948363,112.12407308839713,44.002660280827826,dry,4,8,noiler,48,1066
1268,138.02892437379668,139.66937975389254,49.12944118354601,dry,2,14,shika_brown,72,762
919,121.09809840027093,68.80260949602827,61.12794016608221,dry,3,20,noiler,22,712
989,118.11034721485093,131.74065255970413,61.048254813859614,rainy,0,21,shika_brown,63,569
739,113.69985019559863,63.47330620595921,49.18869651778119,rainy,3,19,shika_brown,51,531
736,150.09171508398373,101.14461164790436,32.84507402488108,dry,4,17,noiler,34,459
642,154.91058023119587,117.88959918887204,51.17929134395394,rainy,2,5,other,40,382
922,123.63307809649702,101.77327189860566,62.87969161219386,rainy,2,12,noiler,68,717
1590,132.62790968827647,153.93424614609734,30.965920176717024,dry,4,8,sasso,94,818
552,119.04233998404709,194.78574863940565,47.403518543057004,dry,0,10,fulani,98,221
457,134.2142778746229,111.23949716059101,71.45975705079692,dry,4,18,fulani,36,269
791,120.28861229345176,95.12493268953916,59.689872970771276,dry,2,12,other,71,405
1336,105.39803673165765,138.87372369326317,35.68812312403259,rainy,2,12,other,52,886
506,114.6767602041715,167.1767695739042,33.456666790874465,dry,2,13,sasso,55,304
1893,156.83705938538606,107.92301987585276,52.017588694662614,dry,2,21,other,83,757
1555,113.43630599858174,179.44034431820282,42.70176992237542,rainy,0,8,fulani,24,782
1455,106.98401906982255,65.44541371455566,66.22703370304907,rainy,3,24,shika_brown,66,876
1971,159.26026763400952,126.2808864527171,70.12258727407468,dry,4,15,shika_brown,44,1039
1376,138.39584124703148,168.10132640903618,73.03008749301452,rainy,4,4,fulani,51,862
1566,126.55534139946752,76.04959210199895,71.8462164954646,dry,2,0,other,21,732
989,127.78708203702702,82.06558886880154,59.51560052453809,rainy,2,15,shika_brown,27,787
659,130.6011627836819,160.6624016316709,70.03917066869464,rainy,0,2,sasso,47,432
976,123.56565513548315,60.612357519621305,43.69359098526855,rainy,2,7,sasso,77,581
378,146.92205619309513,195.51572237283565,46.002767752773906,dry,1,17,sasso,39,259
1772,120.96911093848607,189.04183887434922,76.64812742835397,dry,1,9,other,43,1001
1031,155.05148363382088,123.01739816893343,67.2151858668683,rainy,3,19,shika_brown,61,556
693,136.304289110846,156.40810058607605,44.11631753659712,dry,4,3,fulani,48,342
1610,124.41274375748026,61.53491143841607,38.48963197754737,rainy,4,21,sasso,32,1118
680,132.72928888341772,80.61833318976574,52.628225171779135,dry,0,5,noiler,32,450
336,137.770619329159,128.4188635748243,74.49818525686239,rainy,3,9,shika_brown,85,177
562,134.8311566005822,143.23701416030627,44.54319675648493,rainy,4,9,fulani,63,303
1894,131.80530981486544,176.38536997993495,48.252284673805676,rainy,4,3,noiler,85,1026
1959,137.64253026612172,197.1187822392993,53.2201453160323,rainy,0,21,shika_brown,65,986
1727,154.043548607439,73.84222404268239,35.85536157526389,rainy,1,6,noiler,98,790
1688,125.04847336468997,166.1302901989119,49.66153489864388,dry,4,9,fulani,31,958
1903,121.85744528041474,92.27709086985135,53.490428144145056,rainy,0,19,sasso,81,761
549,155.8846196675836,155.66707937922993,43.12301557003417,dry,2,19,noiler,58,331
1146,132.417654560342,91.2164283213975,50.35706922779557,rainy,3,5,other,98,487
416,134.60565084615547,83.17494097714125,50.13661849334831,dry,2,9,other,46,276
1829,156.41896919435587,101.11469787018106,50.78517891424645,dry,2,9,fulani,93,732
1725,116.24402394530395,199.90691719635615,45.41775353161552,rainy,3,14,sasso,64,1223
737,121.31603308344,75.29661792272002,77.4467937500752,dry,0,6,noiler,72,370
1310,123.81591174306092,84.37529465465289,48.907580664623055,rainy,3,22,other,62,755
827,112.97397366345947,69.72719788369447,58.519304978811334,dry,2,23,fulani,98,348
1943,130.38230041270873,143.17464935855952,65.40736672992786,dry,0,3,shika_brown,75,810
794,127.73531457064603,102.22352504242929,60.64002860680654,rainy,2,3,shika_brown,72,500
1081,145.66362303804857,133.44198107029342,41.1374385136852,rainy,4,19,other,74,581
404,115.22180979974864,181.76759952194962,51.60123998168708,dry,2,9,noiler,18,284
384,148.50294587436696,132.8737957932829,66.21049154066799,rainy,3,2,noiler,74,218
1736,155.04555116827007,155.17714636608082,70.55108446461134,dry,1,6,other,52,734
953,102.67339789705919,169.82181588990207,63.93566181076769,rainy,4,12,fulani,86,419
1439,145.53473493322178,97.21191907001416,37.55455238026929,dry,4,15,fulani,51,688
1396,121.08650040824101,83.39401228718874,31.66966024329287,rainy,2,5,sasso,49,929
725,112.39078989578704,195.77490993374565,31.250205642529608,dry,1,22,fulani,80,303
949,145.63348693119536,127.97926831968009,47.14460456744898,dry,1,7,shika_brown,97,492
1058,108.7053667983483,157.8848404046202,31.124616481777025,rainy,3,24,sasso,62,694
490,143.6375486343741,97.73863705534433,35.00846631186649,rainy,1,3,fulani,74,227
629,122.87594314534283,130.1314168449852,77.55731157027066,rainy,3,20,shika_brown,46,435
535,132.3097990447036,184.8526840519143,75.68981297133143,dry,4,5,noiler,53,334
351,157.06673205857598,70.78447999777595,31.424190527463576,rainy,0,0,fulani,34,140
545,118.57416113429389,146.3637700752953,56.705084504293275,rainy,4,1,shika_brown,26,367
649,116.27066714267221,192.6643502250811,53.19326107144238,dry,3,24,fulani,79,260
1083,117.13989933080337,181.06737889290767,74.25596604538231,rainy,4,18,sasso,44,881
1161,133.09931492742737,125.53573466368975,79.2233686546308,dry,1,12,sasso,21,833
1980,132.2140762312253,138.5473975333431,49.19696115186295,rainy,0,24,shika_brown,54,1170
1829,151.8795468333935,129.08219909958342,58.60734388932001,dry,4,20,other,44,928
561,107.79822619712876,129.53481830088185,50.36774058147249,rainy,4,17,other,36,409
559,116.46712301228871,183.0506505833228,71.66956570523021,rainy,2,18,fulani,82,252
1112,125.7592025712506,165.6260065003132,59.15501423153998,rainy,0,15,shika_brown,71,618
1450,105.07763173120541,192.19598555039119,55.864338388396334,rainy,2,12,noiler,68,944
1230,115.41915627122687,67.30590809154656,30.511692820437876,rainy,2,4,shika_brown,51,827
603,101.09607889658061,181.65492819876116,39.76366666235804,dry,4,21,sasso,40,450
1599,142.2643326497545,159.70684195544857,34.73426873639614,dry,0,19,sasso,65,704
619,113.7061777598725,119.2250650715059,72.31382273348126,dry,2,6,noiler,84,349
1846,128.607713434023,78.56150522536508,49.753816269409626,rainy,3,7,other,21,1146
1233,106.88717671963674,161.63562910596863,32.587273983455056,dry,2,19,noiler,40,865
1133,113.31970270113854,108.00162353383809,68.66543350987985,dry,3,15,sasso,55,732
774,126.1810716582167,170.58768023839835,70.89573130233325,rainy,1,7,shika_brown,47,582
1305,150.34548991912632,163.5584388226945,73.53631533260977,rainy,0,13,shika_brown,30,811
1988,105.8621926660645,146.2304809921336,51.7345196331793,rainy,0,15,noiler,32,1311
618,156.116209754916,111.10048938172056,56.594547882954984,rainy,1,19,shika_brown,30,431
835,131.91830406978988,109.95147579169084,69.6108516577676,dry,0,0,fulani,83,334
1583,147.13706524111862,161.72466701287277,65.07453077646815,dry,3,15,noiler,66,935
869,137.46549563106356,175.58521415106316,76.83869747615009,rainy,0,14,fulani,98,348
1583,110.18340638487237,60.02208424092794,65.91189974906422,rainy,0,0,sasso,21,802
1825,138.67088946608777,143.95857911150426,47.50194506929765,rainy,0,22,fulani,34,934
1775,153.7431504848801,156.85460205750712,36.08090784098247,dry,2,9,other,30,855
1960,125.0473642656245,158.2423457058099,67.81658932400796,dry,3,21,other,47,1229
374,112.18923623139808,188.74447871900114,75.74659508851482,dry,2,4,sasso,51,239
553,149.38169852774587,92.33165029090273,34.921877450049536,dry,4,9,fulani,95,221
1597,141.39047700615785,139.1790055795136,33.87428987252457,rainy,4,15,other,59,898
1688,105.60591201054996,127.80800631809748,34.54190905307071,dry,2,0,other,69,675
998,116.34678646652989,136.88179671063347,66.09265802665561,dry,4,10,noiler,70,590
814,150.7809267919854,154.9848968708025,77.70079020595935,dry,1,11,noiler,86,348
367,153.88705501621368,171.03008466528405,57.3258022508615,dry,0,20,shika_brown,66,169
1180,140.75184732113678,182.25415240378493,48.64351653404303,rainy,2,16,sasso,83,712
968,148.45015150682937,152.89796873819853,37.56804756959718,rainy,3,7,other,78,451
1223,158.06801480458046,161.34917396702917,50.589386960387834,dry,3,6,other,28,676
1220,132.458350354868,184.92738583091318,63.999275506410676,rainy,1,2,fulani,86,503
906,158.7548967221191,194.37681339584276,46.45683527780402,rainy,1,17,fulani,18,442
1430,154.59730379635656,188.18287797208174,46.44978873439844,rainy,1,15,other,92,610
433,103.62681537911621,164.8761810636219,58.25866281119687,rainy,2,17,fulani,18,259
1335,151.0655129339287,138.01066629020613,40.34205190717806,dry,4,6,noiler,60,759
505,143.586481486445,73.3750690690732,49.80121731511731,dry,2,24,shika_brown,80,241
1170,153.94871730670098,161.7251229653785,55.48712250213103,dry,2,0,sasso,43,586
710,133.8665104992288,193.32219384415492,69.64968256962557,dry,2,8,noiler,68,433
1838,158.63449390002694,180.88203869144667,46.152179230930116,dry,4,21,noiler,56,1055
1758,128.60271591140884,188.86612208594434,66.19921326240757,dry,1,7,fulani,94,703
1202,133.2265937559549,108.52966047484699,40.07570627120542,rainy,4,18,fulani,38,804
416,136.72898929680343,136.8951779929052,43.651439783792966,dry,2,20,shika_brown,52,262
324,120.39374926971,185.99319654689967,32.489512659385454,dry,4,17,sasso,35,234
556,106.77216505880932,120.37441076523876,64.34780346138953,dry,3,0,noiler,59,310
399,116.050711441232,174.8083112044755,79.7804355757213,rainy,1,23,noiler,27,309
1446,152.65833229526652,101.96212786092948,71.17254040947867,rainy,2,6,shika_brown,79,753
1987,127.81068882151305,145.8746599289047,43.62655845201034,dry,1,7,fulani,55,1031
1302,113.78564049133158,64.98473171231123,70.22662978715618,dry,2,8,other,27,812
1728,128.42700173846933,150.78966365660858,31.413235052498884,rainy,0,8,fulani,38,832
1458,108.2816565362738,154.2748210762163,59.80690308482674,rainy,3,14,shika_brown,88,844
821,122.60917636887825,147.9455646314497,57.36187139396418,dry,4,3,other,33,526
432,126.79595808091761,98.7407996559219,35.21733066627803,rainy,0,12,sasso,72,216
1711,150.79929481013767,132.59724584965687,60.19236825906357,rainy,0,2,noiler,18,969
328,138.34868428738872,174.90954288420653,32.95016669995501,rainy,0,5,fulani,39,147
1259,150.8329700656009,127.13427738098044,76.20409670453817,rainy,0,12,other,22,691
1991,158.52629739121423,182.10056038024248,73.09075880729537,rainy,1,18,sasso,48,1293
1054,151.71664549485948,128.83976028861008,36.38713817713445,dry,1,0,fulani,55,422
1001,110.13832900227342,125.3401451365463,35.01432362394528,dry,2,16,sasso,57,585
1207,113.77523853355098,84.61338367748263,46.12891972516678,rainy,4,10,sasso,85,675
1145,137.14882816295142,134.14234836936055,68.11425976158623,dry,1,6,sasso,33,859
914,122.48505497056561,61.09293722844464,64.68419074856024,dry,3,22,sasso,29,658
1532,124.66255392525584,166.87469498179036,34.98815020190668,dry,4,11,fulani,82,614
1779,134.18952863992803,83.46707590575619,71.88787226751697,rainy,3,10,fulani,88,712
963,137.07606733067763,192.29512925805932,62.32152889960016,dry,2,3,sasso,56,632
1508,120.33898536029025,113.15514163375327,74.39509191641604,dry,1,20,shika_brown,84,629
1541,142.11721203821955,129.45703717980228,51.54602821754989,dry,4,23,noiler,65,870
1297,154.62466537468697,98.35868406616261,55.25583592353372,rainy,3,4,other,25,699
405,152.78788343871517,180.00804680543476,48.75271934427681,dry,4,2,other,91,162
1837,100.49204256565874,149.80451932651076,33.41188415515204,dry,2,22,shika_brown,70,937
1666,106.21623217417311,78.00215381037827,34.57071883848455,rainy,2,0,shika_brown,56,910
460,151.88283777251814,69.38947121564046,62.5153578653628,rainy,3,4,fulani,29,245
1268,154.96895178682342,187.18489199645512,41.29121938820169,rainy,1,1,sasso,19,794
1940,128.63665795199412,169.65887537953174,51.584872282046646,dry,3,19,fulani,89,797
1338,108.88665549334138,173.6165808868626,51.029528707844705,rainy,2,20,other,52,826
1147,156.12375725102203,181.59061468354793,73.22064955334642,dry,0,20,shika_brown,32,560
1585,133.08941772108022,123.24256188264583,30.788719488572298,rainy,3,3,sasso,65,976
1750,107.19737246489152,163.30740751309847,36.418030644759895,dry,4,11,fulani,86,700
682,115.63587318230657,135.34805479737486,56.64368395807535,rainy,0,17,shika_brown,53,415
853,113.03544402963188,195.95014420789477,78.96190841599923,dry,2,14,sasso,53,534
1449,158.3225256505974,79.98987901953905,35.05625940908291,rainy,1,15,fulani,66,580
408,156.14130265285755,153.19432307210076,43.2545700963725,dry,0,9,other,28,214
387,111.32550867604624,68.82234904255192,51.21818943406735,rainy,3,15,sasso,79,242
677,130.66053014095678,81.51440286990689,60.814735636539226,rainy,1,0,sasso,73,349
989,127.66293803313013,170.75010008693573,53.39578159727721,dry,4,17,noiler,37,736
361,125.49207562408066,100.44422191239175,38.61091611035164,rainy,2,23,noiler,88,210
1521,135.6865728874501,108.81797327948593,46.335460749019134,dry,3,22,fulani,76,634
1876,140.89087212654027,108.92266970970798,40.63115948096565,rainy,1,6,shika_brown,97,901
429,103.8863319715121,163.43584122916513,40.576431293170685,rainy,1,2,shika_brown,74,220
1023,141.98238134499513,73.15493135745359,61.05370442352169,dry,1,24,sasso,42,707
1888,149.2797670210146,131.65289564140738,65.89897670101925,dry,3,15,other,80,772
1673,139.92428755829525,193.9168472220889,40.07232408228969,rainy,1,23,noiler,47,1327
1232,109.46132032438884,132.2875746373657,69.6422266918561,dry,4,15,shika_brown,72,724
616,150.5326048126156,150.7435268571361,50.20100514314068,rainy,4,17,sasso,48,439
418,100.07221683454108,146.25379870090967,39.45085336672771,dry,4,8,other,91,167
384,111.6027165927433,135.19113571166258,72.47021274836034,dry,3,12,noiler,22,305
1313,156.7506645437629,90.48206479458344,42.837080067077466,rainy,4,4,fulani,30,684
704,117.36430784226476,152.74019627898923,60.65609868707799,dry,1,10,other,28,454
1862,135.1609826486978,169.0041902180779,42.435357798323395,rainy,0,2,noiler,45,1262
1264,154.03700392611697,78.32089363207302,62.97651595149903,rainy,0,7,noiler,49,680
394,109.7064013830822,111.70493218963458,34.93404587419387,dry,2,20,noiler,54,259
1503,154.41378349802966,70.06452364400188,61.727507043081346,dry,2,23,other,60,609
1907,129.37865270914097,114.72261886501599,34.48539757198155,dry,1,17,fulani,24,909
675,133.45967485734496,98.8326138666622,53.79462554147453,dry,3,3,sasso,59,460
308,127.06984022125576,144.5102334308383,74.7760060190413,dry,3,10,noiler,25,236
1736,131.32140505986092,175.69809003884347,58.82199293213938,dry,0,11,shika_brown,26,1126
1983,143.37823146657848,118.75153797394147,34.828829035283206,rainy,0,21,fulani,86,793
1395,119.32193235852922,138.79137492915515,43.92412280213945,rainy,3,4,shika_brown,42,1097
1032,117.05918121869749,160.05684274806598,58.39193731696528,dry,1,3,other,31,600
1219,105.11549347821163,94.2582583209522,72.7654184092006,dry,3,24,other,50,617
607,117.43901976192211,92.70107163706128,66.79922443785398,rainy,1,14,sasso,51,467
691,126.10545560197146,134.95333375348855,76.58914966381266,dry,4,10,fulani,46,332
1955,106.18115166653237,70.05305636236568,34.713798894946805,dry,0,4,sasso,19,933
409,152.98994067853707,83.38562290680258,41.13924821049801,rainy,4,5,fulani,85,167
1355,137.06891678553336,165.22629511047876,40.700002471805746,dry,2,21,sasso,26,1047
1257,108.38443957386126,114.62390013804124,44.20679321026992,rainy,0,15,noiler,25,944
373,112.12107023934354,170.8750988750444,67.13883205539474,rainy,2,13,shika_brown,96,199
1404,146.70958596720274,67.89294678067733,56.25319350953478,dry,1,11,fulani,78,562
1876,110.34694801438411,62.90378799286811,31.57905060732103,rainy,2,20,noiler,67,1012
643,113.0679469069853,105.80800308545008,61.424771504453105,dry,0,18,shika_brown,77,273
1261,144.04900338738128,193.1221086475599,34.17359722707024,rainy,4,0,shika_brown,66,639
1523,105.68625349552117,105.02235699136685,30.9717577591151,rainy,0,14,fulani,69,609
974,103.26460766501067,151.93197392719833,71.85038979015586,dry,1,7,shika_brown,18,643
1032,132.57412788865716,120.66978683050338,43.83111385468506,rainy,3,19,fulani,24,626
956,109.69525010548409,175.21728754400067,59.32947002772447,rainy,4,21,noiler,67,655
1029,107.24123830971837,147.8918106784253,30.0059322455425,rainy,4,0,fulani,68,461
746,159.04108901178162,123.6869244035356,47.96155703108615,dry,4,16,other,86,298
1964,116.53048119591972,113.43937467309583,48.7415284793765,dry,0,0,fulani,62,786
912,145.90411446262223,82.19783556083269,59.63861496637661,rainy,2,21,noiler,62,560
1276,130.43436989301185,199.41838424027821,38.93039546618264,dry,3,16,noiler,27,997
523,133.06188116080943,80.25168628097676,60.560716559941504,rainy,3,13,shika_brown,67,350
1253,121.14852649574196,84.29516874944369,48.66524950614437,rainy,3,19,noiler,45,1010
1134,141.2866239550391,194.36075647866755,52.921293702245784,dry,1,16,noiler,90,604
1120,128.7094515937131,135.26479894169785,54.595820987618836,rainy,3,16,noiler,80,687
1713,112.47330124629983,172.04548031690848,61.22590076821736,rainy,0,22,shika_brown,39,1151
643,146.73931035397652,107.61525111040163,38.935306046630444,rainy,2,13,noiler,90,361
1420,110.2774332800604,195.17246852940917,56.34815329127458,rainy,0,19,sasso,34,945
1839,130.09471899438736,181.32515205008224,69.73646703681393,rainy,1,16,shika_brown,91,1023
1844,118.65076933104359,193.51190313485796,69.18113712217149,rainy,0,9,shika_brown,72,971
934,106.41553614683468,129.13184540020444,73.69990058065416,rainy,3,9,other,54,636
1850,116.28905304999151,65.45613095557923,72.38951351814372,dry,4,24,shika_brown,81,740
1691,158.05882556396853,199.46055633066737,35.82723049993163,dry,1,2,noiler,77,799
1290,136.7843385929629,67.83517801668098,55.323055938353995,rainy,4,21,other,95,584
343,121.5020579399439,121.67513073727295,55.97263832587782,rainy,3,23,fulani,63,186
1899,147.46684709208637,137.46671413918784,33.69352089537338,dry,2,4,sasso,59,1050
1508,140.40524801481223,62.568812634308564,67.784088852476,rainy,3,8,noiler,70,885
1357,112.95553605633745,183.82598390057387,34.26843896632826,dry,4,11,sasso,24,961
1684,127.146069707053,196.71603488823894,32.49001414471884,rainy,1,19,shika_brown,80,939
1326,158.2603110183785,183.67410818686312,77.27766718837263,rainy,4,13,sasso,62,725
1060,103.14762957471964,101.05725200399623,76.05792469670584,rainy,3,22,noiler,42,845
1594,154.48792339363786,192.2825898674762,30.30643236568404,rainy,3,11,noiler,91,812
1337,106.61660369659401,113.69126342898346,77.01170964364448,dry,1,3,sasso,94,611
1739,134.32452424212588,146.22666271332068,69.48342313902513,dry,1,23,shika_brown,79,881
480,150.7986438599607,118.0625690918196,31.80763302706446,rainy,0,13,noiler,65,221
385,124.85661085539296,196.80560692329942,59.1060685409918,dry,1,10,sasso,99,192
1405,112.05107296306699,86.04118045983934,42.737939759992265,dry,4,0,fulani,26,567
1162,115.62358081666132,165.39100896736142,48.285792858952355,dry,0,3,noiler,69,579
531,125.56004863014456,150.26035729406402,38.853546095796986,dry,1,13,other,43,330
872,124.44009523019564,199.83827580584835,58.96100176137789,dry,2,11,sasso,77,507
490,109.2392794166474,159.04467863105967,78.73359477581282,rainy,1,14,noiler,48,351
327,130.40128916849542,97.62457234056757,56.47892082571252,rainy,1,17,sasso,48,240
1970,116.3753036519642,83.75255137594064,54.199537516627,rainy,4,13,noiler,67,1252
904,145.4845838375244,143.50247484583826,43.71912218353752,dry,3,12,noiler,77,477
1325,109.84686637574742,67.63315824295915,46.48655535731062,rainy,4,3,shika_brown,83,661
1919,112.05224414149946,168.39647958054317,65.62889716236305,dry,0,5,noiler,68,962
942,105.26617382606047,127.09865124114435,66.43553425448894,dry,0,13,sasso,27,549
979,141.09126875073494,190.54243379590204,37.33984486885245,rainy,1,14,fulani,64,498
439,112.1487138484828,153.55632120914441,39.123816554961465,dry,1,1,other,48,219
524,159.70316514875483,191.29437513255868,30.214087891805182,dry,2,12,other,82,210
966,106.73636549973457,161.74367913210475,77.21661178741458,rainy,0,23,noiler,85,457
471,100.11236463515012,109.09089961356261,42.073211409960805,dry,2,9,sasso,32,344
995,145.5054835424525,88.78468866547867,57.21256886377869,dry,4,14,shika_brown,75,471
1610,103.51007397247815,142.36393836880606,58.08777262721951,rainy,2,12,noiler,41,1271
1456,137.60661844277382,137.48460606949095,78.05519374852682,dry,0,16,shika_brown,22,882
1544,104.0265076915811,119.02675770910591,49.717207161675354,dry,2,10,fulani,55,750
1388,150.99854602657572,199.43874713245472,55.407865328007375,rainy,2,4,fulani,72,562
1704,130.54682154933275,137.77261333836339,71.24692399086987,dry,2,19,noiler,72,991
1627,155.59003714265327,64.5101504630522,53.1267471647853,dry,0,18,shika_brown,32,730
1724,141.77383561144862,93.45003439090021,35.92867165204753,dry,1,8,sasso,41,1047
1518,115.03050615315009,103.5687503059631,72.50199274965968,rainy,1,9,shika_brown,47,976
1332,112.4475520887927,120.6206902157472,62.33036184196467,rainy,4,3,shika_brown,93,755
1446,126.17613166693377,148.57327553457594,36.05640134988766,dry,2,6,sasso,25,1072
627,159.46512028812157,120.40040538524835,73.48995767961081,dry,3,14,sasso,67,301
1523,111.05179177979417,100.29474587266108,42.42028026234274,rainy,2,10,other,27,1078
951,159.1855927686118,120.53353893388044,62.09365543977182,dry,0,14,shika_brown,20,511
1231,108.6052361524134,186.2060217526717,38.72232830954713,rainy,4,24,shika_brown,22,909
1983,133.45109588003652,193.96438196861527,73.95310022761251,dry,2,0,shika_brown,68,962
505,119.43097784475069,90.79080393628138,78.5609394980391,rainy,1,20,shika_brown,74,271
1476,112.80687287956253,135.10013642577007,71.76811770894463,rainy,3,3,shika_brown,60,1011
1408,138.18065891908537,130.01292700951265,35.165023890663996,dry,0,22,fulani,62,586
957,133.98344323786586,155.4149000291859,46.95142748719549,rainy,1,3,shika_brown,52,622
398,119.57110367667455,194.5284404181286,39.13474063556914,rainy,2,7,shika_brown,34,320
1304,153.6118001090878,191.4449006311027,69.02198199555886,rainy,1,5,other,92,522
307,159.05052910690463,175.36410094112537,57.74876674262741,dry,0,15,sasso,99,123
1273,154.0713473172761,96.51692279255668,73.39142510824664,dry,0,14,fulani,37,523
395,113.789831664001,127.01615164728277,50.303814618351666,dry,1,19,sasso,94,194
1347,109.85581982323744,178.43738094244185,70.62012420156577,rainy,4,3,shika_brown,35,1029
1212,110.75876636948834,173.8364908756572,77.02317594142838,rainy,1,17,shika_brown,91,656
1062,126.75791622426433,103.20507542896112,60.367819173887185,dry,1,20,shika_brown,51,652
1484,156.28168764186805,161.35998237673874,57.549462224811165,rainy,1,7,fulani,27,696
1335,159.284076517669,152.23685805023734,48.270306545077844,rainy,0,11,fulani,64,534
478,150.42169032311912,77.01792813255767,40.74961117941956,rainy,0,0,other,23,227
592,127.56632479710271,70.8732206489695,77.98634190194807,dry,0,18,other,64,275
1135,142.88061225552525,113.754417684433,68.54492021594012,dry,1,14,fulani,27,585
1729,112.23270055729596,186.39578164175504,43.797207370632314,rainy,0,12,noiler,57,1127
372,123.63597871877482,162.1313999942274,40.353608769512164,rainy,4,17,shika_brown,43,298
1248,138.85495265625872,60.50581055479341,42.6847147544256,rainy,4,14,shika_brown,87,681
922,120.81802453746903,89.17392845590325,52.281034604996606,dry,0,1,sasso,63,421
504,159.98017858738203,114.42705129636741,49.34995296271545,rainy,4,20,fulani,45,253
1390,147.60649548232794,64.80650395999946,79.12821002927137,dry,2,15,fulani,61,602
1801,131.8719276544907,155.58913002717827,41.86570804473757,rainy,0,6,other,67,834
692,102.02927725429116,116.60620830865591,69.23675570430497,dry,4,14,noiler,83,328
483,139.38478805378037,82.99037415182843,32.79901424308432,dry,4,1,shika_brown,44,274
335,156.74427756413763,164.66044904757547,66.52713157482896,dry,0,1,noiler,58,157
837,158.42811119697993,65.47747267476078,77.30987632400158,dry,1,12,fulani,56,335
1726,103.57837507772629,104.48227652646958,79.55758225740935,rainy,3,24,sasso,59,1067
1184,127.63982468264223,95.24631411636273,48.74261363984023,rainy,4,21,shika_brown,23,910
1503,134.95310178307602,137.41170474649527,72.96801123764106,rainy,1,23,other,34,1035
1415,148.67733123676237,90.302031677634,70.14649206871381,rainy,4,12,noiler,45,978
1152,144.27467998910402,104.26109684896599,54.195174651092074,rainy,0,17,sasso,55,671
374,123.754669045761,160.56876543290397,60.613261436493815,rainy,2,15,sasso,93,216
1063,124.02498767024964,149.35513795557844,74.28808470563096,dry,1,19,shika_brown,95,449
1277,121.5360856151829,116.73773983258315,75.27880294982843,dry,2,22,sasso,84,665
1154,109.37063982645924,74.74375827257325,64.17080661468546,rainy,3,9,noiler,55,806
940,111.90404375474299,126.14444603955266,54.58066724201653,rainy,0,14,other,48,502
590,125.38086677450576,138.02830906030536,74.42962473116461,rainy,1,20,sasso,29,473
588,106.591585423164,119.45568883757446,30.88925706312417,dry,0,16,noiler,81,265
946,124.47612226325778,129.61436722653886,32.02194156063307,dry,3,14,fulani,20,517
1856,156.1644101117672,186.3836645528802,57.16390149590528,rainy,1,10,shika_brown,22,1203
369,138.7058467385592,138.04643685659153,62.19711526679552,dry,1,11,noiler,66,229
1401,158.09410741157023,80.18285642440595,73.6508554970541,rainy,4,15,fulani,46,616
578,104.23205771423932,168.19262900064368,42.48405321696625,rainy,3,13,shika_brown,59,424
757,152.5811267816315,122.13127773716204,44.24543115208826,rainy,4,7,other,31,449
1479,153.3229656767648,123.43908640698996,45.761931420051056,rainy,0,1,noiler,56,729
568,147.3663039289273,85.10947029703726,58.66114787781218,rainy,1,14,fulani,18,321
1994,156.81204384975788,100.84134420525052,41.32323458386975,rainy,3,10,other,28,1039
854,134.8775785303389,166.04666229637692,43.30259612196724,rainy,0,14,noiler,64,504
1644,113.68533188619637,104.38194616112627,40.674229184931754,dry,1,17,shika_brown,66,897
544,113.2998305852433,90.78943672551239,77.36135136733554,dry,4,15,fulani,78,218
892,143.44052752969324,86.03485136813845,75.47627796811648,rainy,1,10,shika_brown,40,659
616,132.97136485136554,155.20796247968562,76.91893685420305,rainy,1,5,sasso,61,418
406,104.72692426023485,98.76623656373127,42.4449192596596,rainy,2,17,shika_brown,67,273
487,149.22070090285183,85.75263849863376,53.231353543427225,rainy,0,22,other,34,250
1354,105.19524149076102,142.94236171065802,67.93818753509387,rainy,4,12,fulani,21,818
477,146.09486665877898,172.4188825014014,73.96617124348599,dry,4,16,sasso,68,253
1469,116.86167557621215,96.72421902317484,41.126489124944285,rainy,0,4,noiler,18,885
1126,103.11467018014378,177.21937831786818,76.90362983527055,rainy,1,22,sasso,30,859
1977,158.66006306194362,143.2797702048232,72.52922349111236,dry,3,8,shika_brown,48,1088
1657,118.11891478514403,120.48714385056664,56.39545989157841,dry,2,1,noiler,33,1126
1839,129.30028863971913,151.3764655077296,36.06523522825818,dry,3,8,sasso,46,1193
1979,123.82914999657523,143.85861268834373,42.0771406357989,dry,2,13,noiler,45,1240
1996,131.01704658013645,138.30121427034206,63.588398022818126,rainy,1,22,noiler,49,1411
1278,113.2621085960371,63.93423570647019,78.98069445494706,rainy,0,17,noiler,88,562
1792,108.12751689455418,175.1113599575507,76.09536943576174,rainy,2,9,fulani,72,798
806,109.61760842924973,89.48434896855116,44.14430360342775,dry,3,18,noiler,86,406
1443,115.23265289833928,106.38154770255998,55.02116218162669,dry,1,11,noiler,94,666
385,134.1504874717844,132.4977944049612,62.72299464129374,rainy,2,12,other,69,197
1963,116.85863403277081,117.81340545404825,36.9719163574987,dry,3,22,other,71,912
411,140.19655680182598,61.88216615767828,40.23127362795099,dry,1,16,noiler,42,303
716,102.8946473881925,112.02722145008747,43.6511675876061,dry,0,11,other,76,306
1885,137.11581769006608,177.34088315268997,55.78680941870225,dry,2,1,fulani,36,939
489,134.93205404543724,87.73522005402039,32.452942687313225,rainy,2,8,other,55,303
1711,120.07943722747007,113.07734749873103,76.70732075230562,rainy,2,1,fulani,32,884
1291,157.88515196990983,162.89950136124025,33.09307121916469,rainy,1,22,fulani,56,531
621,158.81932436366955,146.28085063562455,39.17321269844243,rainy,0,3,fulani,99,248
1718,121.42945537457369,151.26109267340627,67.14266155571983,rainy,1,6,sasso,97,974
1558,142.17395696940486,72.14405816726936,35.852229068838476,rainy,4,7,fulani,58,685
1924,121.04311056725506,98.273748535929,58.86996335665455,rainy,1,7,sasso,29,1459
459,143.36363668267762,194.9534795543602,76.53556111662718,rainy,4,4,shika_brown,52,326
1263,145.5884144260192,151.07769703371355,49.74332615721461,rainy,0,10,shika_brown,65,685
1011,117.08187813325333,194.39112005184379,48.95433615244261,rainy,0,12,noiler,70,539
399,104.35338252574996,109.6607728258322,31.360125435773785,dry,1,24,shika_brown,25,265
1591,154.62829757027703,130.39435887729354,43.45069656222079,dry,1,0,other,93,636
977,120.2109998161226,74.56241525131429,58.6861274183788,rainy,1,1,other,22,600
488,135.523858465295,135.6163393107948,54.695299695467774,dry,0,2,sasso,50,238
1150,153.29067462270297,94.27350360852611,58.718486211950705,dry,0,4,noiler,63,460
1429,100.90528181264169,122.8931983086282,51.605144870581405,dry,0,21,noiler,90,593
1048,106.62486368046669,148.83987119479306,63.62031467977879,rainy,0,4,other,50,542
946,113.40992526127866,178.6093282602744,54.597019130467835,dry,0,16,shika_brown,24,501
1235,153.79488015783932,101.98782678678938,39.09134981205757,rainy,0,21,other,61,594
429,136.43947553546354,60.033693764006316,70.27368673399124,dry,3,8,noiler,37,333
876,148.03741938476892,196.10191133486498,40.7379699981236,dry,3,5,other,94,350
879,106.55133978421088,84.94749975033766,32.065407096073244,dry,0,17,sasso,63,448
1643,158.1962326268255,120.89237425703246,50.30171032971846,rainy,1,3,sasso,65,939
1966,143.49824829252344,62.197290947942506,44.46903618028473,dry,2,18,other,60,844
1505,156.29411933533794,66.200980881493,67.48713782114089,dry,4,10,other,55,679
1356,139.7498123910567,111.97187068604028,62.30051454733495,rainy,3,22,sasso,57,949
570,139.41359407928107,99.19825692357362,31.440068528466675,rainy,0,7,shika_brown,97,228
905,103.63313537447564,156.15497023892144,58.3913045699792,dry,3,17,shika_brown,58,626
1918,103.60510943336389,196.2062759675389,53.27194853001616,dry,2,24,noiler,41,1442
1381,110.17120961976774,165.92434976113964,71.62447372097242,rainy,2,1,shika_brown,80,726
1468,153.8444181515415,106.5602888627273,77.24445131074768,rainy,1,4,other,73,587
930,148.9257696406941,188.5715640650172,68.88791271164928,rainy,3,14,other,70,479
1631,136.13475575231936,197.05185370539283,48.25408166168884,dry,3,2,sasso,37,1160
1884,101.09231818619192,77.99953481972562,54.80485532035337,dry,2,2,noiler,93,860
1049,132.54363785610397,91.10900897943748,37.346151355030315,dry,1,13,sasso,85,494
1830,151.880665155139,189.6410384644551,31.19030216291715,rainy,1,10,sasso,61,1047
657,104.82659201256006,81.91110587126391,42.49465974336824,rainy,0,16,noiler,95,347
1362,132.36606132927616,132.48369199462473,30.438737753095893,rainy,2,20,fulani,48,765
1562,145.7348059010029,141.58133768641488,37.46055739815843,rainy,4,6,sasso,32,1150
475,152.93617387117456,94.2134444878574,34.77968681513487,dry,1,12,noiler,79,234
542,117.98150595247387,100.45873047187179,69.97975399710214,dry,1,23,other,42,338
1010,106.6756748385681,186.18527238278804,57.04061412412176,rainy,2,22,noiler,24,851
449,146.22626848749871,174.9785248200637,64.93773944412709,dry,2,14,noiler,75,217
1620,113.89102409476337,192.98947534796764,31.38449433793877,rainy,4,23,shika_brown,96,875
1303,149.88345046402475,65.63456238634856,41.79600552366918,rainy,1,0,noiler,91,541
364,100.26890159953173,130.17258173497711,65.24180987586684,rainy,2,21,fulani,35,225
1240,153.56983757579437,172.71337036737253,61.836042256819596,rainy,0,11,fulani,90,496
859,131.51309509785403,161.37361398813385,30.984465598787555,dry,3,18,sasso,91,422
1487,150.47164335261448,180.9333825422118,36.1643199663025,rainy,1,17,other,18,866
1786,148.5699052936937,169.95895297070035,52.91234209671459,dry,1,14,sasso,72,904
1562,150.7172864812078,157.4884338533393,68.56265561897746,rainy,2,18,fulani,52,761
1648,134.91818845070884,122.11951973065807,31.101960183381713,rainy,0,10,fulani,53,761
522,157.72452268223338,169.14880985868706,73.7440983721072,dry,2,23,other,55,239
997,149.5023346374017,178.1438951931885,63.650455048152615,dry,4,8,fulani,36,463
643,135.81275724017033,189.4821157606774,76.01881751607459,dry,0,2,noiler,49,375
859,105.24596184961855,148.30569972570748,55.20374734200442,rainy,3,23,other,69,486
764,135.61101352683184,89.04682587190592,43.106552522271414,rainy,1,7,fulani,56,404
327,140.80368374487736,117.00310869247684,66.31128959351385,rainy,3,22,other,97,165
600,137.25245125340808,195.69389826412532,39.864415435853424,rainy,0,13,other,63,297
1925,122.83455648268642,167.71308050484419,65.34555075494951,rainy,3,23,other,83,1025
1866,121.37780293311141,114.82847383353439,70.18803474402398,rainy,4,3,shika_brown,71,1000
1168,159.1273642602807,175.47225080078343,79.71266595432681,rainy,0,20,fulani,87,467
567,122.294386510972,87.3042324504816,35.71615570595626,dry,1,21,shika_brown,90,269
626,151.1393904865309,199.0226150897237,70.8179254608045,rainy,4,14,other,39,413
771,105.20071366904985,180.7152279623482,49.5257848842197,dry,4,17,shika_brown,32,579
720,115.72983462452797,89.79910793438793,34.02582792957559,dry,1,14,sasso,40,499
1420,106.3175714953567,93.52161307605519,39.34245097266435,dry,1,18,noiler,26,942
1584,140.62977258834837,192.70455228046526,61.92389583066195,dry,1,23,other,48,938
307,154.40098831889756,194.2317567067045,31.29243319200367,rainy,2,14,fulani,66,127
1334,110.81772764180683,68.80575606496029,48.91777120313438,dry,1,0,noiler,84,534
788,129.76179365521267,108.6835695214296,49.99293475686078,rainy,3,21,noiler,28,635
1567,126.42155184557171,79.9448407321952,62.031946066006135,dry,0,10,other,82,627
848,120.09137287457271,188.73824079385992,62.68600463799904,rainy,1,15,noiler,63,605
1766,134.00004722500987,151.58356367887052,45.38747583039101,rainy,1,12,fulani,80,770
343,129.9141530178133,134.6657579854111,62.974508554382595,rainy,4,23,shika_brown,75,212
660,120.83663409257619,86.18484199697198,47.388251045731394,rainy,0,7,fulani,23,379
1947,131.94106759102834,179.32976445424794,47.104750287971285,dry,0,12,noiler,35,1212
573,128.91665676356325,65.94592746837759,53.126699268915026,dry,4,21,sasso,34,428
1457,105.38195782049527,162.74095775915748,79.73768440309857,dry,3,10,noiler,96,696
1843,112.7898521435145,76.34541540212119,50.76967149843992,dry,2,0,sasso,74,777
1894,125.44313111286954,131.4797649461401,39.07887541914946,dry,1,13,noiler,29,1292
1383,113.17867258307456,109.16905957409782,31.028573234384776,dry,3,12,other,46,841
632,153.3241473631975,125.01184482548575,55.806229210124336,dry,0,24,noiler,57,330
800,107.19043969247224,183.09816976560728,68.96015683825539,rainy,4,20,sasso,30,646
918,114.70918177309188,165.25671954835116,30.879624399695743,rainy,1,18,shika_brown,89,428
704,152.87497169935634,146.0874120122717,71.11817569062153,rainy,4,15,fulani,39,404
1304,150.16676829566126,154.93015172506833,64.2272216515662,dry,3,8,fulani,61,556
1855,132.13789917083392,79.19444633040601,56.923798833135294,rainy,0,15,sasso,23,1144
1557,152.53920326047515,75.19884025839332,69.58664464998265,dry,1,15,other,75,623
1498,145.9025913982294,116.7176502671604,73.6260258423091,dry,2,9,fulani,92,599
1522,118.35148647969055,66.80784602893888,63.78138838493502,dry,1,6,noiler,36,975
361,148.43078621214946,152.04916829587515,39.63717536061842,dry,4,3,shika_brown,63,194
401,121.15110766032731,153.60237859815913,49.41488889742695,dry,0,10,shika_brown,61,208
1518,157.98870730787115,149.03303226353827,69.10506127420533,dry,4,9,shika_brown,63,747
1421,147.58370325421285,115.76345150089998,79.11975268113844,dry,1,1,fulani,89,568
1096,141.91428910784396,81.39904255307083,35.401265967907676,rainy,1,20,shika_brown,49,729
996,132.48606859659068,62.58522668505304,33.09875179947597,rainy,1,5,shika_brown,66,564
1083,148.35433882113412,119.84034996243,35.669916367245435,dry,4,22,noiler,81,518
727,118.08390264503095,82.29663720775321,37.04096090668976,rainy,1,24,other,40,470
632,134.2386509527027,183.78722597197168,30.869437146271697,dry,4,18,noiler,30,484
409,113.47411715660509,135.2188985167827,77.21344354453602,rainy,3,13,fulani,63,214
804,115.90894013302064,62.365069710012584,53.985008126677286,dry,4,17,noiler,54,535
1358,123.13288008042417,192.01376366298666,74.48985402961948,rainy,2,4,fulani,76,650
564,121.80002691497586,148.13943532362805,63.69189805834885,rainy,3,20,noiler,90,329
1410,113.53323979621746,86.48926074280871,60.84505645198686,rainy,3,17,other,27,887
1586,149.68329837815637,154.07830199632565,78.53640819928972,dry,2,18,shika_brown,77,660
327,117.61513830545692,165.44835911966942,40.95333081561894,dry,3,24,sasso,29,266
1851,147.65684304176045,175.3228178253974,40.57361406529397,dry,1,21,fulani,86,740
608,148.624116451539,119.8781639146934,65.07996749497985,dry,2,2,noiler,83,299
795,153.2001853991325,153.1778944304242,62.366023671021615,rainy,4,1,fulani,71,318
494,135.63126188234804,115.91604224896128,71.77696396207128,rainy,1,20,fulani,89,223
833,130.13086849234764,150.40709309701117,40.47892409691689,rainy,0,16,noiler,57,505
1333,143.91807030116271,65.99722496645978,63.789548181399255,rainy,2,22,sasso,89,679
1020,124.93357192739899,113.80746391419387,66.91958184680287,rainy,2,19,sasso,91,579
1839,127.99806219701122,118.77742952971073,74.48568600621988,dry,3,2,sasso,49,1147
1076,133.87428751642668,70.3679078295851,54.08784545613382,dry,2,15,sasso,91,573
657,123.67235249454552,69.68139769488691,47.39754307154962,rainy,2,22,shika_brown,51,455
1740,130.39322895288507,64.57170484318837,33.46581306856584,dry,1,14,shika_brown,46,1039
908,146.84639409323137,110.930047223868,66.80270072413948,rainy,3,23,other,24,593
819,114.94460993029551,140.05750057991582,30.91586036078625,dry,3,15,noiler,46,630
621,155.59473502858756,151.27360829778382,75.63301979502779,dry,4,20,noiler,33,391
967,114.46662686111311,91.13480097168451,77.60869187281406,dry,3,0,fulani,86,387
1815,134.2810939424167,80.99678338121626,69.19561902936168,rainy,4,5,other,93,726
1401,114.50916893923491,135.10317584591263,50.092616929689626,rainy,3,7,fulani,86,596
528,140.28980020194768,177.94329065381186,42.51996569328202,rainy,0,7,shika_brown,45,367
1677,138.27876264359298,179.25752676079236,48.04857279931359,rainy,4,21,noiler,85,984
1739,118.96307771013225,184.4051886609632,58.02291022791651,rainy,0,2,sasso,60,1098
908,123.9177376986445,166.16279989186106,62.54417425619348,rainy,1,11,shika_brown,71,530
577,144.80480635075565,138.77334929188663,34.16512915558982,rainy,2,18,fulani,82,231
1264,146.17821800748476,144.56251952052494,79.53140541329283,dry,3,14,sasso,41,898
834,154.3015958465919,157.7166466275889,48.547732320451026,rainy,0,1,shika_brown,99,334
735,152.87135421365855,102.58863253890053,62.71966824152874,dry,1,10,other,26,443
1030,155.13117135298626,145.2714317029419,70.3657150384526,dry,0,23,fulani,36,412
1069,118.15159247228276,157.09194930049568,30.445639208587444,rainy,2,20,fulani,83,428
674,127.22895482346223,148.239765529488,56.978781478103066,rainy,2,3,shika_brown,85,352
1430,127.07007497730234,181.18926221941143,37.54147188305143,dry,0,5,noiler,24,882
573,148.11784030135425,165.46159687687145,64.79318082993495,rainy,0,0,fulani,88,229
495,130.184232097344,70.82405616357164,64.11527314335305,dry,1,13,sasso,51,325
720,152.97556713369175,140.11407543558317,73.372547769443,dry,3,17,sasso,65,374
1265,126.83321711214185,139.78651753055794,60.2837611086586,rainy,2,5,shika_brown,78,746
1797,152.96834075130909,69.79216141940837,50.955254314335335,dry,0,5,noiler,55,756
1185,144.65411550623432,186.46774191895125,30.42430060417215,dry,4,21,other,86,527
1681,106.69820123025272,121.74487281838687,47.693537172411816,rainy,0,19,shika_brown,52,1088
1170,151.48081945409962,107.93344724128636,43.33298291941006,dry,1,7,noiler,88,491
1069,142.64003475657012,197.425319826482,65.57564501559092,rainy,2,7,fulani,86,428
311,145.7008813588191,191.37110212663632,35.68256306558417,dry,0,14,shika_brown,93,124
1376,120.00742123189883,121.81261751152111,56.45950493732835,rainy,1,12,shika_brown,62,879
702,102.84099863961036,87.43702114883348,59.097182075289155,dry,2,24,sasso,85,344
933,142.8590782366224,105.74584661402432,44.47713738968525,rainy,3,23,fulani,62,519
1543,146.4834155982736,131.94003029767714,30.528356138722145,dry,4,17,fulani,80,617
1434,114.91295864507077,113.01889005915282,70.90548923720837,dry,4,3,sasso,67,828
658,124.45257627605297,91.93086317442885,37.86688529000239,rainy,0,22,other,84,263
1974,132.13050333786987,180.0921312195627,32.90755602832006,rainy,1,3,shika_brown,43,1373
1087,151.95048852519653,191.4436641098794,79.63623097968139,rainy,1,23,sasso,77,540
674,111.21006437767498,146.75298122675923,75.86809925326384,rainy,3,7,shika_brown,59,440
632,134.6594797639604,121.41221581699452,30.867296342685897,rainy,2,1,noiler,50,429
1157,157.16457238758824,110.74485643218969,37.595302549446984,rainy,4,22,other,70,528
473,155.41616007867506,169.618370017203,39.038797742036344,rainy,1,2,sasso,64,290
1968,127.96021086118077,149.12974495022192,44.89787144791795,dry,2,18,shika_brown,37,1360
782,157.25422189927792,188.33538551124585,41.66329509585216,dry,0,17,sasso,72,316
461,150.8816741594369,188.84203788018473,52.456984422969555,dry,4,0,other,79,184
1771,142.97986163540173,199.7038591519845,47.42528999157955,dry,3,0,noiler,91,840
1096,103.91031975383243,194.8459545341846,47.44950540070788,rainy,0,15,sasso,58,645
1260,152.6049917878978,82.45122738668704,57.37442165747356,dry,1,15,shika_brown,19,732
1742,109.73684945884142,61.738252483719286,38.56413181460756,rainy,3,18,fulani,50,784
633,145.43833572009254,142.05547502573893,69.13678551800959,dry,1,16,sasso,35,399
797,129.28935736523854,68.06997738363508,76.86310223889203,rainy,0,5,shika_brown,26,508
1211,116.10270191662886,125.75076989637691,33.8301808156855,dry,1,5,noiler,85,575
341,113.66119755577591,147.10767047921863,30.606872915760025,dry,4,9,sasso,41,246
651,158.7505898320035,134.4761722063734,40.70423272513304,rainy,1,24,sasso,40,447
1939,111.20805046270213,147.41606824610284,63.96793949608233,rainy,4,14,fulani,27,1176
702,143.21945663958408,176.1941086537446,40.02547617754438,rainy,0,24,fulani,92,288
1788,149.55842017500922,100.78239321872104,70.4293084714549,rainy,3,12,noiler,79,835
373,148.1332791382781,134.12760353311518,64.22245242315987,rainy,2,0,shika_brown,92,171
1319,115.03427748532887,162.74333625832386,44.2327696746796,dry,2,21,fulani,91,575
1344,133.35228307874772,62.90484232365305,35.17230583464674,rainy,3,5,fulani,59,568
796,112.95198385956931,159.314704335158,76.75220981953652,dry,2,11,sasso,21,543
1231,154.72359386926044,124.48308114787312,32.0497955304057,dry,4,8,other,89,492
1919,149.75964760372582,64.82913604160314,46.28799269639488,rainy,4,2,shika_brown,83,768
1478,133.97228941042871,93.30938271429768,79.43282774570062,dry,0,5,shika_brown,90,591
1320,132.8780678076357,83.73811921181897,70.87382196524604,rainy,3,22,fulani,64,619
1848,138.31150277149987,185.75627171447542,61.49418518355997,rainy,4,19,other,27,1347
373,130.5146753121229,71.54413091775355,66.79736008616112,dry,3,12,fulani,29,207
861,105.35686457674896,114.24182642973287,34.723305896911654,dry,1,7,shika_brown,80,444
756,142.33621248186049,110.07479278280839,67.58153967836337,dry,4,7,other,62,375
1632,125.56337946187438,184.51411794486728,41.742013576779264,dry,2,2,shika_brown,35,1155
1590,111.16792926208598,100.88197406170278,68.90628306432609,rainy,0,11,noiler,55,881
967,103.41687692190689,112.40557904579953,53.191085938383154,dry,2,8,fulani,77,391
921,132.09800233992428,78.2615236346685,69.87827762672609,rainy,2,21,sasso,65,618
1524,127.38089446421485,88.76079497405591,40.40400784548669,dry,3,4,shika_brown,63,863
1023,144.65685635764984,164.45308470719175,63.53628700393616,rainy,1,15,shika_brown,87,587
1506,118.4102878421571,74.27046694927981,33.13607954506942,rainy,3,11,noiler,34,1094
781,147.88279497020923,89.91981647936106,43.36036383782845,dry,1,3,noiler,42,532
770,109.24936297752049,123.44427766514353,73.69536193925835,rainy,4,2,noiler,30,618
563,128.93658756919473,66.94578313267044,54.97727116618577,dry,1,8,fulani,94,225
609,159.0215115050306,130.53471184599644,52.7878851430728,dry,0,9,sasso,19,350
1816,136.91364993794025,119.55812246166947,36.35103848931439,rainy,0,1,noiler,19,1093
1573,120.4785544293936,195.32609891699,59.70796789398257,rainy,1,23,shika_brown,62,1074
1216,143.0484165559847,152.04626692682763,58.52248674361722,rainy,1,16,sasso,52,946
1670,142.15836784040104,199.9894757566447,51.7645665747666,dry,3,3,shika_brown,67,991
411,119.43634720964295,145.22226756187882,73.81116465658204,dry,4,3,fulani,71,173
336,129.2153888991466,87.21167025725914,73.05275456087958,dry,3,11,noiler,59,227
1095,125.75264677250198,185.62745517962762,44.422917520906424,rainy,0,14,noiler,56,696
1533,138.40788492345533,98.04761767433166,50.068374285857956,rainy,4,0,noiler,99,706
492,106.57749917980014,128.5851798983155,48.93453316665011,dry,3,19,shika_brown,98,215
821,127.73385795446815,190.9940608314416,49.594696046795676,rainy,0,8,fulani,41,454
1475,149.2016693359255,61.326518376637516,30.182335139233814,dry,4,2,fulani,73,590
1358,132.97320239718385,169.81095236176324,43.461658928715806,dry,1,10,noiler,65,854
1378,100.71629799725095,130.16950519245682,64.87609443040375,dry,0,15,shika_brown,20,852
1987,125.1163111403149,66.20136033957894,59.45300767626456,rainy,4,19,fulani,64,993
1845,142.42203328203018,92.56123816557925,74.03769190283592,dry,2,8,sasso,98,777
558,123.59478788752227,90.41268644294085,67.95454806980135,dry,2,9,fulani,96,223
1131,120.37911070101732,119.94092187892929,50.18368288120139,dry,3,14,other,44,718
896,150.2094936641799,119.58701873863414,41.0734291515935,rainy,0,15,sasso,92,373
1817,109.18888501982545,198.0083131276573,62.7337940286114,rainy,2,15,fulani,79,756
469,133.10740381476973,68.96001158533417,36.81138891592245,rainy,2,11,other,22,319
1253,105.80138298026458,91.70448452612769,74.88526132362902,dry,0,2,shika_brown,65,551
449,156.5595845863652,131.71958218405635,35.636864409834814,dry,1,6,fulani,44,185
626,147.34540909578482,107.75010233980966,42.8053545800313,rainy,1,24,sasso,75,393
422,141.45107052796294,90.89805595177941,60.73211772963903,dry,2,16,other,37,248
561,127.0982010809934,120.89427488917036,35.59864852434966,dry,3,15,fulani,39,310
390,134.97229432171306,162.5353064200158,47.21856952022672,dry,3,11,fulani,50,222
1932,103.89241827010643,86.92084125235117,33.426299379849404,dry,3,21,other,53,1007
1889,135.21516139540518,166.4907115409236,39.09403490757937,dry,4,3,shika_brown,82,945
1902,133.93191261544345,186.22198766938078,54.77357815326667,rainy,2,18,sasso,30,1516
746,136.25445784582593,107.48318274592543,44.919546093494034,rainy,2,9,fulani,66,443
1804,139.72764093125494,82.11249213904753,75.20818419780375,dry,1,18,shika_brown,54,1066
1524,127.50805660874343,63.35943241201022,54.729312560132286,dry,2,9,sasso,95,675
1547,120.50545613791377,105.60753675007159,31.754380560815,dry,2,21,shika_brown,29,988
435,125.14350391978573,155.54669306690454,47.66991767038272,rainy,4,19,fulani,36,251
934,117.13062692437354,108.80276105272162,54.67584933623861,dry,2,13,fulani,46,514
1360,102.24109808894877,130.03703104684467,72.72114801638091,rainy,4,20,shika_brown,47,901
1286,119.50309141657524,92.58915582124706,43.2465443111203,dry,3,16,shika_brown,88,640
1900,114.6192399768229,193.9766665594435,53.08866521556457,rainy,3,3,fulani,45,1041
1202,106.35438017048668,146.6824034527786,60.9793550111344,rainy,4,18,sasso,62,817
874,117.7638057824917,100.28451175719574,79.15075781251298,rainy,0,12,noiler,29,562
956,124.37964838280352,64.39594817378376,48.546171255453245,dry,0,8,shika_brown,45,527
1307,141.2824579807213,107.16994704684149,35.586391367803124,dry,1,5,shika_brown,55,727
1223,109.07097516023525,173.4424392266859,67.99393520193951,dry,3,17,sasso,64,735
685,134.42965441503142,97.14289181685865,63.37741361671686,rainy,3,22,fulani,19,458
1421,135.05311727756822,114.19832505811983,31.7184102950674,dry,1,4,other,39,753
1841,136.90284691415766,178.89393100176744,47.64614465465508,rainy,0,16,other,94,736
306,119.18174119997502,164.18605501242303,56.59908999525004,rainy,0,14,other,59,169
725,100.45548497043485,140.17388164675694,65.85934448626358,rainy,2,3,fulani,84,301
1046,131.32290497027552,113.19385752063718,32.233001443861184,dry,0,22,other,63,418
1580,132.68677692220598,198.224176887808,69.60096039700676,rainy,4,5,shika_brown,49,1233
1969,148.54111253600183,130.74694493680008,65.1349516408616,dry,2,2,other,41,928
1377,157.60401899077823,69.45394621162282,51.438075385175196,dry,3,15,fulani,51,608
881,118.57931646282768,64.29232862102762,37.50096808949311,rainy,3,13,other,25,579
1978,155.33198343014112,81.23892617054578,58.34752378194051,dry,1,13,shika_brown,55,983
1683,150.4616582654447,166.65383356262092,47.70024715906213,rainy,2,9,shika_brown,29,1194
331,107.6669772744306,77.0019662019725,44.076752005344716,rainy,0,24,shika_brown,87,165
1694,116.0650999323725,140.0658554724518,78.23427782234208,dry,2,11,other,76,679
1638,138.52802771764695,118.05102489132855,75.1673925183029,dry,0,11,shika_brown,76,722
1608,128.93273690537256,159.33392890072372,60.620145405148605,dry,1,14,noiler,43,1196
1031,142.10416062763474,121.46742559319532,44.387712028116226,dry,3,2,sasso,96,514
328,139.82284992708816,120.11375953317467,72.43942938695777,dry,2,18,noiler,53,215
1557,113.79550981273363,107.30619960850883,79.90873689462325,rainy,3,19,other,98,643
999,148.60922411660187,61.9720977028018,75.3053799930937,dry,3,7,sasso,71,448
556,154.51144183003075,121.79145844477054,67.3186337396177,rainy,0,23,other,46,263
1622,125.89325739718643,149.72483307720898,77.2354525412706,dry,2,12,shika_brown,34,1099
1728,153.64645590387684,195.0412260122314,53.93508409451751,dry,1,8,fulani,49,801
958,111.17857705014701,189.75428954997577,65.28438232261912,rainy,2,18,other,23,693
1922,146.6740896692222,137.5560876420578,62.372106090810156,rainy,3,14,shika_brown,59,1211
1304,159.26639992822734,121.54641220124108,62.47904723089195,rainy,4,20,fulani,75,569
1848,159.83923669838623,99.50501039089264,58.76850324128584,dry,3,16,fulani,29,739
500,141.1623819248817,97.51930343890531,36.15777369943953,dry,0,9,noiler,26,305
1593,155.91534614113522,147.91124906192442,79.70309916915552,rainy,0,20,fulani,92,637
1960,152.23794092391952,97.61450642108595,36.061343467011476,dry,0,14,shika_brown,57,855
1320,115.81128654902392,92.33482060208746,49.95903824944455,rainy,4,24,noiler,25,1100
1967,107.40443008392859,130.68471399905457,77.58866422048163,rainy,4,23,fulani,98,787
516,131.022901281408,66.40172606671817,77.26790672282664,dry,1,18,shika_brown,20,343
1906,136.49981530881945,106.73015966443077,71.33248877320295,rainy,3,3,shika_brown,45,1313
1456,157.71548546896304,180.00766221143758,33.00108987941354,rainy,4,4,sasso,32,1000
1002,135.89211374763153,114.58526698981998,50.11631283793306,rainy,4,17,fulani,85,480
545,100.85970732713812,105.45063460054264,45.95220156768313,rainy,2,18,fulani,40,319
1921,122.39829866102863,139.04176817262456,33.185155124216315,rainy,1,5,shika_brown,73,1039
324,155.9336618910678,98.02915163769353,67.12276338474267,dry,4,10,noiler,95,134
727,142.92163840298818,157.42175523139719,59.31920110464492,dry,4,21,fulani,92,303
886,101.03763854602495,104.85067586892286,39.789190343020245,rainy,3,11,other,49,554
854,139.7814062994641,154.32002493634212,45.66622831504124,dry,1,19,fulani,61,388
1704,135.46372468293936,101.09391358351294,37.467422515973674,rainy,1,4,fulani,56,785
1792,119.31898523704743,65.75390414942254,54.783219114845956,rainy,2,3,shika_brown,50,1102
1702,157.52707628350186,168.2565612911984,75.29939531294575,rainy,2,3,other,39,1010
688,138.8116134410333,195.8411225848253,47.233657050627386,dry,4,23,noiler,82,371
1018,145.103022488709,164.57644465614788,47.25103333052333,rainy,1,12,sasso,91,550
969,103.47985434836251,141.69413684122787,47.46635179879556,dry,3,16,sasso,66,601
1290,144.99258727587758,192.49345864832753,48.89091419224525,rainy,1,15,noiler,69,831
1640,105.29694991509498,88.27172103167756,37.733765156395634,rainy,0,4,shika_brown,30,954
1533,107.32675728195964,123.9569602438047,36.66712318220477,dry,1,19,shika_brown,85,712
1652,138.31436426233796,142.56575849050552,36.83873940606667,dry,4,5,fulani,46,828
1856,107.36959255448376,195.17724845031822,44.0767555586773,dry,3,22,shika_brown,81,1012
1832,120.28537129782343,102.37039970685325,73.40490471420232,rainy,4,17,fulani,55,952
1604,119.34130560437058,151.28204614747838,65.40758438703006,rainy,4,0,shika_brown,55,979
459,120.6989707417527,153.7928853404312,42.8898831082063,rainy,3,17,sasso,90,273
601,116.1663094448855,143.82126774794227,52.19668248515563,dry,0,8,other,96,240
1528,118.03723359133852,152.561597760673,64.7792587151772,rainy,3,21,other,56,1037
895,129.99447740174847,182.3493151140275,46.342334856535786,dry,4,14,sasso,77,527
1453,136.59225509538135,130.3024078151941,65.92666464850181,rainy,1,16,shika_brown,41,1100
629,114.74823137667195,154.34115514875634,32.16099686274786,rainy,4,11,noiler,89,328
1627,114.25395060300909,107.94615787301603,58.37196256322365,dry,1,23,shika_brown,85,749
750,134.6952307202031,184.83324497500618,54.2294041598809,dry,1,11,noiler,55,499
1845,122.78467207293741,163.2871718352934,37.5012089723257,rainy,3,19,noiler,40,1474
640,137.04711891665897,193.2754671224764,45.535210935895854,rainy,0,9,other,77,274
1593,129.55658073116962,111.39158459221453,53.5478426195515,dry,3,20,other,62,807
1327,122.14088196075673,142.895009885946,47.537660737467746,dry,1,6,sasso,35,852
1361,115.57684592043522,141.44477851274712,42.04760213184714,rainy,1,12,other,60,752
1711,132.71144974541778,137.6237319013295,61.59664814257222,dry,2,15,noiler,75,986
1187,148.48593882961072,176.98045654079328,58.895357125094804,dry,3,22,shika_brown,96,600
1303,101.57708634025643,123.08694671023859,67.92776142333955,dry,3,19,other,59,709
1108,131.42505861511182,75.97208346147364,36.500347761638494,dry,4,6,other,96,443
350,104.47679443944143,116.40538554434079,30.127679413403186,dry,1,2,other,28,182
1565,131.43470060226383,145.11835236751529,79.82610359623362,dry,4,15,fulani,63,686
1493,144.66930339695597,74.78999884183386,79.08836755989827,dry,4,8,fulani,63,660
1386,100.39554432033634,91.23609419541336,60.2620378786091,dry,2,13,sasso,44,918
756,151.15138040930583,147.55560704335386,61.98510310795513,dry,4,3,other,44,454
1743,122.94662230324963,198.24392637441082,65.25106297484294,rainy,1,0,noiler,97,817
1813,133.10077382515837,144.2470218954657,79.93239424671103,rainy,1,6,fulani,98,725
1880,134.30859967646103,157.63425861969014,63.68493204952859,rainy,4,12,noiler,84,1129
631,120.98852492123166,143.68417248392362,37.1000909402199,dry,0,5,sasso,53,335
1865,129.35079769282217,73.43659753745581,49.78087328966342,dry,0,0,shika_brown,21,836
1762,151.60883865773206,160.1667980162751,75.16041624917027,dry,4,21,shika_brown,42,1081
855,112.94148207837314,84.59013655544129,42.668929742897575,rainy,4,14,other,57,543
1542,136.3231364807594,146.28307097853718,38.515235247174786,rainy,3,10,fulani,80,665
606,138.59945882054728,92.11861471219987,37.88601585416249,rainy,1,1,shika_brown,40,430
954,120.91279909620266,142.23370333761062,45.53808476862107,dry,0,14,sasso,33,662
1933,145.16030491688764,83.95983096444898,71.47922356817156,dry,2,19,shika_brown,85,773
1180,123.69762565662093,132.41855637425732,71.95068015799009,rainy,0,1,shika_brown,93,483
1843,111.72900438181017,81.01873841620358,32.90988850651435,rainy,0,13,fulani,20,868
1712,112.4968815175048,145.19984730091107,66.14999797968746,dry,3,9,shika_brown,33,1288
859,148.08718166944283,150.83103618220346,46.19480138855256,rainy,1,18,sasso,87,445
414,117.85987035575886,121.78355573438444,45.70837063959818,dry,1,4,fulani,29,255
1608,154.03763767569384,104.83524225182535,53.03740674971859,rainy,4,19,other,30,979
597,149.98297786413946,135.26744410462965,55.84292627686587,rainy,4,10,sasso,64,362
542,111.59415948909202,126.26958510659216,64.09525832303858,rainy,4,1,other,68,295
1556,128.68109839957233,164.80423233730238,63.055662057219656,rainy,0,21,fulani,65,745
789,145.5816998679947,139.0077635022411,72.79879301975717,dry,2,2,fulani,27,387
1607,132.95320599321184,113.82002262943361,62.40589615104173,dry,3,13,sasso,20,1098
918,121.7994090144251,100.78304247842829,60.07673113153131,rainy,0,21,noiler,98,461
1911,135.01673296846297,65.96273355584384,78.46179986335545,dry,1,6,shika_brown,56,953
417,132.44609396964017,157.9943177799372,71.40542546341538,dry,3,8,other,77,191
1991,120.53358671829199,84.36715559110486,57.59050878534771,dry,2,19,other,75,850
948,138.85328665920537,116.9352257735322,56.53143445485969,dry,2,13,fulani,71,448
1979,131.6464627334667,88.5612091115074,36.03442339231202,dry,3,20,sasso,97,881
873,146.41041092805676,181.9681450808366,40.701984588498284,rainy,3,4,sasso,26,673
429,144.4487554906014,63.460013114387664,75.15586414360682,dry,3,14,other,33,266
1564,127.25896911270345,157.1945747261409,71.59566562854803,rainy,0,18,fulani,34,841
1190,120.89193893281963,74.18696777856357,49.33322784010019,rainy,1,17,fulani,73,505
1810,133.4387183190414,69.82267106953866,43.43089785468997,dry,2,1,noiler,68,928
1223,105.48228643368489,120.56609060208639,41.36512036192619,rainy,3,6,noiler,46,998
1776,117.01618163557796,151.60890846272525,73.59177881999551,rainy,3,9,other,64,1131
1911,151.09184831724963,147.244254024395,47.379594111488146,dry,2,7,shika_brown,66,1010
1912,117.132576272172,81.98824377387942,52.454397858428855,dry,1,24,fulani,39,968
600,121.78008699895369,68.71138417131388,74.88070041711927,rainy,4,11,sasso,41,469
1177,127.03740487420751,106.4089182556836,77.88282371943487,dry,2,15,noiler,59,726
1922,144.0594044931115,161.78174365796136,51.253408680800376,dry,2,2,noiler,20,1254
1524,109.82881981565892,65.62068780402365,38.33727843129683,dry,0,13,shika_brown,19,786
1792,137.47813352129057,79.48167683255133,78.64064307351073,dry,1,22,sasso,82,787
1906,152.65490635200203,160.04168596946442,56.211832828158016,rainy,0,1,sasso,52,934
1362,137.24249358010354,71.09171530332878,54.86756615634249,dry,2,12,shika_brown,72,740
1345,137.30359691853292,142.56326575786844,78.52087396934319,rainy,1,23,other,76,626
1063,138.95135707818957,94.19352553234464,75.17914926508209,rainy,2,13,shika_brown,97,553
891,117.6770979810942,61.05575298023982,44.832858805903044,rainy,4,1,fulani,62,391
1010,152.636813881082,74.54478961800396,31.61842670027601,rainy,3,11,shika_brown,40,599
1323,148.77686211667728,154.99588417070623,74.45374583733599,dry,3,19,sasso,48,804
1653,122.86859891757871,190.59368209583596,65.75823672692188,rainy,2,24,fulani,24,1036
1909,140.24783118937407,110.7377153117633,67.37641599310686,rainy,3,21,fulani,87,764
993,106.5277507828573,144.30918499474848,70.0468847910428,rainy,4,14,shika_brown,57,616
1988,149.95909013515842,169.8472597277983,31.087040391833742,dry,1,7,noiler,86,884
1906,111.07763240423893,166.40501976474042,40.339077966206005,dry,2,12,fulani,18,1026
919,138.8325480696946,82.52367148388825,76.51534564934441,dry,0,19,fulani,78,368
1036,101.34681802970694,198.61209244107155,57.8762188097133,rainy,3,16,fulani,61,601
1835,144.85867675580639,179.01664152785565,47.69977847723334,dry,0,24,noiler,93,911
1456,149.27526699333055,135.5684328340035,45.21551382399616,rainy,0,9,other,91,582
747,147.66647205528363,95.90727369153483,56.45872265909247,rainy,0,2,other,65,355
958,157.73584468211033,102.0807951275631,73.07239607021741,rainy,1,8,other,68,441
1980,102.319803170686,79.16619679763498,44.29190723319644,dry,3,6,sasso,68,1003
511,143.83192126032174,176.01729191416027,67.29773089519998,rainy,2,17,noiler,90,278
905,117.44229135426292,136.12174287622307,43.781768500809726,dry,4,5,sasso,18,658
735,129.06208908055947,140.340788354771,37.36916337986743,rainy,2,3,sasso,80,410
1353,136.97074489642046,94.08389008807967,79.41235778451227,rainy,3,21,fulani,78,600
1344,143.25990520269423,157.9760167515389,77.9277003974764,dry,3,5,sasso,97,589
657,102.17639408139944,193.3909957916078,58.5546304493127,dry,2,1,noiler,89,288
664,149.8927198805678,146.11189530827568,64.84961657992193,rainy,0,4,sasso,27,427
964,109.16180862679364,84.14357210278452,58.49142401364227,rainy,2,4,noiler,27,778
652,157.7788148839163,114.70206786935645,50.03054618986718,dry,4,1,noiler,68,328
939,128.76981018869557,87.58491210551486,64.01232453492617,rainy,3,2,noiler,25,734
868,159.50718131727578,60.119517641236456,39.86029486155004,dry,4,16,noiler,53,451
1032,124.28749565923205,99.76401354838953,31.302777639753504,rainy,1,17,other,35,671
1276,132.8375658608189,148.30549041740034,77.87712787235364,rainy,4,20,fulani,21,731
985,108.63194456841063,147.0883312994951,34.01615528447667,rainy,2,17,shika_brown,48,710
1679,126.62733030945435,93.44038314865153,43.13949861777096,dry,0,5,shika_brown,25,990
1914,154.1891506721376,115.70288912656932,70.53360283812057,rainy,2,16,fulani,33,979
1822,110.11358032337331,76.53354597533499,66.25688320999218,dry,1,9,fulani,30,874
1778,130.3486410111829,144.85250767791513,30.48861157097406,rainy,3,2,fulani,51,873
802,110.83862399348169,143.23735873053272,51.33126867381972,rainy,1,10,other,20,579
502,145.0692222187347,166.4542335052705,49.45303548093263,dry,1,10,shika_brown,40,319
1128,110.63334299838817,100.9286393901212,57.566877134953806,dry,2,23,noiler,69,598
1106,104.81371376306234,110.6330863550533,39.10337557871448,rainy,4,24,shika_brown,26,887
660,126.15815596002268,75.39507593843886,43.33582430836605,dry,3,21,noiler,76,384
301,136.91614962061527,93.53108416564268,53.3303132963091,dry,4,19,other,40,196
651,148.9162654883692,77.95571569685845,48.40193995584528,rainy,0,14,shika_brown,61,316
406,110.16394753795643,171.41657225306182,30.057297531412814,rainy,4,6,sasso,93,224
818,124.80933480385029,139.435897630032,57.17225942709463,dry,3,6,noiler,71,439
1894,137.48680604104382,76.36790010458279,68.52058183556366,dry,0,23,fulani,92,758
1437,129.45550563917985,86.64931197044389,47.421132389454655,rainy,3,5,other,18,929
1136,112.8596657171988,156.232694701902,59.81883088466283,rainy,3,19,fulani,82,557
1697,106.87886818133059,169.34603695077553,66.0338179546259,rainy,3,15,noiler,98,1053
656,113.66861744056789,172.7500738226486,61.911612318010114,dry,1,20,fulani,38,365
1404,147.69705596948063,195.33417333874104,66.35463646121181,rainy,3,1,other,59,701
1829,106.87944979147544,176.98316423306977,61.977017527514406,rainy,4,21,other,39,1228
1501,114.53032738283662,160.97557364016353,67.75588946527085,dry,0,9,shika_brown,88,611
663,128.5589832916328,169.11085710668056,41.757778500420855,rainy,2,13,shika_brown,85,389
1639,108.9212736821238,128.08483181486372,37.067956544307485,rainy,2,7,sasso,93,928
1830,141.23042155657015,135.51945394621254,54.91789671472189,rainy,4,2,fulani,93,779
1861,136.85994859508747,133.95265258009417,48.94411897756174,rainy,2,22,fulani,36,987
1512,121.08728615714307,150.24104542332165,36.87077499132341,dry,1,11,noiler,89,802
524,119.04995725567414,130.64092040561206,36.787209222591926,rainy,3,4,shika_brown,36,394
406,115.26094607185829,172.87446094203057,67.50831581882287,dry,2,23,fulani,35,234
1975,108.81231254999244,92.162851576594,35.365933023700755,dry,3,22,fulani,41,912
674,132.55924337842728,191.13884607351156,39.80703994304993,rainy,4,13,shika_brown,77,405
1374,113.79937679748672,146.53268724309868,33.37119331018408,dry,2,7,noiler,36,971
920,131.31111666971708,78.99101483120913,40.124952480204755,dry,4,13,sasso,70,511
814,153.5338515969323,158.00476573507976,37.434219617834835,rainy,0,2,shika_brown,21,487
1636,155.89644970885968,190.15140289067784,30.39770906392703,rainy,3,3,noiler,32,1044
1937,148.54982829686656,142.18061048283704,61.74570220688217,rainy,4,16,shika_brown,75,1115
1978,141.65391272938822,84.18565044167538,72.631611638577,dry,4,15,other,22,1157
1055,140.18474844553833,191.77102891334067,66.96680979480004,rainy,2,16,fulani,67,594
1405,124.59878355319401,177.38757667921539,39.25879694225296,dry,0,10,shika_brown,67,665
1572,138.5896870698005,115.19328305810214,53.408888144010014,rainy,3,24,fulani,36,942
507,136.1084135379323,78.31187560179039,59.12664152439069,dry,4,5,shika_brown,98,259
1456,129.64602494550635,179.97773279959262,57.30772956035982,rainy,1,5,shika_brown,94,776
448,109.23765964626557,156.70120519205562,78.00942150049627,rainy,0,9,other,31,262
579,132.6021932346391,81.09215247844855,73.93154630865035,dry,0,2,fulani,99,232
718,104.70811670464329,122.75880041630228,34.87987699243703,dry,0,14,shika_brown,99,287
1211,143.93441501235336,104.94277347712595,43.266203503233356,dry,2,24,other,34,713
1908,135.69581424404953,177.68408715058032,31.479142227261875,dry,4,21,sasso,75,1037
1250,110.15295400836948,158.8241265519144,37.32516702527093,dry,1,24,sasso,74,694
1334,126.66310159828336,66.34638228671918,48.08081706409162,rainy,0,12,shika_brown,98,575
554,122.168723418024,119.2535218086261,58.194605641463305,dry,3,15,shika_brown,94,291
338,115.82706472340894,158.0838335327426,77.5866554512213,rainy,3,4,other,87,159
904,127.71186754001018,149.54424479183626,52.78531422101487,dry,2,11,shika_brown,75,505
1322,120.69772508555393,74.67255853554246,77.91492415356504,dry,0,18,sasso,44,654
1161,159.69098842370755,102.33579277605688,41.93692226813,dry,1,0,fulani,42,464
516,159.42305066189314,151.0249376345417,36.35596459285242,dry,0,24,noiler,94,206
1284,134.16951031120058,62.621459931214694,65.56136407352511,rainy,4,0,sasso,97,622
934,105.12386152810487,147.7104630172535,44.037597537317055,dry,0,10,other,86,374
797,107.13418106067961,142.76587019625026,78.45582654703693,dry,3,6,fulani,57,352
1352,152.6870033263409,173.27208421246823,58.39106902502354,dry,2,16,other,48,762
531,147.0902349869581,75.69591076734746,49.05353382172112,rainy,4,7,noiler,64,354
1737,128.21942953275877,120.89849344778193,44.74812080818762,rainy,0,10,shika_brown,83,805
1991,108.21517317313659,170.99249486727416,51.79134556598129,rainy,4,6,other,55,1228
1880,109.52216274150018,117.72679018866515,33.759642385087815,dry,0,13,other,40,851
1447,140.76684014899587,123.16677927753754,46.679979042113864,dry,3,5,fulani,45,711
790,121.27762566658711,66.4446390598406,79.33877986927789,dry,0,7,sasso,65,386
1751,144.3134224380134,101.1483235646792,58.73516019597439,dry,4,16,noiler,26,1248
1254,109.79934458285851,149.70267030304237,70.67077071604345,dry,3,9,sasso,36,877
1171,101.21621234038315,167.55863269193316,50.050490988648335,rainy,4,20,other,26,898
700,143.03966722245218,176.76591750973387,30.656668685496687,dry,4,12,fulani,18,325
1116,125.74436604730019,62.466310999755024,41.79877885597257,dry,3,7,noiler,37,765
1913,128.02738556158837,114.89794057569813,66.19355191573587,dry,2,24,noiler,70,976
550,119.11378588755937,168.13708109725383,78.57385351351368,dry,1,5,shika_brown,98,227
501,109.68240229088975,153.99474067549835,70.44546480448881,dry,0,23,other,68,219
1904,119.86994525332206,63.945767328316364,52.49479279940467,dry,3,24,fulani,98,784
399,125.8404142889473,76.05537393301383,65.71317314109243,dry,3,16,shika_brown,29,292
1115,114.03978872743767,85.712615429464,30.497681285668218,dry,2,5,fulani,39,531
1399,151.64769339161023,61.34157627984179,78.32096584022992,dry,2,23,noiler,93,560
971,121.23566059451822,109.80650009920237,72.11410493741079,rainy,3,21,shika_brown,53,710
761,142.0286481814085,116.9439342067836,57.385785408961794,rainy,1,18,noiler,93,397
638,141.6486048975789,184.17808109096012,58.796908370589506,rainy,2,9,other,93,326
1781,127.39622917570392,62.93916991920354,37.796831957711625,dry,0,10,shika_brown,97,745
1607,119.07856296679729,133.69790545528295,69.0412916705464,dry,0,23,noiler,45,982
1484,134.35703471886006,189.336821099271,49.65193929974377,dry,3,14,shika_brown,68,892
1313,136.89392062162625,160.28311749137143,74.10538785941264,dry,1,20,noiler,30,901
1088,107.22282787990748,76.67507517042931,76.74308971261812,rainy,4,19,other,23,638
1471,112.65716315516521,111.8321280154963,70.43711145105598,dry,2,23,fulani,52,819
1982,119.45404758244497,103.43889700859243,62.39043990109556,rainy,0,9,shika_brown,43,1243
461,107.79356957792533,177.6954112064615,69.34798414820985,rainy,3,23,other,84,214
1648,105.88092591260713,166.00251626367776,74.47030585507824,dry,0,22,fulani,30,843
1580,115.81446929208303,166.53486448651321,56.57337479787064,dry,3,15,sasso,74,854
1703,106.91755432334672,104.5243657721047,31.558117660025164,rainy,3,11,fulani,81,711
1487,128.11816251133658,70.88436214581364,43.09252657042071,dry,3,20,shika_brown,44,898
891,111.914978693565,135.53321209177096,39.14988583010494,rainy,1,23,shika_brown,41,730
1982,143.4297209093767,86.14757827780124,66.92749371850547,dry,0,10,other,50,975
1794,156.20281357788988,93.22119877932116,39.47282265574883,dry,1,11,other,46,852
1956,155.96788341237874,106.8408764758008,78.37995966601252,rainy,0,9,noiler,63,1049
795,112.48279925597615,182.659569855761,56.28944217677732,rainy,3,21,noiler,42,676
1261,114.85704394365666,98.1959738880017,78.9124296944492,rainy,2,6,other,87,602
1999,137.5519665769221,158.07097939504325,42.65422016107134,dry,3,21,sasso,73,1194
1032,133.13940211932996,88.26671687212672,69.7171671992719,dry,3,18,other,79,487
1535,156.06247242295007,80.6819628190804,70.48261660352259,dry,3,7,other,55,668
750,125.53189868805299,117.89235961300383,52.14291547897095,rainy,3,16,shika_brown,52,577
1115,121.3943825586436,167.40584601587966,78.92066971614685,dry,3,19,noiler,31,832
1140,103.8233996013231,178.43467337743382,60.37391972515591,rainy,1,12,fulani,67,565
1969,108.98857764546733,118.77628939661084,75.58039284787444,rainy,3,12,other,81,788
1488,158.26633050188528,140.34844215434106,36.390292139760646,rainy,3,8,fulani,54,607
478,100.97108013591347,70.70216125303955,59.00974516239884,rainy,3,14,other,77,248
1469,137.3656715404113,75.65757267782573,45.66639160756578,rainy,1,16,other,76,626
1063,148.40690274115468,110.84677448957936,72.91322742558734,rainy,0,7,other,58,509
1666,121.92555281813483,85.43005311808025,64.33299369916472,dry,4,19,other,35,1046
1358,124.61833681359491,130.64745561043765,48.34478309326875,rainy,0,17,sasso,47,924
1617,105.6986504829904,106.92708092408682,35.72103400780114,rainy,4,12,fulani,62,847
1339,119.14793459902364,79.24906963420452,30.8810001364857,dry,4,4,other,34,690
1628,100.787327533698,104.20995368158304,68.99212905096584,dry,4,12,other,95,651
703,157.9973566095858,112.89190566828614,59.49209559441091,dry,0,16,sasso,23,420
547,134.0656673378636,120.15196910604027,70.90562733872954,rainy,2,5,fulani,35,340
763,130.81464412764777,84.8424606456241,58.27431416670849,dry,4,0,fulani,28,372
1177,137.94209991487676,120.33657346735792,36.92269268285027,dry,2,3,sasso,85,655
406,102.65858867429958,104.88314699124449,58.593785823547584,dry,2,19,fulani,93,162
1373,140.09736316826195,171.93803280788603,41.37810151599329,rainy,4,24,sasso,68,958
1856,110.33005872786705,128.07998012918853,66.69633618162433,rainy,0,22,sasso,54,1140
1288,111.5520890634264,142.60174555831742,67.054289886911,rainy,0,3,noiler,78,626
1720,121.21639012466797,199.23614489268456,52.11885838151061,rainy,4,21,shika_brown,50,1265
861,139.5822689288255,73.79211028559473,58.03284267503409,rainy,2,8,sasso,85,503
1197,149.8632064538403,73.84471759752438,37.23664666690361,dry,0,10,other,88,479
1800,118.09621397782988,71.23140085214419,76.97168114480937,dry,4,10,sasso,51,1057
832,110.34357536482058,131.74141442832232,68.64406935208626,rainy,2,10,noiler,90,477
846,120.76771240429528,66.00771817242718,65.97384465882323,dry,3,0,other,63,404
1902,124.24039738481216,174.91645065246607,58.856522526089066,rainy,3,16,other,74,1026
1579,120.56404164182544,131.42691624790484,75.18662678430962,dry,0,6,noiler,36,1002
351,110.24392456678298,181.8458631186569,50.98474617497986,rainy,1,9,shika_brown,43,272
1200,128.75454250235984,100.23318813577957,48.16916854982482,rainy,2,20,shika_brown,25,990
1548,103.33996876337194,199.85201467727248,64.74633482200511,dry,4,5,noiler,61,946
1176,114.34215658898837,95.9756395458979,45.35603474360304,dry,3,1,sasso,74,583
1308,144.65829794051172,117.1869943617068,79.98474156855974,rainy,1,18,shika_brown,71,763
1368,142.1385793990719,173.563708613945,47.17952108666525,rainy,2,23,fulani,95,637
705,115.98801647255216,97.47074273135888,74.447612784532,rainy,4,5,noiler,23,553
1095,108.67770028740685,130.54560776096156,37.787346592672215,rainy,0,7,other,48,587
1124,110.1366454870951,191.83727641023233,46.00024428806741,dry,0,6,fulani,59,456
1237,108.1179782507701,126.30670494571415,45.29157645592065,dry,1,14,shika_brown,18,883
1847,131.01991499275707,73.92610098873021,62.95310979126558,dry,4,21,sasso,62,1105
478,144.17425580290708,162.5104584074006,38.25743560549872,rainy,4,15,sasso,39,353
1183,141.26083247079413,139.67827037974178,48.72898034674927,dry,2,15,fulani,61,620
454,103.32274804887747,67.09034570212168,74.1576493185916,dry,2,19,noiler,19,324
1441,110.24697752692867,89.52831785969518,68.19777651550689,dry,4,7,sasso,36,988
1608,126.05558561121184,73.21406805882364,66.32799540947624,rainy,1,1,noiler,37,1106
914,121.79996954035951,71.86574388254192,53.23701547561237,dry,2,21,fulani,61,452
475,143.06153863247994,80.04188363297007,46.45063068919663,rainy,4,20,sasso,30,402
1265,104.76817020109632,193.0351670946981,65.15317688187578,rainy,2,17,shika_brown,75,777
1287,151.5963248040091,113.26499124160105,78.2429959384285,rainy,4,15,noiler,99,639
1067,150.60166773231936,121.07739887261877,51.66710151841615,dry,0,5,noiler,69,464
1916,128.0908587858907,158.384212096761,79.73311494361272,dry,4,2,shika_brown,46,1123
1219,106.80004512686236,155.18247398374774,79.8808418020275,dry,4,3,shika_brown,72,580
880,159.3737969097484,76.21685216779176,36.49774520384605,dry,2,3,other,85,352
490,158.89326626338226,82.12592476869229,63.57254095777189,dry,4,20,fulani,64,208
1897,129.31516315334915,172.76743706366742,51.3167452720173,dry,4,21,sasso,62,1150
1441,127.64453303567029,193.7673252693162,45.670529310981244,rainy,2,14,other,50,959
1059,100.27889013551683,65.77734981631124,78.99041996190915,rainy,2,20,sasso,49,660
742,117.57434052900157,162.3583552550193,68.99578895527048,dry,0,1,sasso,66,349
1293,116.31305471577315,191.37781236226624,63.284877403696015,dry,4,14,shika_brown,56,866
1801,129.41217125233769,110.65303152496863,79.70868958408673,dry,1,24,noiler,93,763
952,143.54618041687334,163.67294517423005,68.24696592008081,dry,0,15,noiler,56,554
403,153.32540311234155,133.4620964601334,73.34717479709346,dry,3,12,sasso,70,212
708,141.53532337575427,124.30262705878044,36.761432705902614,rainy,1,4,noiler,51,525
847,145.66043741115485,86.08296854439834,65.95821908894447,rainy,3,10,other,96,369
1467,144.16875830009505,136.69036688886098,46.26126502657368,dry,0,11,shika_brown,52,753
665,138.56166499288298,105.52064247236103,61.63575621504958,rainy,0,11,noiler,92,327
1421,140.2225546261203,98.75295159626152,42.78218357794813,dry,4,20,sasso,83,766
649,129.06381494698377,128.03575064493327,38.098764245467514,rainy,0,7,shika_brown,72,363
1446,118.23168783932331,163.8613604121229,65.70013542617556,dry,2,12,noiler,53,1062
1317,151.0360328980934,172.4792996737428,54.40417385985723,dry,1,3,sasso,93,576
872,122.08180316120843,91.32954105629753,70.7602640582731,rainy,4,2,other,52,565
1583,145.54974886980287,143.82831857870633,78.05622009258587,dry,2,19,shika_brown,42,1055
310,136.33018875424895,105.91741819358575,58.63332517359463,dry,2,17,noiler,70,184
1302,151.11017552571403,90.28479566265608,55.291658982830114,rainy,2,6,other,62,677
1536,122.5911784417891,186.49548595046335,44.16685696376552,dry,4,2,noiler,78,871
1963,133.03024844621308,158.90670821071637,64.2361268610666,rainy,0,12,sasso,61,1089
818,115.5619492700497,164.06416911173798,47.98817308483632,dry,3,20,fulani,43,488
1220,153.49112896638604,69.999870542611,71.77343205542724,rainy,1,1,noiler,38,686
1104,104.64868395782383,159.8594411335131,56.77498577111868,rainy,1,20,other,80,600
632,148.39271347745228,61.428586219934324,44.391717015075585,rainy,0,18,other,58,303
1641,130.21351277953136,178.6544804846825,73.0983378078554,dry,1,19,fulani,79,671
673,116.63350044531293,188.29780853405987,49.39675378394347,dry,3,19,sasso,98,351
1791,118.56201202817867,138.65849246068836,75.58017589298116,dry,4,9,noiler,66,1032
1615,146.30909272615844,90.43835679573594,41.18376060274694,rainy,4,18,fulani,81,646
643,144.29564084494245,64.39315632235942,45.765245009950156,rainy,0,21,other,78,257
1162,111.86104514165432,107.40362959560939,69.72529239373708,dry,4,15,sasso,95,641
1320,144.7469294800763,88.95149129006491,68.97441732357669,rainy,3,14,shika_brown,38,969
1451,146.420186281903,92.94168664868386,37.58452245346405,dry,1,11,noiler,73,724
956,132.574840620661,72.43304711642587,53.51060605821195,dry,0,17,shika_brown,19,526
1973,103.29891253737287,71.31326838675098,39.435308073963355,rainy,1,3,noiler,41,1280
1825,103.36789528126434,174.17594123866104,61.01150262673781,rainy,4,6,sasso,60,1150
745,107.5586716491501,91.37850515241102,35.30723264106959,dry,0,7,fulani,81,298
1951,153.91670845805334,154.82502231460643,60.90187402808871,rainy,0,16,shika_brown,34,990
430,143.41134140494916,106.4949816152915,63.456034178338044,dry,0,12,shika_brown,32,259
1107,156.49217476230956,193.546344558095,74.10711571129305,rainy,2,8,fulani,67,480
1480,158.93556447224216,155.99472908671717,78.77409962238806,rainy,0,9,sasso,82,652
1227,146.96409048142166,82.48596370568853,78.80475895557443,dry,3,12,sasso,70,571
1281,143.82237959465283,102.0670605161047,58.763364715693314,dry,2,16,noiler,72,706
1997,111.40226887120964,168.17362288098377,54.44974403393813,rainy,0,2,shika_brown,33,1348
470,100.30402686983574,117.19320540694076,61.49049928530589,dry,1,7,shika_brown,22,336
1505,156.429264218155,73.03343979602239,45.30519800788085,rainy,0,9,fulani,18,660
1358,145.6788264723547,174.996300092157,63.59245559432614,rainy,4,17,other,78,634
748,100.83884751037071,121.43714333177833,71.03240900246911,dry,1,5,other,56,452
1089,144.23478930183265,156.58781615791537,57.15414445528915,rainy,2,12,noiler,40,843
1157,104.08001701885465,155.56093919261158,32.332072546290554,rainy,4,6,noiler,91,606
1390,137.01099107655534,117.60107323973273,76.09172549835536,dry,3,17,noiler,88,709
1201,154.2449025124785,64.73502984068789,52.37503488087256,dry,0,3,fulani,45,480
1876,103.41034366478918,160.4961686597248,59.05081181241347,rainy,1,9,other,80,904
1671,115.53976439797796,186.23368038852107,51.46474589305066,dry,1,17,shika_brown,96,875
403,138.97978980817166,86.78826677826217,50.59613139470814,rainy,4,12,noiler,50,314
1582,145.68696524844478,71.27210137190346,63.0094138921288,rainy,0,21,noiler,79,640
747,107.39151328256982,112.37471889388291,63.06696541942913,rainy,4,12,shika_brown,30,620
1586,105.83346507558548,114.54333478140794,30.75537227938522,rainy,4,1,other,54,776
1974,123.44803320760631,137.38525665291766,68.81553264893228,rainy,0,2,shika_brown,89,790
715,118.67997229797562,105.74959843569059,33.69743449348506,rainy,4,16,shika_brown,21,541
957,109.81310267937678,163.1918101422581,75.81574372405933,dry,3,23,shika_brown,49,584
1448,130.4951181791754,132.255799011454,43.15807625728869,dry,1,14,noiler,97,734
723,128.37651181250288,66.97372197244866,67.08749024786377,rainy,3,0,other,59,391
1040,157.73612090061619,95.87037050318261,71.78966637889437,dry,4,16,sasso,62,574
1817,129.01902275056813,199.3072454585008,63.682716539112164,rainy,2,9,noiler,45,1426
791,105.63519143008453,151.94498751877063,55.260530951597545,dry,3,3,noiler,34,568
1678,121.85007177296276,158.34918277274852,64.12859601533822,rainy,2,15,fulani,76,727
1077,123.57669633799324,193.764700108029,51.91046405556058,dry,2,18,shika_brown,95,522
925,150.77476283572065,92.96921540143256,38.473329259726476,rainy,2,16,shika_brown,42,657
1557,118.46524264386363,100.01296965105315,45.229399376119744,dry,3,18,sasso,97,825
1079,135.82372125657324,107.86115207113717,52.9805835886802,dry,1,12,sasso,53,701
1351,130.0423354296331,113.72014893004574,56.96872794120138,rainy,1,20,shika_brown,59,902
769,104.62134919442006,170.424927060178,71.17381879941067,rainy,0,17,shika_brown,80,342
1680,153.81607723053497,81.05575816585925,49.387076416343675,dry,1,18,noiler,25,1042
1342,131.35093760896308,144.0307356948859,43.416553255966264,rainy,1,16,sasso,76,758
460,119.98699347332257,61.46560026431037,79.08328249649529,dry,1,14,other,28,295
905,141.93903764050208,133.75086737919372,63.623997479125336,dry,3,15,noiler,32,700
1096,107.74441991840978,92.65606980355972,62.11634459753992,dry,2,16,fulani,79,438
1380,101.29539466856052,113.6921132314427,33.43853009855739,dry,0,13,sasso,27,771
546,114.18423753718687,123.88142363789184,39.224393858219884,dry,4,10,sasso,77,270
1202,149.7375410326404,98.04927016676761,75.16605526346272,dry,3,20,noiler,38,748
1200,111.40923177475663,154.78569592068044,65.63765010299657,rainy,1,12,other,56,716
504,132.51285722636086,83.83004888348069,31.11103197599692,rainy,4,3,sasso,47,354
454,157.1909558146531,197.96655586062053,51.09846903043709,rainy,2,5,other,80,196
1748,119.91949380542252,185.64811280106176,52.643579229256616,rainy,2,24,shika_brown,46,1265
1589,150.97762329666548,166.53827191456529,41.04566013982999,dry,2,0,sasso,61,795
1261,142.82851898060676,182.3165108746117,77.46638892727296,rainy,3,22,sasso,63,785
379,155.72345187952266,155.67972265852052,30.881570446701236,dry,2,6,fulani,95,152
914,108.56084688887125,79.60952076952293,65.80690888571534,dry,0,12,fulani,26,445
1966,107.50696957896913,116.43057597803192,79.84934504454309,rainy,3,24,sasso,98,1048
1942,158.38788330169584,100.11642848058477,41.54794850735797,dry,4,20,fulani,51,830
1610,117.18036655328739,183.47435470796177,38.08536730676781,rainy,3,0,fulani,64,653
582,147.43322077339283,92.88995686070521,78.9985644804525,dry,1,14,noiler,88,276
1350,109.06803999093363,129.6818327069295,59.028351179539385,dry,0,0,other,25,562
1714,144.12743510052528,137.1966264868261,45.649459124693806,dry,4,10,fulani,95,686
723,149.49603025844766,136.34829776021627,40.998854032700976,rainy,1,23,other,59,391
939,159.7690474318082,126.72234504874885,78.19044848104997,dry,2,6,other,51,456
1586,156.71777469624308,61.927057066955996,57.29970677114875,rainy,4,16,fulani,90,634
1001,141.3011919724137,195.94407837431396,55.49388273802033,dry,1,0,fulani,48,470
1998,138.67150814022162,172.1837170797662,69.31819683012066,rainy,4,14,shika_brown,73,1311
1387,135.42419554168373,188.22369480709682,71.76121021696429,rainy,4,22,fulani,67,743
1191,117.44207564159315,188.80721096368842,75.55250753568856,rainy,1,22,other,26,771
1542,157.48681173395914,68.9326641737109,68.68658684688964,rainy,2,2,sasso,76,756
1359,127.83683138585724,94.50938224100778,55.56778212442505,dry,1,8,other,55,709
1177,132.7386170994588,181.60781716713444,74.13684194911224,rainy,1,20,sasso,67,755
508,126.96620651848272,185.3206022560419,69.40720069839554,rainy,1,7,fulani,93,203
1369,143.44458530742418,129.99769442467692,58.5285354565194,dry,0,16,noiler,34,920
1907,117.50767880342352,131.05536551289057,47.107065864851954,dry,4,13,noiler,63,1181
1645,153.81275770853125,187.60136311184692,76.86813361375219,rainy,0,11,sasso,99,658
878,152.58450931476892,77.47920698065981,54.6894385128204,dry,2,8,fulani,71,351
643,159.7170041885038,192.88492281620722,59.9243053213003,rainy,2,9,fulani,88,257
1484,101.6296780872192,159.41457324299637,74.24148475728359,dry,3,24,shika_brown,57,848
1498,155.6887132537385,133.04986734008406,39.60488226006763,rainy,1,8,shika_brown,82,658
1321,121.04445393296864,155.50421695304584,58.68399101454886,rainy,4,12,sasso,68,874
549,140.9249621851568,146.41144205279548,55.152512957342054,dry,0,0,fulani,94,220
773,120.88765147567612,147.07318897346562,78.32322186808679,rainy,2,3,fulani,86,309
1454,140.33447160379313,199.7228720748732,36.93689556133888,dry,1,4,sasso,86,740
408,108.11806433404121,151.841079246635,70.18870254321095,dry,0,15,fulani,25,181
1424,153.4454780205395,188.03815887634212,50.94353311230236,rainy,3,10,noiler,29,1062
1873,121.4559715411876,60.139858917371974,70.2146731888557,dry,1,8,shika_brown,57,964
1289,135.38517127192634,155.36157012626248,64.12030809776589,dry,4,16,other,21,768
1189,153.70874420947408,155.94742946898987,50.674564574684005,dry,4,19,sasso,38,826
1248,133.11279652711835,170.66892987476626,40.71541310809158,dry,1,15,noiler,79,681
1574,104.18876145090022,82.43550315100794,51.35978013987348,dry,3,11,noiler,28,1009
1234,145.31011553771967,143.57319547665423,30.536949089899124,rainy,3,7,other,29,841
846,139.60396009801,196.99183884502372,77.59041940346212,dry,0,1,shika_brown,86,338
1178,122.09561429380483,161.41077891885058,34.13737519449357,dry,4,4,shika_brown,78,578
559,150.7724661927378,123.67616814141095,68.75713820226693,dry,2,9,shika_brown,29,358
1203,105.18906652909831,162.95147096255374,71.66146319939028,dry,4,11,shika_brown,89,587
574,109.85324124757425,69.92397081327766,45.99568175701508,rainy,0,13,other,83,244
1154,103.51042908696618,136.44094521470225,65.01527961572381,dry,4,0,other,28,577
1160,128.5733485323541,82.69986304458536,35.16702907270893,rainy,4,20,shika_brown,23,898
956,128.87077954673154,188.59592691388644,50.95275252945446,dry,0,19,fulani,73,382
881,117.0740026047911,173.32216614300884,39.305028096962076,rainy,2,23,other,33,677
1972,159.88288130365441,123.88341882141184,51.24861866495468,rainy,2,1,fulani,73,789
1187,114.65741767222987,184.95160828899412,56.537958859291244,rainy,2,16,noiler,33,1054
1037,108.76992122871023,101.60090461645882,54.11807082323698,rainy,1,6,other,71,544
1281,115.46916862520908,65.5672918321463,65.32831701243634,dry,3,22,shika_brown,54,797
1073,128.58674417762973,77.48366385369046,38.52487608939471,dry,1,18,shika_brown,54,640
849,117.40584680568838,106.38319760527534,30.16466144319424,dry,1,15,sasso,18,564
411,105.76066072681908,130.4241273115381,52.812151292314724,rainy,2,7,noiler,53,320
1704,156.67089539729255,83.79194875049772,78.59934985978359,rainy,0,11,noiler,62,686
1917,141.09210040161085,125.32590719229759,46.83582986400475,dry,4,3,shika_brown,74,992
377,136.0750118483306,176.09228812657724,60.00022342546406,rainy,3,10,sasso,35,317
1959,106.34411607558702,63.40097847596924,71.2237523122251,rainy,1,20,shika_brown,38,1308
1787,126.19787925364962,97.667147711268,65.01967898176488,rainy,2,13,sasso,34,1325
987,129.98143617316722,133.99212396236646,64.59511570418104,rainy,0,22,fulani,78,395
312,122.42183018417339,135.11500830759945,52.66767689570976,dry,3,1,shika_brown,42,188
1753,134.74751111223156,197.6890488119685,50.88026236511984,dry,3,11,noiler,79,915
1600,125.56878449683012,107.85033476737163,63.7758659932625,rainy,2,9,shika_brown,40,1138
803,115.34918819157608,67.86106356343251,75.55106493823973,rainy,1,22,other,42,481
1507,151.01852857488046,93.82931273083288,59.45189458076586,rainy,4,9,noiler,66,958
1641,101.05808974314078,137.37880726280287,58.92238779263482,rainy,3,7,noiler,56,1081
1610,106.94279797413817,131.53028072318068,54.862715797423576,dry,1,18,noiler,86,822
1280,156.79050269751647,70.04471499159992,54.310434425992135,rainy,0,20,sasso,83,512
1383,150.2325946173561,133.94070331135094,31.490536142691308,rainy,4,23,other,62,721
510,107.55384122229923,180.15453778390884,42.53059929565661,dry,4,0,sasso,50,272
352,128.0446300154479,154.14081627472802,43.06171005091422,rainy,3,12,noiler,26,308
694,119.12223394169305,82.46670668438585,55.5443004112332,rainy,2,6,noiler,84,418
829,128.40981920421575,169.9654172380669,41.266436316438764,rainy,4,17,fulani,63,408
1890,105.06313288056691,88.44190834659864,37.1576311424513,rainy,2,4,shika_brown,73,949
1079,142.96810378921418,162.7101691367593,76.67811558013666,rainy,4,4,other,68,537
1008,105.08165269520183,177.71671672797203,51.35079082287275,rainy,4,24,noiler,34,886
1978,110.35763621615342,79.4498471878008,48.319169612829256,dry,4,10,fulani,20,999
1761,136.22804608073133,134.16149255321344,79.12344228933469,rainy,1,10,shika_brown,30,1174
1130,100.91299178145863,156.63266667803325,34.91557301186187,rainy,3,24,sasso,78,588
929,130.82483743424544,80.27929543155975,66.96352469258855,dry,1,17,other,29,574
382,110.85190331255191,104.94745995319795,79.0908351177134,rainy,2,8,noiler,68,230
1206,110.4430198231938,84.47310512852606,61.30545368596964,rainy,1,10,shika_brown,57,763
1442,157.1692037070149,96.69314560519351,75.44136070484669,dry,4,4,fulani,84,577
1111,142.95217261499408,173.69463544097258,47.92894360534559,dry,1,19,noiler,52,758
731,126.15037833607317,135.12692639969418,43.976394270590944,dry,3,6,other,83,340
780,108.11856416125826,143.69790939929683,69.94762562084529,rainy,3,24,other,28,561
1994,131.3250285497366,87.17323550054473,64.47445781634786,dry,3,20,shika_brown,52,1125
1456,155.21100418080016,110.73132146200169,45.33486351934991,rainy,4,16,noiler,53,951
1275,154.07221447386127,69.81537098140352,43.43065963763111,rainy,1,8,sasso,43,767
427,140.12293438415008,161.95110931705236,77.41218566513265,dry,4,23,fulani,30,244
350,150.80797604888568,68.0993487398728,30.31968760380098,rainy,2,13,sasso,32,247
1711,150.28030455707298,89.81167370721168,35.272471711817886,rainy,2,22,fulani,87,684
534,137.86355989109026,165.99345171636477,41.3510412776756,dry,2,13,noiler,72,326
1171,116.96930869170262,86.6505313207955,31.33622521225874,rainy,4,22,shika_brown,95,566
380,140.37785038670893,134.31310993265828,49.27120890433221,dry,0,7,shika_brown,58,210
1473,106.74987746883312,161.39195322295706,49.28293448880413,rainy,0,1,sasso,79,625
1790,136.3834933465784,130.46236460161333,33.040815592489984,rainy,4,21,shika_brown,63,1151
1684,118.82185828419415,87.39987808995713,55.803091118048854,dry,4,6,sasso,93,784
1061,159.6855782384198,172.44688975938604,62.85060784437672,dry,2,8,other,69,442
827,134.39557421585698,164.38594672467417,68.65159493528586,dry,4,7,other,82,385
1895,135.67590723693868,118.79801178383303,37.64978933390872,dry,2,23,other,20,1048
627,113.12022378428009,153.70569778830034,44.29803397377238,dry,0,4,other,88,251
1602,119.97416827867036,126.135995637511,40.03369510505014,rainy,4,22,shika_brown,64,1062
1071,104.20589793155733,146.05039513436384,32.117632544392805,rainy,1,0,noiler,74,535
1516,111.57362462088264,186.80809340997368,32.67277569915992,dry,3,8,sasso,83,758
1807,139.12394918111667,124.17793645090768,76.64780210710393,rainy,2,23,sasso,32,1371
1763,127.7250762774938,70.93700031056419,47.867434583229624,dry,0,14,shika_brown,69,825
774,136.9587504646267,191.89726392605056,77.55635161336889,rainy,0,9,other,27,401
780,154.32765636211104,132.92107533846968,78.8717832334399,rainy,4,19,fulani,18,431
761,136.06776459581613,189.47502427036378,41.426257385337216,rainy,2,1,other,42,486
571,103.35329609518452,92.6623202581608,61.65106097690092,rainy,3,10,sasso,28,492
489,118.04147120342452,145.89830267361194,77.28692109947264,rainy,4,14,other,50,298
512,116.33526156306796,123.59748404836716,70.35664143558368,rainy,4,9,other,48,341
1170,135.01604640662572,65.08147897750493,41.2285086198869,dry,2,15,shika_brown,39,738
1191,124.92978673221033,184.34251648281528,48.35155878107929,dry,1,2,fulani,59,581
656,103.0816643819629,145.140011933641,62.10285733687033,dry,4,23,noiler,51,435
547,106.32793780056517,171.59390298942833,77.65338931352292,rainy,2,15,noiler,93,321
1150,152.70264518173596,134.3981336571276,60.17496474858504,rainy,3,1,noiler,24,744
661,149.9887182317455,111.29497334007274,67.73108913828032,rainy,1,19,noiler,77,399
764,104.2021135198699,134.97257102450038,79.51630472634328,dry,4,16,shika_brown,80,343
585,116.8981476012074,62.003048571192856,35.90813192669748,dry,4,3,sasso,75,319
1419,109.37887590050906,100.9117596865051,56.530253601637426,rainy,4,7,fulani,45,766
1415,113.28988872057917,157.78731336194642,72.67013610904391,dry,0,4,other,55,671
1866,136.28356717797845,158.08571130936429,59.69149370575711,rainy,1,13,fulani,68,938
1813,105.18020137909616,92.2244487454112,68.31158311018584,dry,4,9,shika_brown,97,878
1307,113.81087673227546,186.68857884819738,61.9948218041626,rainy,0,24,fulani,38,772
569,151.68991737124134,177.20443984822214,64.06591520231817,rainy,1,19,fulani,54,280
1594,151.27514612856885,71.36229487746009,72.18462017190333,rainy,0,19,sasso,47,875
1358,143.03630135124016,111.62503003078683,40.770535263107014,rainy,0,11,sasso,35,864
1127,108.17339644995789,109.94732141870702,74.44864421400473,rainy,0,10,fulani,69,451
869,153.92036533381827,94.15488739859886,44.28844501099509,dry,3,8,fulani,54,409
958,145.92750683481182,110.1043943015965,70.0673571980856,rainy,4,2,noiler,61,623
1100,158.1715936383932,197.3742440955347,44.08762891708703,dry,0,22,shika_brown,18,560
1185,151.40162819959386,124.45332255963685,71.32496811505038,dry,4,3,noiler,83,512
436,159.38157206719134,78.74984904319169,68.02669940048474,dry,1,5,sasso,72,202
747,100.4095006460152,107.39625066868601,52.65870144843663,rainy,3,5,fulani,99,299
1418,115.9817477610411,192.71573917622965,47.99492548969613,dry,3,9,fulani,91,588
1462,155.2009466197604,66.49661020108167,47.13056852307367,dry,3,7,sasso,31,771
775,126.16882599494468,76.45938986625188,50.84203296301838,dry,2,4,sasso,22,573
1139,147.01644692799397,87.64332547564112,57.92246003399944,dry,0,15,shika_brown,20,619
1793,139.4055037454781,94.26912505250667,66.06033902665334,dry,2,10,other,35,1123
488,111.58942619617929,167.6129362712046,57.5894390553329,dry,2,0,other,97,195
1501,100.44521847283902,187.85419160970872,50.41933300088503,dry,2,24,shika_brown,75,734
670,103.18897553037688,86.82447005259452,43.38686093872823,dry,1,10,shika_brown,53,405
707,140.59949826969907,72.75850425273197,37.36012305489545,rainy,1,15,fulani,41,431
500,137.36913537149184,80.59684830946185,57.186947808196436,dry,1,15,fulani,83,200
637,121.56926403112719,68.8829385227245,78.98340652111995,dry,2,4,fulani,79,255
376,148.39816730351558,142.03568501798537,60.317265274230586,dry,2,9,other,40,218
1869,127.06324034538744,76.37236600903125,49.075993015299524,dry,3,15,sasso,77,937
1691,158.37227948931434,71.82861459427605,33.42514815510654,rainy,2,8,other,98,676
820,154.00081140832424,157.35717073539342,77.5493768187126,rainy,1,18,fulani,81,328
706,111.11294308903366,88.85944854945558,42.550308938718665,rainy,0,12,sasso,97,335
1305,124.59567600106435,103.7612362403665,75.55368784532396,rainy,2,10,noiler,28,1025
1202,149.1369024586803,77.48655224780343,78.84307343982819,rainy,3,17,other,44,676
555,125.19603030828614,88.8328102604076,51.18382048089238,dry,2,0,sasso,67,297
1443,103.76032808211795,195.06325834427548,31.131077856355034,rainy,1,10,noiler,68,897
1827,154.38490795842637,188.5832340697971,58.06951865771863,dry,1,11,shika_brown,67,976
774,143.43920499842503,109.44649334398761,79.43465669935654,rainy,1,19,shika_brown,36,541
446,154.33054487777719,121.79661598270647,44.63249822692771,rainy,2,19,sasso,82,232
1160,156.54288188405232,145.31710837948265,69.14608264704475,dry,0,19,other,31,627
1160,141.42578542357555,116.27945923299791,55.58632621622568,rainy,2,9,fulani,62,615
1650,151.64807219993276,128.67374318356624,64.07787673146976,rainy,4,22,noiler,32,1241
1057,113.97745160936637,181.40297352647477,38.08083240523891,rainy,1,8,shika_brown,96,576
377,147.86884398647905,109.98494796524442,76.80433679563632,rainy,1,16,sasso,82,185
820,117.62480809753366,196.96763259152166,51.86815314258887,rainy,1,9,fulani,43,515
1783,156.621225198803,174.13387174973855,64.22980250581634,rainy,0,2,shika_brown,44,955
696,123.47308990248527,195.98128767621125,47.55689067978282,rainy,3,19,other,44,485
1214,150.26893544860678,68.8762785915729,44.93504506721936,dry,2,13,other,69,486
461,143.21921279716202,173.55650218369732,36.930074904910086,rainy,1,16,fulani,36,273
1650,152.7968045723877,124.40169359129912,61.19036319604375,dry,1,15,noiler,95,660
661,137.8429252719658,143.46911475922184,33.24264927474003,rainy,0,9,other,88,277
1199,140.03753090368048,193.89699219538835,63.027802230060594,rainy,4,3,other,39,781
876,109.93367621852806,104.06481792418481,66.66801413422021,dry,3,3,sasso,60,566
1988,137.60290480623092,183.42609173857733,46.455171552388435,dry,4,23,other,94,898
923,157.95862009309934,87.32019777856411,31.700827442301616,rainy,4,12,other,46,473
1662,124.29506280212834,172.64714181565665,53.37851808066485,dry,4,3,noiler,56,1034
944,102.29584869935807,182.1397160186586,67.61013579752041,dry,4,10,shika_brown,77,506
1775,156.24289279392593,61.78831940056784,66.29686069998945,dry,0,12,shika_brown,95,710
937,143.79070532271413,159.5117775121006,62.71791002036111,rainy,0,5,fulani,63,389
376,153.7216925711551,138.3916614651347,44.60904997090085,rainy,4,7,shika_brown,53,221
1889,121.35642852398509,65.86404426371429,43.95088418826832,rainy,3,19,shika_brown,73,968
1616,155.8827831562572,175.01779806411895,61.913780971007235,dry,2,22,other,43,861
1913,124.25900881688123,197.7568608371005,39.11734029388614,rainy,0,6,other,53,1069
1428,147.69841811055775,62.71875746763527,55.27600593150207,rainy,1,22,other,56,703
1712,136.9491339873922,104.12790853160888,66.04662741709556,dry,1,2,fulani,39,893
642,153.42498844930228,60.44342397937604,44.105580305179885,rainy,4,0,sasso,66,349
381,128.6729796779194,174.05824626933162,52.54430957325519,dry,3,7,shika_brown,21,251
1376,140.52401328517342,99.44139830404616,30.773038735230504,dry,0,21,noiler,32,774
1781,118.15633725452223,195.33766635120497,44.09254792597449,rainy,2,16,shika_brown,68,1105
1066,119.3305303204121,105.50193508315012,56.692551964619355,dry,1,11,other,23,696
989,157.25144382008716,191.67430033547512,70.55638020319869,rainy,1,15,fulani,21,540
602,141.00838838642474,92.03362068991544,79.8983149903892,dry,0,7,fulani,45,241
1949,120.14112648879494,166.47601785181294,77.55010062045082,dry,0,1,sasso,46,1046
1406,152.30434527472988,131.53676818757788,62.98722141347302,dry,1,22,sasso,36,887
848,155.93755455239003,102.56633774901306,76.99133213221239,dry,3,8,fulani,75,339
1281,149.96542335226226,154.0331769725173,38.7970816239131,dry,0,0,sasso,43,639
390,153.2478354142655,136.87794533570695,77.32547705899327,rainy,0,15,fulani,95,156
754,139.95073621516383,85.32591208341125,52.8937026086216,rainy,4,9,fulani,97,361
1355,141.3804520661706,160.7616169840992,57.9054220608262,dry,4,5,sasso,46,958
973,123.61086520782699,124.9200784069524,45.08420968372276,dry,4,24,other,95,436
733,130.41304396865502,175.6141177018323,71.79685939292818,dry,2,16,noiler,40,557
865,139.95139264347262,162.9483450539883,43.588938710415064,dry,4,13,fulani,28,497
1004,148.81742938829447,69.99687829081061,34.350338365531556,rainy,1,11,shika_brown,18,613
1793,120.02648753617393,179.66144317658097,37.49274602926472,dry,0,5,shika_brown,63,832
1621,127.29757986197254,169.045621661488,37.684974187751294,rainy,2,8,noiler,21,1288
1619,153.99799118777145,100.05568325190082,42.94588089656912,rainy,0,22,sasso,58,784
1178,100.52074950025965,61.341342113849294,46.537914360022164,dry,1,4,fulani,59,471
1212,120.72005896880965,142.87616300264816,72.81300843833043,rainy,1,22,sasso,75,724
1264,111.49563807417971,137.2147949504905,77.35441623763475,dry,4,4,sasso,44,882
1849,109.58252572853003,127.12495224180591,54.075254658881605,rainy,3,7,fulani,23,1044
923,103.02810826489674,65.21117591251533,74.69293387466234,rainy,4,5,other,88,431
698,140.85976221147718,197.4658676269197,69.8569420035196,dry,0,14,sasso,19,409
996,112.22219749939458,166.84658190072926,42.0685319002002,dry,0,9,noiler,82,450
1105,145.59900215792507,114.10389796008033,67.66383635656518,rainy,0,21,noiler,64,632
593,133.47257895213102,125.30259256624475,58.78842907761422,dry,3,10,sasso,44,419
1445,158.51900902929665,158.89042923726618,30.604854374570053,rainy,4,21,sasso,65,747
1640,116.64325012974359,159.44008741994577,61.37170751871979,dry,4,15,sasso,25,1254
1429,147.47708973552406,102.76125032128002,76.24027395958235,dry,2,2,other,25,690
1596,152.2013516313503,125.23058966215292,63.3188262096202,rainy,1,17,other,95,703
1254,145.339654288816,144.60453888813964,40.46641449564029,dry,3,17,sasso,80,638
1139,127.47145142428752,147.69126153920868,78.08757459189539,rainy,2,8,shika_brown,22,840
1236,134.89526397764138,85.3444859326402,44.17827412573397,rainy,3,21,fulani,67,607
818,103.50948266647414,128.07792751873086,43.80931449627795,dry,2,19,sasso,60,567
1231,128.81732918743242,178.0907754309897,50.10612957748225,dry,2,5,shika_brown,68,672
1341,108.46305526421419,140.4762037597967,60.17527517248099,rainy,4,8,sasso,76,740
370,155.7081191437094,156.08014676638598,64.05547493221297,rainy,2,3,noiler,83,180
717,142.00777374735716,199.55500298546556,31.682191127188105,dry,3,22,other,32,389
365,127.43919737264267,90.19284237443794,73.30532806522712,dry,0,8,shika_brown,51,216
855,124.73047002661554,190.48254118546194,45.08103685426665,dry,4,3,sasso,58,545
932,117.39012774277842,102.89360513559862,38.04526419817502,dry,3,2,other,51,581
1528,156.01776664198383,103.4741397078808,48.02296935533758,rainy,2,21,other,45,856
375,105.20827442287812,63.02969659644185,59.7006350454042,dry,4,1,other,68,162
514,124.84333547432882,166.3336870383802,73.70998853005108,dry,1,13,other,85,220
1364,112.56374954469948,194.40257852361978,52.824367833014165,dry,3,9,sasso,58,912
1075,157.2300383124975,123.11471760421463,36.49027793329397,rainy,0,24,shika_brown,65,512
1042,152.96031611803872,174.77820924160272,53.301705975001845,rainy,2,1,sasso,56,591
1780,100.6761667713639,109.32849765592132,54.94620491796436,rainy,4,10,shika_brown,66,1035
745,120.27943000466617,140.66405011568077,59.735974795356256,rainy,1,22,fulani,52,415
740,116.45245630361468,131.55460291199984,78.9616796915098,dry,3,10,shika_brown,78,365
786,108.52132264726922,165.24547010478187,59.08929175617462,dry,3,1,noiler,94,400
576,139.11598356854503,63.65166013586106,57.43617441745368,dry,1,10,noiler,54,410
1027,146.7746812449572,110.54088827447319,74.13620721372294,rainy,0,14,noiler,30,688
1254,120.17355837952596,142.02377820729527,56.01396563486912,dry,2,24,noiler,38,1011
835,145.1668985776513,66.47871147213488,37.52902470517114,dry,4,3,other,22,468
1999,102.6684759046482,170.1020765490519,75.63570431968742,rainy,1,9,noiler,38,1461
811,112.32207302432391,129.93826142167052,78.02070935631929,rainy,4,15,other,46,550
1090,148.95035027066163,115.18914167910489,31.647708755731898,rainy,4,22,sasso,33,786
1872,139.5370508203268,156.05063499670376,31.11614364488588,dry,2,4,sasso,47,1157
615,118.14732278986064,149.57809087890553,71.47463182425115,rainy,3,6,shika_brown,27,461
1024,112.71199238393814,95.8393868737208,37.45042717058256,dry,4,6,shika_brown,20,682
579,119.86565752002134,108.15761664855357,44.51256100954534,dry,3,8,shika_brown,37,429
836,131.72446069238674,177.61766238771511,33.410311737136276,rainy,2,9,noiler,22,700
1921,112.68478094655424,164.33081773681252,62.31316885203637,dry,1,6,sasso,20,1213
458,134.46565583543656,61.83030674476262,53.76091711862145,rainy,1,4,shika_brown,38,363
1084,150.2855336024171,176.6012417364904,37.628426336633495,rainy,1,12,fulani,47,598
712,143.83548598579702,73.20537353124811,56.43279160884282,rainy,4,20,fulani,51,399
1495,153.547327488846,78.00284377156245,45.53949635508653,rainy,0,0,fulani,85,598
1866,159.82552105661492,77.10754665609332,57.14054478240547,rainy,4,16,other,20,1091
1509,109.61228526373273,168.9977643876154,44.966822859468266,dry,4,8,sasso,92,682
1694,155.06164920370145,141.96276080784722,65.62825389391877,dry,3,15,fulani,94,678
752,131.10149597811602,129.49247311619956,45.02226897750113,dry,4,17,fulani,83,301
1722,140.93061002197032,64.52226780814878,36.6851341054835,rainy,2,12,fulani,99,689
300,143.21472404649893,152.3327936537937,68.31194508732113,rainy,4,20,shika_brown,21,237
1829,143.7322175858298,119.80184576095441,31.241720374000714,rainy,2,23,other,95,758
816,119.09951278337604,95.93669434124884,31.049249087814236,rainy,3,15,fulani,82,344
476,153.677216144084,191.14808975619198,60.89993642484947,rainy,0,15,sasso,35,275
1569,145.2940647568694,105.15086645829477,66.46261347016181,rainy,3,7,noiler,47,1103
1956,118.75975260075462,78.22290314287362,71.33415136355853,rainy,1,23,shika_brown,21,1326
1742,122.000438287252,166.6712885224552,39.60313075411062,rainy,3,8,fulani,59,868
642,107.39477633501744,180.8211034098881,31.57797745306668,rainy,4,23,shika_brown,28,481
481,104.79915747644179,144.3434568429033,72.53133224068065,rainy,0,22,shika_brown,54,289
1408,155.12587262165357,75.48480527169302,73.33913935578286,dry,4,22,noiler,45,829
442,149.04697086857803,161.66839026947406,54.43912088423589,dry,0,23,sasso,73,203
1811,132.62893041055997,154.52274007367336,58.02990353538895,dry,4,21,shika_brown,64,1106
1768,114.44467281828274,186.06299806431429,34.725775067503456,dry,0,9,sasso,65,965
946,137.4517660473689,94.71232012557137,45.0084399335837,dry,1,2,fulani,36,553
1106,126.05206167864637,163.34860250502044,68.95057610164234,dry,0,24,fulani,83,442
1630,137.8310191128399,150.7876678618179,59.18482914017078,dry,2,11,sasso,90,899
1315,136.55430133431534,137.56238267506663,62.76274154195497,dry,2,15,fulani,85,601
374,143.6549469936984,70.55379565012572,32.452494413494385,dry,3,1,shika_brown,33,226
679,120.22195759310567,133.30913437922402,73.49956844572974,rainy,1,4,fulani,66,314
770,153.79543723752863,187.71478580090167,33.07087208219101,rainy,2,24,shika_brown,69,429
1271,138.0179462359668,86.2471063164688,71.43309022272098,rainy,4,14,shika_brown,91,607
1520,106.3236084370518,97.91704527739321,33.342360990883805,dry,0,2,shika_brown,53,800
1465,114.3924435421631,195.82155476284103,59.86454997806031,rainy,0,23,other,70,712
301,128.56548339306016,147.2166226101647,59.17482674821792,dry,1,18,fulani,48,160
683,106.27152286120597,165.03247982140158,47.942122057289765,rainy,2,9,shika_brown,66,448
443,121.60540574881304,126.81358247325038,60.23123861011268,rainy,3,19,fulani,80,209
460,104.88352348107749,125.2758475940893,68.77824192337403,dry,4,23,sasso,42,337
1676,114.02140213828275,194.77129963183984,62.57969570568968,rainy,0,8,sasso,61,909
1083,122.73289416411733,87.92004016255395,78.5536999132911,dry,2,17,fulani,30,553
1835,154.72206202199817,110.84841226873169,68.73610826572886,dry,4,11,sasso,62,862
1715,151.89997675636317,169.00112357893025,49.67333593701396,dry,0,4,other,89,686
1546,156.20952838088726,61.2309658249362,66.0472836835413,rainy,4,7,other,42,725
1874,159.0799296673421,100.4341568817015,69.30714909346324,dry,0,21,noiler,94,750
1462,115.98369499725818,160.57466854450604,58.50467847941624,dry,3,8,shika_brown,89,670
1145,117.54280676291583,115.40791650338535,57.60383481406239,dry,0,19,fulani,53,554
1330,115.63759080022454,66.76649957045875,57.9754316718664,rainy,4,24,shika_brown,80,726
1836,111.9551423964748,189.48946005996237,41.960002058466536,rainy,4,22,noiler,27,1563
1501,159.8501502088718,168.46009692156676,50.21555490102196,dry,3,21,fulani,18,791
928,126.93588672601068,61.69613781534433,56.02417071952742,rainy,0,17,sasso,50,570
1936,125.28736278260683,91.980617585417,65.16141166143865,dry,0,19,fulani,85,774
1090,142.42295829537932,118.64225173734934,63.46020024778827,rainy,3,18,fulani,65,562
1729,139.9718495876969,142.28055967605854,61.121407603482865,rainy,2,4,other,77,913
1799,153.2085919395641,82.55179456839562,35.18345677411184,dry,1,3,noiler,40,938
1239,113.63172488126219,106.57962147053235,31.578374820494066,dry,3,10,sasso,79,655
1389,135.70058665110406,199.81154860524288,77.22344764057704,rainy,4,9,other,48,875
1908,152.56106017904656,67.20659576939912,45.05098380135607,dry,2,6,noiler,97,763
913,111.70161910131256,171.0672110699138,65.1934564469808,rainy,4,12,sasso,56,679
1327,102.69886826473048,64.08671766922554,60.64624252613695,dry,0,13,sasso,84,531
1286,143.47137031473542,132.03279976036805,35.605962508134944,rainy,3,17,fulani,46,699
1283,128.22827506450182,85.52602675770997,59.85667426087136,rainy,3,5,sasso,20,900
808,145.8776134616677,149.27455004675411,77.89580434201963,dry,3,16,noiler,29,551
1110,108.73057873871926,121.08918535484649,62.73812642531252,rainy,2,6,other,52,702
1440,103.54836472093554,197.72669883964628,72.88835464332043,dry,4,20,shika_brown,93,710
1904,127.68433803031101,93.41507496241336,52.36625205558183,rainy,1,11,fulani,33,1014
655,147.79950243099026,142.0787587787466,42.67693312595877,rainy,2,22,fulani,28,364
1876,145.00204587681424,121.87514974359354,37.54878407569404,rainy,4,14,fulani,98,750
830,102.93329377031111,186.38514209637088,54.15505460469551,rainy,3,10,fulani,32,536
442,146.0207016411053,89.38983981912902,54.48119157050872,rainy,4,4,other,67,233
1689,141.417371796015,60.006737345203646,76.58988272329992,dry,0,23,fulani,94,676
969,134.93989733404055,83.95713907727932,75.67812779196515,dry,4,16,shika_brown,67,510
1999,157.71463509161563,119.07028830244917,68.24696198359567,rainy,2,21,sasso,37,1242
515,114.56395314698628,145.0995811550908,78.49760239085933,dry,1,12,shika_brown,79,256
681,112.02096183091616,94.45100469331035,77.64438064424299,dry,2,6,sasso,82,342
1516,129.52823581937017,102.29020611048375,59.10171736124795,rainy,1,18,sasso,45,1101
558,150.31223138785586,85.38444665149433,60.280565374332184,rainy,3,14,noiler,79,319
1728,128.44378744927047,150.24988092488888,75.3473001574332,dry,4,6,sasso,28,1217
1954,142.334092124534,140.2656069444689,31.874297356267014,rainy,4,17,shika_brown,18,1281
1829,134.48657474033627,158.11178461812537,50.890872589056215,dry,0,2,sasso,61,1013
655,135.50136842458653,155.37899424407198,79.29006753742608,dry,0,5,shika_brown,80,279
1208,135.10733950342927,161.52805552340553,61.76997787395561,rainy,1,20,fulani,61,626
823,148.16998265501246,111.6242698043324,62.92975905942356,rainy,0,3,fulani,76,329
456,117.04540361912842,188.86252734541,51.35719625549892,rainy,3,16,sasso,19,361
1277,116.49310549644397,170.46151802767625,72.72676001508398,rainy,2,8,sasso,88,728
424,119.58696650508216,118.029653519453,52.3167012860319,rainy,1,8,shika_brown,72,259
591,125.38524219123425,74.61097393621526,47.52439113099564,rainy,2,0,noiler,30,427
1792,155.29498804363158,199.82910029960289,42.53205590875416,dry,0,5,sasso,27,994
1915,136.6493324298356,160.63756474879335,45.65339946562834,dry,4,15,noiler,80,997
1508,151.4588272853312,185.65817738406295,60.50765419495693,rainy,4,9,other,93,682
307,126.5433470264474,172.35609965671793,76.35923725301046,dry,1,16,shika_brown,71,162
1487,111.22823251586928,121.082788334003,52.10385367194489,rainy,1,21,fulani,47,850
1598,121.04635507606777,102.68151896504247,73.31689484792759,dry,1,22,shika_brown,57,866
1974,122.29802875436488,142.58354312838432,65.19714709034204,dry,4,13,shika_brown,53,1203
751,137.80438899165694,160.31686952326086,78.02961439280895,rainy,3,4,noiler,47,569
434,103.82972137543948,194.94821068201614,61.21316176880522,rainy,3,20,sasso,71,300
1352,118.45883947713048,99.09566932802342,53.40980224655106,rainy,4,2,other,34,887
917,138.4651770375795,107.7035097995418,32.37471123411611,rainy,0,19,other,43,481
826,120.78696266131999,178.34364938621465,65.53868415833988,rainy,4,9,shika_brown,58,562
312,123.37285083393628,114.50534904171293,41.49786921534927,rainy,2,22,sasso,98,177
772,117.45159843657585,69.13841385823213,34.091196142298415,rainy,1,8,other,36,518
1451,131.3683569803388,127.3573632717601,45.725618518630654,rainy,3,18,sasso,74,896
724,144.39452269533297,161.71048431697474,77.35548070727947,rainy,3,16,sasso,42,567
937,153.8811844728087,117.82379562841393,41.52487587832066,rainy,2,22,other,64,466
1344,138.14436145181122,184.61997008718427,75.59842899316129,dry,0,15,other,99,563
1381,142.54520088543097,169.9374585412441,34.25162267509686,dry,3,13,noiler,30,995
395,121.4869729902562,119.32804454913304,45.91283888165603,dry,0,12,other,93,158
796,145.76006898325852,178.88282982010688,59.36930953794037,dry,4,10,shika_brown,98,378
1386,114.26276921516529,165.07883380238604,73.93095278524896,rainy,1,12,other,62,854
1492,117.85668548328556,199.5959087617835,64.0408544976768,dry,4,13,fulani,52,759
1169,153.29830913779884,127.54991248120446,71.17641879906236,rainy,3,1,sasso,43,728
1227,150.54725226235087,129.74357819622833,36.36880162639255,dry,2,18,sasso,84,597
1314,138.7769287245655,84.97231288678407,78.43453887153223,dry,2,5,noiler,87,611
938,150.48157593755994,64.94231563196975,78.73684736287537,rainy,4,8,other,89,375
488,130.84314731761285,197.91337326757167,41.763471892335346,dry,4,12,other,92,214
524,111.71722906096058,149.102303898826,58.77988743833977,dry,4,10,sasso,72,302
1016,149.97509668771778,62.04736602140244,46.45052886537003,rainy,4,9,fulani,30,493
1933,139.37053785798503,96.5169862376222,31.147421471997234,rainy,2,2,shika_brown,97,788
1140,155.04791353328824,185.34580519214757,75.43784084666441,rainy,1,7,shika_brown,38,772
1193,109.47965383880009,159.87866852609403,33.727594243511604,rainy,0,6,other,50,651
916,116.95260610576068,100.38187331335452,41.71499821118606,dry,3,10,other,81,438
1420,153.93946336312564,124.12964073163285,52.00207338271011,rainy,2,22,noiler,86,734
1251,123.23114275666876,87.60827983914466,60.32318425877825,dry,0,16,other,65,535
1024,103.76626938995149,80.52597564963827,37.32629098906843,rainy,2,15,fulani,89,410
358,114.09340995830921,102.1631751801763,42.25660824172568,rainy,4,20,sasso,69,238
1073,134.69839896686375,193.08742569784434,37.407060886118785,rainy,2,24,sasso,30,930
1995,101.41926238589876,191.54948681694094,62.19972364270991,rainy,4,8,other,99,949
1941,130.97810925257548,62.71817838271919,44.1234615163749,dry,0,16,shika_brown,37,1159
1148,152.7091508654146,144.42759751054746,52.656270345180246,rainy,0,0,fulani,69,459
1844,141.773314900292,196.77624278157268,67.4977550552039,dry,1,22,sasso,71,984
1870,121.74360712082867,114.01484044236362,65.07517288437452,rainy,0,7,sasso,98,867
1799,100.93742667020294,85.23312511348578,76.49653314378519,rainy,2,13,shika_brown,96,874
1194,133.73339499065264,166.61102335471332,73.30889608225262,rainy,0,18,fulani,85,478
1662,134.6907088997574,68.60825013555069,53.522315693681556,rainy,1,24,shika_brown,77,782
711,116.09727105332996,107.60337894143717,75.85121261889186,rainy,4,13,sasso,35,583
1840,152.06133263086852,196.59129839477802,77.61757519795276,dry,3,17,fulani,79,736
1112,144.52796713747824,95.58562924621529,77.04823071731836,rainy,3,8,sasso,35,795
629,119.23059730957682,87.12339160510682,61.091979324700965,rainy,1,23,noiler,96,330
519,146.33932271358196,123.90347644740197,35.37496604961212,rainy,0,18,other,95,208
652,139.2352821955451,166.4937493434578,38.90843080114192,dry,2,17,other,21,413
1172,159.64776288698636,119.36426238362017,61.74734148014822,dry,0,16,other,58,512
1643,107.2238305288777,199.0782900186133,51.28231664861595,rainy,0,5,noiler,20,1116
1197,131.503192468094,136.39745057463614,44.04434683048315,dry,4,5,sasso,63,820
1743,126.25391950882856,92.96302038777203,79.21306472078922,rainy,4,4,sasso,78,865
878,120.12771484846935,157.8229987210421,53.685310384465424,dry,2,15,other,51,530
1426,116.46100983132219,119.30706848097776,63.96586828283475,rainy,3,20,shika_brown,45,1067
1722,133.0880010827419,85.42974196944516,51.53784241804942,dry,0,9,noiler,35,1039
1367,127.59143486472735,105.8140380600068,79.1992994322197,rainy,0,14,sasso,94,668
508,129.60753962331643,62.29690002177283,34.11810659041403,rainy,1,11,noiler,54,333
1756,152.4947099952873,81.406762167032,63.32281247874167,dry,3,18,other,57,854
433,105.70016570937584,69.69988620219162,55.230755504973104,rainy,4,4,sasso,28,352
1587,156.19029885411072,109.86760294864993,49.963769200778856,dry,2,15,other,77,635
348,141.5525882923622,100.94768203468968,56.09064393737602,rainy,2,14,fulani,22,211
617,157.3261507476197,183.3853543724603,42.75776693771899,dry,2,18,noiler,19,428
604,118.71326105289687,76.29707610507472,52.84495354572453,rainy,3,2,sasso,52,458
829,109.07030189693953,188.06244286903274,68.5045190702387,rainy,1,2,fulani,56,449
1569,102.75894496038234,141.18683135952892,68.28733800171545,rainy,4,13,noiler,66,1068
1427,118.22568796106674,179.8280265604862,67.69191295926883,rainy,1,23,noiler,67,973
1809,145.76034543859325,199.60872015640217,69.37043142154509,dry,4,15,shika_brown,97,775
1289,104.54397024756854,160.13401399695903,66.78443743351022,dry,2,15,shika_brown,93,614
546,111.76111871829148,94.7903258503183,41.10052671371605,rainy,2,21,noiler,56,400
776,134.68973203596784,136.08015537620298,46.93359624437486,dry,1,5,other,51,443
1700,117.77981506551139,79.23161164048639,53.36793636135904,rainy,2,21,sasso,94,980
1875,110.1692964952034,60.13886102574779,73.46000440324036,rainy,0,5,shika_brown,34,1113
1175,120.23802987040133,69.59641187411646,50.81431518758452,rainy,0,21,other,80,482
1072,154.05365249411938,79.81074212603713,55.383010393807496,dry,0,4,sasso,90,429
1995,131.6426597858838,70.5629909671529,72.61122900390785,rainy,0,9,other,79,798
474,132.67834333707148,120.93811344095178,52.56225266827242,dry,4,23,shika_brown,71,299
1064,129.97010619993728,122.57132523111235,68.05103021077234,rainy,0,20,shika_brown,27,652
1073,125.38101714632879,154.31209958553015,51.6859813610077,dry,0,0,noiler,67,457
316,141.7861321929374,181.33891422652624,42.06054197485647,rainy,2,16,other,25,216
331,100.59327190101524,172.6983982566571,55.870709440844905,rainy,0,18,other,57,173
1427,117.43972728089581,102.72713682159338,69.82710330148228,rainy,3,22,noiler,54,1123
512,135.858600799803,64.49323170700968,53.475111613716706,dry,3,9,other,73,247
426,127.14922449764622,134.98823994267542,79.60985765642167,rainy,0,22,fulani,85,170
699,139.46777590154494,73.07707544643023,66.78120751087545,rainy,0,20,sasso,91,365
1166,105.89942002551783,196.0578928067506,73.41981047309503,dry,1,20,noiler,71,616
417,111.68762701825611,117.86791698083415,57.91298156242996,rainy,3,1,shika_brown,33,305
1200,110.4253417737894,75.35299100899176,55.79695032328421,rainy,2,14,shika_brown,87,607
695,106.48791834036251,136.56726269713192,68.18243169562771,dry,2,20,fulani,79,278
504,137.31247365892003,148.7706896469748,41.08320941364967,dry,4,9,fulani,18,274
1851,141.60174620206755,156.15625540521685,55.7406645090986,rainy,4,16,noiler,65,1128
854,129.12329795661827,75.32206579445763,74.15927893503314,dry,1,12,shika_brown,89,428
1763,158.8287909406328,60.45945049300053,36.010710451377285,dry,4,18,fulani,50,705
556,158.15475605266542,93.02923222586577,70.46266138253274,dry,3,19,other,93,222
1853,113.25506603055344,153.8278832840919,75.73662120274767,dry,0,19,other,55,811
1775,143.41469269846897,176.12441315737107,74.94428769310727,dry,1,3,fulani,48,896
1512,129.77235279700048,152.85000582178384,54.86819601083589,dry,1,21,other,38,1097
1998,123.91605732645426,141.13523992445124,45.83477077314481,dry,4,23,sasso,27,1461
1939,152.72956831931185,115.62983357484802,42.302742101546514,dry,2,0,other,60,776
1149,111.81958335033643,194.58546053627035,42.237197029941505,rainy,0,6,sasso,76,616
827,103.72470904192217,102.55583863594077,46.035204668178466,dry,0,14,noiler,46,497
1787,102.72263516681934,74.91513710517206,70.72684804312962,rainy,4,11,shika_brown,38,1309
561,116.1513934716831,189.61843282271198,44.48754443894768,dry,4,8,other,91,255
1178,114.30473510769511,136.65620492520162,71.99955978249909,rainy,4,18,shika_brown,96,719
1532,149.19261470956468,77.71910333395725,63.59209859022337,rainy,1,11,sasso,30,969
1664,150.75410004622677,180.96987044036564,67.77853515497621,rainy,2,14,shika_brown,93,926
1563,152.90091974885615,152.50426061248027,36.080972935677806,rainy,4,2,other,74,700
1741,117.37295938493789,138.02653946510517,60.08512450728965,rainy,1,14,noiler,74,982
1658,107.78850766990864,87.95805824927965,59.859967632956895,rainy,2,3,shika_brown,26,1148
1044,156.54708668404396,199.6326893633602,64.28610531320547,dry,3,17,fulani,70,418
532,118.61760515720644,108.08039345056497,48.46272370750707,rainy,4,22,noiler,80,308
492,142.2783891664432,177.87140828994802,56.99217612713511,dry,4,4,other,68,233
318,121.50554454280893,186.77675942454823,58.358655009260076,dry,3,19,noiler,76,178
564,120.06486708127674,148.2582439786766,33.43423431096944,rainy,4,15,noiler,91,304
323,145.89337171666864,129.92469878420795,66.28277318219332,rainy,3,16,other,28,216
1543,156.9452089491624,112.74026155094714,58.855857861297565,rainy,1,1,sasso,57,827
1801,147.41002823471322,91.43294491919835,43.29102703613124,rainy,4,23,shika_brown,79,948
1197,110.12522846600638,177.31349762986923,73.81892150338359,rainy,2,19,noiler,77,759
1719,143.87626131876004,124.05518062678568,32.5705303493268,dry,4,20,sasso,26,1150
1455,142.6394426240114,150.14085290146022,68.50056949511409,dry,1,20,fulani,32,866
1631,155.43936474392268,96.95418555458582,48.33603450641239,rainy,0,12,other,93,652
1534,120.20974019891372,96.03162218295267,66.30432517854354,rainy,3,10,shika_brown,56,1023
383,107.1634466359425,151.44043833322607,60.07333808458429,rainy,4,22,sasso,70,222
545,147.55749408704972,110.41527240282997,46.168487761717664,dry,3,11,other,22,339
735,142.48254022033132,69.79095101467207,76.43862127919405,dry,3,10,other,52,404
1881,140.3782242357936,67.55264675705571,37.76033895896417,dry,2,4,noiler,24,1290
1159,135.8526624716332,118.21759740027964,38.09914634649122,dry,4,9,noiler,64,705
1740,140.00916809775092,127.14781321043915,53.70750362331681,dry,4,8,noiler,89,763
975,104.87090232350157,149.2843932744005,53.85385857796067,rainy,2,21,noiler,68,669
794,109.19513295061921,140.81901525297246,70.97615610479681,dry,2,22,shika_brown,92,413
1700,107.86703415201288,91.95990869671648,36.003495544401474,dry,4,21,sasso,34,1038
1240,159.64993793761204,105.79368865369086,76.09840627541644,dry,2,18,other,97,496
1274,126.37691504008323,157.88750626939964,38.73161017480097,dry,1,5,fulani,44,696
1116,117.84407755905823,190.6431804960113,78.06505346978659,dry,2,18,fulani,93,446
1767,101.12130729878103,109.9642565297008,74.00181841291308,rainy,2,4,shika_brown,70,1053
1876,158.05985188878526,73.59084866631204,75.13355851375184,dry,4,9,shika_brown,86,750
953,129.06551172351635,78.60858935618941,53.667011104761265,rainy,2,10,noiler,36,757
1539,133.63914751845866,164.0899809997735,59.79573975249532,rainy,3,12,shika_brown,49,1228
1596,132.59835559399926,198.52329541961169,40.225315669956174,rainy,0,9,fulani,34,875
1596,158.34934531117307,192.51083935564407,41.555151232199904,rainy,3,18,shika_brown,63,978
1989,151.80319388736174,95.90001725123908,58.54610759001865,dry,2,3,noiler,75,925
1913,122.96483945245592,61.55294909342895,46.55076745655127,dry,2,1,sasso,20,1103
1661,159.28326764173056,81.45252483284557,53.80255969652423,rainy,2,0,noiler,53,904
338,112.63381919575437,163.43809129563368,57.40443085465201,dry,2,0,shika_brown,26,196
1872,116.79626629781602,135.98426072404908,38.44343460748664,rainy,2,6,noiler,73,1219
1943,133.46526402068758,173.2251357781646,36.41082441061941,rainy,1,3,fulani,68,964
801,123.68819200027997,132.5966403461618,51.99476010127913,dry,3,11,fulani,28,451
966,109.59574231458035,110.18292259869891,41.66024583251179,rainy,3,5,shika_brown,46,678
1329,110.94483340911796,128.2978300868889,47.24281907143164,rainy,0,8,sasso,74,685
1378,100.91643028377308,91.73663173359188,78.59113501309807,dry,4,22,fulani,98,551
1741,136.7188518118136,63.056462689339234,79.68150709626863,dry,2,0,shika_brown,59,696
593,135.09526568348977,72.06333707619811,72.42930946000027,rainy,4,21,shika_brown,37,443
1150,158.1143209029519,190.91634408988205,50.59095011550403,dry,1,6,sasso,18,670
598,124.79506019399658,128.77820853462606,38.3686425770068,dry,0,9,other,46,324
1231,119.16229998629571,150.3428300624647,37.34689979730063,rainy,1,17,noiler,52,968
558,151.2409249123565,194.19744594376775,54.494322014488475,rainy,2,9,fulani,45,326
754,150.4342931027906,177.58716648224993,41.818221035284765,dry,4,12,other,57,379
1181,129.80747550578175,166.1962889255259,33.21920529643404,rainy,2,11,other,73,629
1396,155.55040649788626,168.33686185216334,49.70950433820664,rainy,2,6,shika_brown,94,635
1181,149.0856937027528,85.48946571892344,32.81124579120966,dry,2,2,noiler,45,657
1758,141.86919058517861,174.50252200591785,42.268102799321795,dry,1,14,sasso,20,1196
1603,112.24733707348585,88.09049724451522,33.26202270877416,dry,0,16,other,93,641
1663,131.4772660971625,112.2934478937336,73.35075392360045,dry,4,21,fulani,29,760
446,147.1055983898795,64.30931644549324,59.2941122494796,dry,2,15,fulani,30,241
1584,121.41489408829091,163.08842077650576,62.08760385657748,dry,4,3,fulani,60,779
495,122.94414976939296,115.11383205660523,79.94612542316665,rainy,1,4,sasso,96,257
1695,148.6003122033963,166.6692734412407,68.05040641661873,dry,4,13,shika_brown,92,799
1325,122.1481544778481,129.84780226054062,40.572975469344335,dry,2,4,other,33,852
1852,122.728597286272,149.8777443173127,58.576309951868446,rainy,0,4,sasso,33,1142
724,154.45411373341835,199.05709554033805,65.46434366740067,rainy,4,17,sasso,55,445
410,132.54474356976175,171.2843661721747,39.73518411430962,rainy,0,14,sasso,52,256
550,126.03729521497107,140.26598896556288,78.37595939026204,dry,2,8,shika_brown,29,366
635,112.78650545065773,98.23040107159659,40.079054312001766,dry,1,3,other,60,324
1302,147.80340179856188,139.38502785065026,46.294034343316724,dry,2,4,other,70,679
1574,154.8618112146857,95.52676572829927,50.09097035421637,dry,0,24,shika_brown,62,630
499,126.26164229348271,146.54359695328077,34.3786408633115,rainy,0,6,fulani,64,217
843,108.86063427031453,102.46544963928378,42.34924588555159,dry,3,14,fulani,54,383
643,112.43743861564914,108.72732017873078,57.05256114152902,dry,2,21,sasso,42,487
1902,115.97522112006195,62.881371679702234,40.70014239100075,dry,2,14,noiler,80,907
1403,128.4711120108484,163.01601758708097,46.283066274629846,rainy,4,2,fulani,43,812
1090,124.48552817828192,84.87561073281444,57.45149646056689,rainy,1,13,other,84,556
1431,102.91608044766971,147.74078921293167,76.6515077133486,rainy,2,12,shika_brown,53,916
1016,133.82646537200878,180.93428122558146,71.24434628409387,rainy,4,21,sasso,74,648
1129,109.71744990636446,164.16597545200017,46.03928986716923,dry,2,7,noiler,49,773
916,113.88719027917843,112.83475545931677,69.60421482869762,rainy,3,22,noiler,66,681
343,137.2172205693106,179.91577089643124,55.843787159746306,dry,2,10,other,20,230
877,113.97427343293097,132.1524257943367,66.43945950520771,dry,3,7,sasso,63,570
383,133.47068950234674,175.64660611521447,39.194801126250695,dry,4,18,other,58,216
1752,123.68062960437277,162.73321995191367,54.894835129143566,dry,4,7,other,50,995
1277,103.6905244700969,196.09917408800126,34.832596979095214,rainy,1,0,fulani,37,635
1265,116.86390893680411,189.75879604277466,78.189535723204,rainy,0,2,other,62,629
1210,137.03666135382534,196.16551688610633,65.60824899018162,dry,3,13,noiler,72,705
785,105.85769437651146,150.2233309830636,39.03701532696108,rainy,4,4,fulani,38,467
1031,125.78268277974335,87.51514323652488,71.1057119846598,rainy,3,19,fulani,75,449
1076,147.73344990368705,117.06514845050472,71.0754258449046,dry,2,17,other,24,631
1354,149.38435099050088,112.43939925602567,75.83906123905555,dry,4,21,fulani,27,660
426,154.1004295136191,130.89061834827118,33.358249630277754,rainy,4,6,sasso,19,283
771,128.97678601440657,139.9783066886951,75.71310030880188,rainy,1,5,other,79,357
587,120.40852124486543,87.5822231461027,46.481941216386176,rainy,4,12,noiler,45,477
421,144.11487435811836,74.4859921789491,57.664320799047125,rainy,3,16,shika_brown,27,314
764,139.88781946182752,123.33976410533879,37.876366277675814,dry,4,2,sasso,76,423
594,124.52275136437113,160.79155020864442,39.619159061212486,dry,3,4,noiler,91,328
379,143.54186168698845,141.17020220172165,37.28533058737545,rainy,3,9,sasso,58,232
1442,156.7883697578468,107.99831496350362,45.012442345806924,dry,3,22,fulani,38,658
328,102.05178913424999,175.83164759126635,68.72404792271837,dry,2,3,noiler,29,234
1611,104.03339409727587,124.52459574788034,32.321682769552396,dry,4,22,sasso,36,1017
518,142.54729647033167,196.05181826364878,38.0937656866659,dry,3,6,noiler,73,308
1422,111.67763746294098,141.8093363674841,59.5158268249491,dry,1,24,shika_brown,67,903
1978,158.3328790567762,85.14102648547463,40.675924522168216,rainy,2,18,fulani,92,791
1801,147.46869793252432,101.88737085844156,36.74977846653176,dry,0,7,noiler,57,858
394,117.74264621343093,62.37919494219831,39.798633061663004,rainy,1,22,fulani,94,177
874,140.9789195396186,113.83637176995535,73.45379075338512,dry,4,4,shika_brown,38,626
1532,150.4807998248469,88.96436276403156,79.45927642637952,rainy,2,16,sasso,77,706
645,145.2373694978088,190.30590607470123,64.55675940628728,rainy,2,8,sasso,57,429
782,105.13011746957059,161.14810586353096,38.64724209354366,dry,4,14,noiler,64,476
1303,120.31082132623943,95.81522350672586,38.84086788898964,rainy,0,11,fulani,30,657
941,120.85766808633966,95.51466122331823,42.16772599591411,dry,4,6,other,66,526
891,146.88319418342203,65.49971551175067,45.415055193410424,dry,4,11,other,39,506
1170,120.8824642269276,65.48037190526232,31.828288895455422,dry,2,7,fulani,86,468
1863,120.63855985663426,165.20839803193385,78.02157896577907,dry,1,5,fulani,71,873
1688,139.33719282669932,123.92412938881421,61.01024159704296,dry,1,4,noiler,80,835
1857,152.5183094054081,128.31454630581527,41.24907077869061,dry,3,15,sasso,73,883
1706,152.84052416280394,188.87241749860934,71.209689833326,dry,3,17,noiler,43,1168
1359,154.53723255074715,184.60965416403053,53.26489416416253,dry,0,1,sasso,69,544
1786,111.4029476973614,111.99519393789616,72.97726943921394,dry,2,4,noiler,42,1247
733,144.62184580171078,182.62341240335087,35.943058295457185,dry,1,19,shika_brown,19,472
1442,151.5455880524192,106.63756447316563,56.79784309934067,rainy,0,11,noiler,65,738
1963,147.09121198223448,61.64531634371784,64.38966307072792,rainy,3,3,fulani,93,785
1884,123.55012073621307,182.37414882231923,60.92217359668385,dry,2,24,sasso,38,1392
1843,112.46293130348148,194.75401892211775,77.8662424263602,rainy,4,20,sasso,91,1026
1076,103.48177762565685,127.92617106923889,77.88933180550507,dry,1,17,other,20,621
1870,116.93818720068398,71.8065800817349,64.5470947008429,rainy,1,3,shika_brown,62,1156
1566,130.52099966126377,68.16665811987224,37.6872014291978,rainy,0,20,noiler,50,883
1342,141.58526552617437,68.65240181106486,66.94371135231864,dry,4,12,noiler,91,712
1087,156.56471521003797,130.4025668722796,78.3713216041507,dry,1,19,other,69,439
436,137.81261574395708,71.01898019159229,38.76839012701886,rainy,3,21,other,58,276
1191,106.97608907597592,123.65718308957898,51.433805790603785,rainy,4,2,sasso,48,890
936,107.73801063109804,112.94871871681057,76.21634986839156,rainy,1,11,noiler,90,534
963,120.74294166857304,112.00173009253203,64.28034312070763,rainy,1,5,noiler,29,738
1761,127.26414753632208,90.442441737975,74.92471525407704,rainy,4,19,noiler,39,1265
673,133.52805006123978,192.9701941831209,60.43450646001774,rainy,2,5,other,75,332
342,135.81550814377925,82.31966896436228,61.72833996724971,rainy,1,12,other,99,167
1433,105.77234449975568,162.54301622142287,35.71649973314177,rainy,2,9,sasso,67,935
1003,136.91868443364635,143.1060586132785,75.61765434945691,dry,1,18,other,28,641
1117,106.36680760621837,141.93502142720422,42.14323252656331,dry,4,20,shika_brown,18,766
1020,113.81838660457936,129.02681048018795,70.04823823839092,rainy,1,24,other,86,477
1350,105.45758312477301,168.74757719135027,39.46684725894889,dry,2,11,fulani,31,766
1897,115.06227102858466,92.0934827880845,31.575398764429963,rainy,1,6,noiler,65,1048
1475,104.88645203931597,112.8932740605407,79.70360690246625,rainy,2,3,sasso,25,1058
1365,134.1848938697974,159.05761837702607,51.467136864982784,rainy,1,22,other,44,951
1809,130.21647123370167,80.29174946960218,72.2243372161306,rainy,1,15,sasso,33,1398
375,157.25546474475183,146.70823775464703,66.40870509477529,dry,2,24,shika_brown,48,204
688,111.7870560023572,172.62164505065968,45.29595548701255,rainy,2,19,noiler,47,552
1329,153.2381263453306,117.80432418115014,47.19638482760389,dry,1,8,sasso,85,594
1816,145.8546109244589,104.76477617171898,77.58020344592741,rainy,0,6,other,95,726
1502,115.68612258121016,190.8681711117067,50.52914408143475,dry,3,11,shika_brown,75,885
1251,110.49251107656005,183.5965688075117,50.24646099702137,dry,3,15,noiler,59,796
944,140.15551257937398,185.75094426446736,62.62232918550672,rainy,1,10,sasso,80,573
1944,144.0021730904562,170.83532275999852,57.12329147776735,rainy,2,1,sasso,98,968
321,109.84063167864917,191.7163728549215,58.904162518237875,rainy,0,18,noiler,49,216
1479,136.452027476683,68.70126979855945,50.1155660587081,rainy,1,16,fulani,49,770
1448,124.57768997439305,138.97575216513357,48.66930522736709,dry,4,15,other,71,766
714,148.13741847888164,196.17363060470066,61.46751841881867,rainy,4,15,shika_brown,62,411
1372,131.91826102386352,164.55571086087318,50.61362612371899,dry,0,23,sasso,94,666
1205,159.38970942466096,190.96267351807518,56.65683610226887,dry,0,10,sasso,59,518
1644,147.3839057992007,184.54697301049598,65.128828498211,dry,3,1,sasso,22,1033
654,136.71010327595084,153.51616535369865,41.838613070195166,dry,3,19,other,38,430
1990,147.51111176530782,100.19455533633547,68.51680608484112,dry,3,3,other,32,1087
801,152.26487535208747,119.67459553390901,41.586247815732406,rainy,1,4,fulani,84,340
1909,147.73062759672635,122.76038883795036,46.12224158991901,rainy,2,9,fulani,73,865
1776,117.8847444257917,137.7252839501101,71.38810818258168,rainy,1,19,fulani,94,746
335,119.55007375538592,74.70392906921852,51.51747489652137,rainy,1,14,fulani,78,164
1290,158.93790617922517,192.56396221244637,71.20895926719717,dry,1,5,other,48,596
1054,100.34129341176262,79.23738183275887,51.961473858459414,rainy,2,7,sasso,27,798
786,125.27409291403568,142.04933697255757,68.65798748938283,rainy,2,15,fulani,31,498
1539,117.95637356464185,172.89605041838615,56.697736519896225,rainy,2,17,fulani,66,833
1634,103.14904388935338,104.9594483724255,79.71762289512681,dry,1,1,fulani,24,706
391,151.98048615102343,161.51951636341664,40.66021413804745,rainy,3,3,fulani,24,226
1421,140.66675072921439,186.21150599878428,36.76837602515012,rainy,2,15,noiler,89,812
1247,154.21261555211282,187.53913213016386,34.60511885709225,dry,1,8,shika_brown,52,639
436,124.71098753993937,162.92255712854575,57.56053545683032,dry,3,15,sasso,33,342
1754,140.43336393678285,159.73426897877073,61.441989427934146,rainy,1,9,fulani,96,779
676,112.6200221373559,98.5825395301981,58.33711742263368,rainy,3,9,noiler,63,514
1986,151.56883131158335,120.46885670514503,32.00206403573962,rainy,4,10,fulani,32,963
926,159.7268198556991,192.37421408537932,30.648088357891236,rainy,0,23,shika_brown,39,507
363,158.23847480499327,143.6371048774215,30.35432337236912,dry,1,24,sasso,66,165
1449,141.55105055521108,90.49431269992905,74.63531570475423,rainy,1,10,sasso,43,1065
755,129.48100243356254,144.07150113938076,37.11394543428944,rainy,3,18,sasso,39,592
1735,157.41001168615543,149.57647493271907,46.67322142295781,rainy,3,7,noiler,70,908
1545,114.10858256237319,168.94512814020885,44.67117749578008,rainy,3,0,sasso,68,864
1797,139.64905500759036,63.37970879712671,42.49324713596834,dry,0,2,shika_brown,24,982
420,143.806806274102,147.3096377679383,66.35262797763816,rainy,2,17,other,96,211
671,141.1107714523897,97.4626249658994,37.63487728178242,rainy,2,23,noiler,61,476
1246,145.53087541123284,188.1238503711633,76.66367502288685,dry,3,9,sasso,96,629
720,145.10700726626024,60.639640762708645,50.387543730367035,rainy,1,13,other,28,443
1950,108.16806423562703,152.72114799723613,69.61277440890905,dry,4,11,shika_brown,94,903
1882,123.08979849373316,111.28299663817603,53.515440786620886,rainy,1,20,sasso,27,1404
1665,142.76273969239077,175.39244477764618,74.78153694421931,rainy,3,15,sasso,65,1050
1220,129.5280395438404,132.50904270980186,73.94512268229352,dry,4,1,fulani,85,488
1294,128.29404780188358,92.97866037347393,42.29645521930296,rainy,2,17,other,76,695
1917,148.89804028119076,108.17084125143833,75.68163730892523,dry,2,2,shika_brown,77,795
1565,156.24395653467167,61.442475783523456,50.63098375295175,rainy,4,2,noiler,34,953
760,148.63531163330154,65.05883557415042,58.33171482109202,rainy,2,16,other,32,443
1451,135.6919510532561,110.5392662309454,72.20204567230377,dry,2,10,fulani,65,630
1276,110.38371695204229,146.2953734687603,58.180246127708074,dry,0,8,other,92,510
562,141.006521636502,133.207264853605,62.49329812045001,dry,4,21,fulani,94,225
689,126.57986180526731,171.10709474194084,57.855168293893854,dry,0,20,noiler,80,276
1861,150.5416764739811,125.97146516915622,78.19811049361154,rainy,1,17,noiler,32,1176
890,147.82128086045898,121.89488589101964,57.09355159787918,rainy,2,0,other,81,356
616,106.5413896431696,155.78768408645527,37.14987755977194,dry,2,24,other,62,334
1838,157.37422012584318,183.30592606405685,68.38309782079061,dry,0,23,shika_brown,73,736
1827,147.77670269786972,122.82694437975685,36.06263560661953,rainy,0,20,fulani,18,754
1088,128.65303932383026,116.65698100270279,76.59896097786907,dry,1,3,noiler,56,662
634,144.2361214151851,115.35494689719782,31.599826104634822,dry,1,24,shika_brown,71,317
1854,158.29902987589634,151.69729716544435,44.39201465384009,dry,3,4,sasso,40,1074
1069,136.59262763848636,65.71766201299837,68.14144331971472,dry,1,11,sasso,87,476
1677,157.94702502619364,70.36671518594795,43.225220218542965,rainy,2,24,noiler,18,952
1748,120.64981160510824,99.27063117284868,50.681230130539554,dry,0,22,sasso,70,848
1161,100.4315773604716,132.18959636277833,37.53655421379689,rainy,2,23,sasso,75,663
1317,127.64194078699015,154.76397234592082,56.91197241235669,rainy,0,13,fulani,31,753
618,122.04361955377192,82.75072184828554,42.57329852455379,rainy,1,11,other,91,295
1283,124.97318084545762,184.56298435054674,79.17601538613673,rainy,1,9,shika_brown,60,846
1434,137.38562411966683,169.088943637552,57.14340699891068,rainy,0,8,fulani,77,608
1035,116.72393154717082,125.32482767215195,57.948980922509925,rainy,0,16,sasso,87,574
1258,106.16713471343779,136.03594414014486,45.09156489372418,dry,0,24,sasso,43,796
1145,103.14162245166445,198.95532978676687,55.38051916375879,rainy,2,5,fulani,25,724
1501,104.59523364502358,110.82771202386746,43.344537307478134,dry,1,0,fulani,69,600
676,116.17028042738761,151.0340911853194,46.789666882848735,dry,4,3,sasso,97,340
1016,131.12571674809047,137.45316195954717,46.600400565859445,dry,0,2,shika_brown,96,435
323,129.24126225271814,148.81561632959182,35.184014518551464,rainy,1,24,noiler,40,252
664,159.15422962740786,160.00795462762738,71.30410348150116,dry,2,20,fulani,29,316
1989,122.2928197001905,197.38055238880727,35.26365311031692,rainy,4,21,noiler,50,1492
491,151.40351166126717,90.76620736850394,71.09512195306436,dry,1,24,sasso,29,303
302,139.08299026936086,80.21103824175441,59.74699694969971,rainy,2,5,shika_brown,74,187
1685,128.6876783344517,122.36801091553068,55.83374409717652,rainy,0,24,fulani,23,906
457,114.18757456374134,147.19201938682335,35.7707119545659,rainy,4,20,noiler,86,257
817,144.41970908532153,124.64120854333673,79.21779941971133,dry,3,9,shika_brown,96,400
1400,132.03365335608282,62.659852380107104,41.4162331460238,rainy,3,6,fulani,51,714
1273,146.89166399463218,153.99868102347477,52.25746406989168,rainy,1,24,sasso,94,720
1544,131.98495964048814,195.9276898507871,47.861770830839106,rainy,1,18,other,54,956
1243,155.2825593716887,184.34779992782887,71.1610488976218,rainy,4,0,sasso,64,572
421,145.42349157024614,171.27928645169703,51.98617014587121,rainy,3,16,noiler,61,279
903,118.24381225039016,95.54303751461048,32.483435295040465,rainy,4,7,shika_brown,63,546
1695,103.91570422375955,138.8206669572976,55.12208962873609,dry,3,20,other,80,678
925,120.0846080174395,175.71009337730192,66.3860548163355,rainy,0,11,shika_brown,43,618
632,136.47425899577996,128.33332187094464,58.59784520770595,dry,3,4,noiler,86,336
894,105.5422503565538,68.5055221423228,60.2095975371832,dry,3,22,fulani,54,402
1527,114.68757438494625,107.29999807917301,32.18016917931063,rainy,1,22,shika_brown,82,771
1316,135.18806632243283,184.22144147058913,56.42410004797735,rainy,1,13,shika_brown,83,801
1383,121.87993034320056,157.35456512935602,76.53627138238393,dry,2,12,sasso,79,681
1006,137.83823733755463,191.82998328323524,69.78044624097366,rainy,1,13,fulani,79,417
311,119.12790448264417,161.53796844254336,42.612602545360105,dry,3,7,sasso,75,166
1848,116.66422891325543,193.39554409250678,34.32045798800695,dry,3,7,other,41,1178
1493,116.16188665291294,138.7287044509448,43.932517026140914,rainy,1,18,fulani,95,597
344,151.19059650037616,177.318246725055,30.57786099917006,rainy,3,19,other,30,206
1442,101.29907713153212,164.9644211623438,77.52948878762007,rainy,1,21,sasso,89,827
1548,152.245837667329,86.08300437614855,59.49976456810411,rainy,0,17,other,59,677
1390,155.32057722938663,162.55223579057997,54.842132068574585,dry,0,22,fulani,33,559
1694,143.92547441336376,185.36380895289318,76.81890144290631,rainy,4,18,noiler,86,929
901,137.89268628373264,198.49983802329828,75.87816076453853,rainy,0,3,noiler,56,531
324,110.75001249032289,128.9987593378155,73.6813860700146,dry,1,11,other,67,172
431,139.94297496039803,80.49360671998238,63.73221850429011,dry,0,10,noiler,78,202
1787,137.0210324160226,144.08581676747255,72.99373750351342,rainy,3,24,other,68,1024
1750,156.99796528544425,81.5171118777853,31.84811751102802,dry,4,23,noiler,63,742
1594,115.8735476797351,189.97889953214968,63.37215880909374,rainy,0,1,fulani,98,638
1748,154.82938172771577,189.6917876256426,78.9251191648864,dry,0,17,shika_brown,54,795
1406,102.88757365689106,116.80215701841358,61.15574200813873,rainy,1,7,noiler,85,780
661,147.81034388108125,86.77554760234808,66.2682576421851,dry,3,14,other,29,395
671,130.35374830871234,77.39352634088635,54.622585243103245,rainy,0,9,sasso,33,477
439,112.486502739822,136.2703932198865,72.10224691580427,rainy,0,13,other,43,263
559,140.49217635421957,149.36950178136786,49.041794009140446,dry,3,22,shika_brown,26,403
1554,114.91177744701791,104.29993221461467,67.59427143094821,rainy,0,19,shika_brown,33,939
1215,146.08822777689227,129.64060146863068,69.78150571486539,rainy,4,10,other,52,740
911,130.04467649215172,148.93627941056977,61.20812279539376,dry,4,17,noiler,55,619
835,113.83401293434486,91.85877256501601,68.89149895701019,rainy,1,4,fulani,29,506
1375,156.83424851417996,164.66972818158243,57.290288209358586,dry,0,11,sasso,26,705
1830,101.99036542211134,139.4362214693186,38.52297644733143,rainy,0,14,noiler,78,872
751,117.14267714992299,181.9053294197974,74.46664823720553,dry,3,1,noiler,39,515
907,128.30683173475774,99.09900930578891,30.3000390836991,dry,0,21,other,29,435
1413,124.48257992908432,65.23119241940555,41.85314505488403,rainy,4,3,fulani,89,565
629,110.2563356881346,138.73571965487173,72.46881376942287,dry,0,12,sasso,52,340
418,117.68360180366062,85.5785413227029,61.2165194965533,rainy,3,8,shika_brown,97,225
1602,147.45460441422873,84.70106315883207,76.82880420368659,dry,1,8,noiler,72,672
436,118.32213065352205,69.05049874749622,34.55336634278854,dry,0,12,shika_brown,57,221
1982,132.24774221614013,149.96024691678394,77.92967568576475,rainy,2,16,noiler,92,1057
1514,125.33555565922462,173.1944346081201,49.00464728729092,rainy,4,14,noiler,47,1191
1744,139.98872146558557,191.2711379268343,33.765010339978204,dry,0,11,noiler,94,783
465,133.26351870201492,105.89213560989535,41.02840368184713,dry,0,7,other,32,221
515,144.094892929574,197.9265565548344,44.76149886858174,dry,3,5,noiler,18,361
458,119.7558325891728,164.7293523152827,70.87252805220574,rainy,1,24,sasso,52,344
696,141.87454612450082,66.26179725715461,49.5257486389319,dry,3,12,sasso,67,427
657,124.31487947031826,109.84583949842343,58.117566442949,dry,1,19,shika_brown,35,475
1003,121.92001681284911,113.35397894296813,62.673626147978055,dry,4,13,shika_brown,97,555
1969,103.48183371301724,157.40227392453573,65.36004364745162,dry,1,8,sasso,96,887
1931,120.24043060120589,172.3170101214993,40.05555339275344,rainy,3,0,fulani,99,772
1163,151.9898741998962,95.16494964273795,79.4819033682897,dry,3,5,fulani,98,465
1046,137.2482451161276,116.32356751265965,31.277714232468973,dry,0,4,other,34,553
625,116.7767739055263,90.4543643312114,42.79694788383131,dry,3,20,shika_brown,49,404
881,155.67891432601513,95.84117854103133,48.365522406273165,dry,2,3,sasso,48,472
1367,121.99734578514237,84.17211246086602,39.25064460764952,rainy,1,23,noiler,26,1068
1313,129.51146040342545,128.11691328276774,61.41786149142841,rainy,3,9,shika_brown,47,1031
414,138.56442560035669,139.12939555992693,45.51979301422593,rainy,1,10,other,36,300
1247,151.5695973933387,103.56194034231326,30.07251582955636,dry,4,14,sasso,51,670
703,112.83858013834389,190.86393081677755,55.8222273295652,dry,0,2,fulani,41,370
822,125.70372093553952,70.36064059793034,56.468299374888055,rainy,0,11,noiler,69,439
1846,119.46476607784979,82.89499729063729,32.98112182390515,rainy,3,19,fulani,22,1052
331,122.9677808489921,154.5449833089153,32.63447181666946,dry,1,5,noiler,82,151
1852,126.74994346037401,127.9885913030528,41.890013069451484,dry,3,20,fulani,59,869
619,113.11156004528578,185.04125463936282,36.08672844846252,rainy,4,2,shika_brown,92,322
1328,106.10061378585951,141.5465094575749,64.1521373542293,rainy,4,16,other,57,766
815,141.41556170479845,151.6827434363939,59.347278245672584,rainy,1,8,other,66,493
1581,133.1720091722127,95.28796999616655,35.54457616220856,dry,4,9,fulani,74,632
1442,136.26558510109612,94.22355614009659,70.63866439250441,rainy,2,6,noiler,87,860
1562,130.14879235862833,99.62193243133262,52.219180504375984,rainy,3,17,noiler,66,1059
896,101.26992685672445,75.17245902104378,43.25271159944437,rainy,4,16,shika_brown,39,670
537,106.04891284392332,174.9722297736971,35.94081236325736,dry,3,5,other,70,272
545,124.44299954826603,187.62304429804226,69.0761575530928,rainy,2,22,other,38,358
471,103.1692865730674,62.925469708780376,35.89797556737769,dry,4,14,fulani,96,200
1319,158.58857434592056,164.03519185954056,40.72421836796492,dry,4,22,other,67,608
1830,116.75177400988753,166.17044512073056,39.840117294700825,dry,4,1,sasso,19,1162
1195,147.51378709970848,125.10092850972707,69.51601227398774,rainy,3,10,sasso,48,912
631,156.81324893649116,130.37969512858587,53.61330233994893,rainy,3,0,noiler,25,400
999,126.51354951799902,149.88745467182454,55.041563314330105,dry,2,22,sasso,87,515
1693,144.98906483650035,154.59246955731143,78.56994937849808,dry,2,12,sasso,48,1039
307,105.59573187453574,83.3133408103241,46.1809121277155,rainy,2,13,shika_brown,24,244
339,158.5531712811919,158.3628004704598,38.67151851277788,rainy,0,9,sasso,83,136
1885,149.26908723437418,85.1301967407402,68.13852772688477,dry,3,4,noiler,76,847
656,159.43394949137777,81.27202418704175,53.16745190198417,dry,1,7,noiler,92,266
1128,129.90109065111304,195.06972608435737,55.181076554436586,dry,2,10,noiler,44,826
482,131.12597373306704,194.9882080086898,30.8180859408913,dry,4,10,noiler,84,252
1886,155.33507622011288,92.60950117139632,79.64686346634709,rainy,1,9,noiler,94,754
359,104.11557833604137,181.56264043483012,68.25199656791705,dry,3,24,sasso,33,253
1198,110.88286286202278,92.58362063471588,62.76694025686108,dry,2,0,other,84,479
1135,120.90932457508278,194.7431463846066,30.41466547189285,rainy,1,20,noiler,82,646
486,133.56488560711222,73.49475014922069,69.94565838929265,dry,0,11,shika_brown,39,314
337,116.28400957227709,188.79118940509423,41.626647369264234,dry,4,18,shika_brown,58,223
698,100.59998772734819,115.03677090592538,72.4887743181112,rainy,1,23,fulani,35,380
597,112.26397713255636,185.63915997196838,40.87526668439169,dry,2,6,fulani,42,325
1728,134.4317041512152,112.21526978442277,65.70131072934527,rainy,1,24,other,33,1194
1283,118.06139655521702,129.31825812839588,77.93024056497677,dry,3,6,fulani,72,563
1441,144.01158345629818,103.3765114354751,40.03863241772125,dry,3,20,shika_brown,90,644
1303,113.466323394749,111.68281196345086,68.90318125296167,dry,3,6,other,85,554
626,120.18008322128036,98.0790166764335,72.56361934510524,rainy,4,2,other,91,336
1033,145.35028752260047,136.85757086348173,43.43058199552304,dry,2,24,shika_brown,39,743
798,145.1788644385718,102.48453784864816,43.84304657732824,dry,2,3,noiler,34,540
867,108.48143458792623,115.5055369052427,33.349479625631496,dry,0,18,shika_brown,21,510
335,158.0919887477821,171.86729931830433,77.6545936489311,dry,1,23,other,30,183
324,115.23030890446768,92.13509928359761,73.21917127283658,dry,0,23,shika_brown,75,137
827,129.26258805143257,127.17653638151832,46.186072621960925,rainy,2,12,other,78,387
1734,123.6610103746559,176.91925869383348,51.13428346060796,rainy,2,13,sasso,39,1558
1654,158.6457021449482,175.70209199846775,66.43078395602456,dry,1,21,sasso,19,1089
1968,136.5496727823724,145.31091961339558,66.32617359567581,dry,3,11,sasso,70,1031
1234,117.60342856849769,93.90184133206381,46.21484793232025,rainy,3,7,sasso,77,752
1341,154.02637357589794,114.11702586149138,73.4557993355491,rainy,3,14,other,86,536
1654,100.67206692329411,149.75564870575514,36.56562180892752,rainy,4,14,noiler,86,953
1207,122.62668886334767,159.08208629292687,71.86148345143661,rainy,2,21,fulani,53,610
745,130.09534280040157,77.47979144493965,71.92938790995257,rainy,1,8,noiler,35,633
635,119.49750954547736,109.40036400282634,38.99017871207808,dry,3,5,sasso,58,400
1399,118.07430175880563,176.39972325773596,63.21097462295954,dry,3,22,sasso,36,1123
1275,148.87020888970977,159.63111344299304,33.08018354158267,rainy,2,14,noiler,64,842
528,110.5099698490472,107.66889211399479,45.888718751334565,rainy,3,3,fulani,44,311
886,114.63922042043477,66.75934282641826,59.28656819597026,dry,4,21,other,37,529
1310,155.4016675440678,187.95821468774352,59.232788191234626,rainy,0,14,other,50,691
993,131.05434507875177,191.08320909506068,69.31249141243639,rainy,3,18,shika_brown,34,771
1094,103.99256890649065,178.09900089978328,47.77290002412373,dry,3,3,shika_brown,42,717
1290,132.06425387633107,126.98498581387655,52.11001405886191,dry,2,17,other,69,620
1125,100.88075410406411,152.4688696849734,30.005511590091125,dry,1,14,shika_brown,82,450
833,133.2772845477167,154.9907317557442,41.47664420860803,dry,1,23,other,70,427
1926,140.91602699173455,146.6447276821972,45.44742701827785,dry,4,17,noiler,24,1330
1167,122.30297787393906,184.6909847966436,60.60547047031685,dry,2,13,other,42,766
1043,105.47285672515899,106.1208633673564,49.44489153200698,dry,3,17,fulani,85,432
1116,123.15571097758983,148.55692224659782,56.81518899593662,dry,0,14,sasso,50,723
1284,148.24581053401164,173.09312917839247,65.25877076035661,rainy,0,4,fulani,24,552
617,127.63219731021854,151.43221513389253,62.42488755845535,rainy,2,8,noiler,75,404
620,126.35983016759202,196.83080710720907,48.978401428496284,rainy,0,18,shika_brown,46,373
1718,101.27799027561576,63.90737261536774,74.60116528555446,dry,2,7,fulani,56,695
775,110.07332542184534,119.81101404072254,62.2873057727004,rainy,2,15,other,44,528
1200,123.91954552405653,92.171503725004,46.33169301404966,rainy,1,23,noiler,41,968
1822,157.91456453201664,178.11035819152664,58.115939129930865,rainy,3,10,shika_brown,77,839
966,107.4878795191694,122.79967369630674,40.564071924937494,rainy,4,15,sasso,44,766
506,104.44119941535365,93.0724093433843,32.88502347455222,rainy,3,18,fulani,85,202
1326,148.97146376555838,91.16580773229845,35.95801325974371,rainy,2,6,sasso,44,867
1642,141.50563184579667,162.58719535307785,66.34601692905119,dry,4,14,other,54,915
882,135.5551814458662,115.32597106930116,54.80994403338814,dry,0,22,noiler,32,567
305,103.66166268594519,199.63637897202477,56.13431955831305,rainy,2,9,sasso,96,158
1528,155.4528516511893,65.69834185480607,37.5620148053956,rainy,4,24,noiler,98,699
1105,157.81356861381272,155.90567126313692,46.38152308465904,dry,2,21,other,84,442
1823,136.00099048527886,163.5455242361075,32.83903696281534,rainy,2,16,noiler,78,1075
747,138.57647272149902,171.17148608674194,74.76576275356823,rainy,3,1,other,53,440
1296,136.5669855028164,188.98767837268903,42.44157778329416,dry,2,9,shika_brown,93,640
1356,149.33573815682269,85.26673745272926,64.7689267002992,dry,1,18,fulani,80,542
1330,123.06575825681017,70.50998096102037,66.9588499357214,dry,1,14,shika_brown,43,886
1257,139.78612210271015,160.89579503798413,44.845866583869075,dry,2,7,fulani,64,615
380,134.3516123558145,167.13319804148546,58.52951830851069,rainy,1,17,other,64,231
819,146.27090176709368,75.63885711261601,50.53440858378859,rainy,4,24,noiler,80,426
435,115.1702098735843,69.47208310879752,36.36855772470999,dry,1,12,other,93,217
403,133.69174438326655,116.06353321544427,68.41576489641108,dry,1,22,shika_brown,21,280
1263,131.4676360540589,176.11024080270315,65.20285544493483,rainy,3,6,noiler,40,1097
1421,128.54200127532954,115.95462466186186,66.09048979428584,dry,0,4,shika_brown,53,803
1969,123.52800595318404,126.3865105297678,51.07881186853177,rainy,2,1,other,75,934
1542,100.07102162311408,88.904424596893,50.566848502498644,dry,0,8,other,88,617
918,143.47726231952385,128.84175048309578,30.966357387602034,rainy,4,13,sasso,63,583
1631,140.0343418108102,87.07122114719334,42.30937339434311,rainy,3,24,sasso,54,1132
1263,124.12781968604239,86.6868294954119,59.66043476365547,dry,3,6,fulani,91,505
342,149.83849469795257,171.68131357037043,40.7736302925313,rainy,1,24,fulani,30,182
457,103.23706793644614,132.908393409393,70.83046028005376,rainy,4,21,sasso,34,369
1555,154.17871174777318,89.13874563863331,42.948241645010185,dry,0,23,other,92,622
1289,103.11383447110785,143.10446979410867,58.21157814287858,rainy,2,2,shika_brown,18,886
1037,143.33930157272965,175.42311360013008,65.13265974525861,dry,4,4,fulani,65,423
1225,138.34944087836516,78.77609450830928,57.00799012495209,dry,2,11,shika_brown,60,735
1318,104.43904300550314,90.33550816043898,67.83149211920988,rainy,2,16,sasso,68,834
682,133.8939211564442,87.23406162106717,33.8202863587396,dry,1,5,noiler,29,480
1898,112.79721507693586,107.4698120566525,55.6561281402729,rainy,3,13,noiler,73,1238
649,108.82438341140602,74.87497422335997,46.77220934362311,rainy,2,6,other,61,389
1434,131.10770498078844,115.54395818035135,58.02574948442198,dry,1,1,noiler,69,720
1890,115.07388290886773,146.26038769710868,70.74996949228,rainy,4,7,fulani,54,1051
1222,105.88759579521343,97.54805069235069,31.422060628955602,dry,2,2,fulani,64,495
1344,135.97058976531366,158.11962689328308,75.40058137321074,rainy,3,23,noiler,35,1069
1772,107.1525346848374,192.44611019925955,51.69638447312538,dry,2,22,shika_brown,22,1295
1850,120.32492773836653,80.99029653560149,60.22492962665807,dry,3,23,other,51,915
1729,108.17733429021354,165.65802469759575,46.51713970866407,dry,4,17,sasso,96,854
1567,153.89970615543118,164.961388309904,41.395025377084984,rainy,3,7,noiler,51,1013
1427,117.20187660832543,166.54345809353748,53.820235936917996,rainy,1,8,sasso,34,1161
873,128.919713316759,185.9112595130593,59.56726911878677,dry,0,15,shika_brown,83,353
1132,130.13601633113197,177.10669328629734,34.17121711055768,dry,0,8,sasso,96,494
703,142.07178817416508,149.7258547182047,60.67765209207022,dry,1,23,noiler,59,450
428,107.78579843787976,148.83823993671177,46.39774652397951,dry,2,5,sasso,20,312
1177,114.77353911908047,107.67661994439226,65.4186795303599,dry,4,14,noiler,40,884
1285,157.10303803830118,130.20890049530956,55.12619573469075,rainy,1,0,fulani,46,530
506,141.95864352594947,170.42055955311895,58.75540196452986,dry,3,18,other,22,350
929,114.58100577824415,65.7509519205766,42.62403801952998,rainy,0,20,sasso,33,629
630,152.08693439340882,162.79823874262132,31.08400058334809,rainy,2,10,fulani,28,320
581,127.36587330351635,173.18866358675882,69.14828314003165,dry,4,17,fulani,85,232
1913,101.86890607881638,184.71359793189444,68.49080797188466,dry,3,6,sasso,43,1210
480,127.48716074368389,128.54890198863762,67.76684115436169,rainy,4,15,shika_brown,52,365
735,139.7386806399619,146.56293113677614,63.23013823714,dry,4,22,noiler,52,506
1325,113.23743449861526,128.86719205308142,51.001735333164106,rainy,2,21,sasso,50,1083
1537,146.63571331084734,106.39718991597624,62.033789569466144,dry,4,19,sasso,21,981
886,140.49530662626984,114.20979037834643,78.93137255803767,rainy,4,9,sasso,31,664
1041,105.4184649139376,157.618391314436,42.893187777634594,dry,2,15,shika_brown,42,713
893,155.58138817420465,104.67167699242478,38.84878149332103,rainy,0,13,fulani,38,396
1122,136.2004377701336,194.47720759266647,74.2596345977577,dry,4,15,sasso,76,593
618,134.96111512424233,74.36209176699336,66.59099124426206,rainy,2,2,noiler,90,368
662,142.28814069045166,163.8007207407772,74.34401425605203,rainy,4,6,sasso,50,509
604,102.55890987679405,119.93154747760994,62.981091740480664,rainy,1,21,noiler,32,482
661,102.14252258249032,155.2308565402095,32.2146763201709,rainy,0,0,other,53,292
532,139.57443651230912,152.14446633193063,65.25037370603764,dry,0,4,fulani,92,213
582,134.7022013813131,65.21600949629195,72.15392601299283,rainy,0,17,shika_brown,61,342
372,155.14415294779053,140.9059138490168,66.37510028125084,dry,3,12,noiler,64,192
1146,151.05633047398697,173.0479609406019,64.94292999527227,dry,4,22,shika_brown,19,681
1961,155.05728819739954,192.52338280975115,38.38996335815792,dry,3,16,sasso,25,1263
551,133.92492605926725,189.09398601767757,31.98606009258845,rainy,4,16,shika_brown,63,377
1320,137.10372906552743,113.23993476683557,64.56630135063983,rainy,3,2,noiler,43,1073
1870,142.11339347021644,148.6393199052435,58.301356528283534,dry,4,16,fulani,46,1042
1549,131.5276960621541,178.75313486224576,62.02067553144883,dry,2,20,sasso,42,1037
751,126.97949346656455,181.91273537935245,73.93792398999996,dry,2,20,shika_brown,24,542
1936,156.26439902042534,151.28197780365306,37.928261472217564,dry,2,5,noiler,76,858
1848,110.92863846850943,178.9134167418798,43.70115597710956,rainy,4,1,noiler,61,1178
1701,142.1803889701187,151.11273395375673,34.5519834604869,dry,0,13,sasso,86,680
1087,106.56080939789135,199.11057550859934,38.26847805270006,rainy,1,11,noiler,27,895
768,128.76616534357197,68.40151463985228,61.03620060121008,dry,2,1,sasso,45,490
767,126.5147660628686,178.98316704502503,39.66612184465882,dry,1,16,fulani,83,335
1868,159.08941211967695,171.22019322703764,44.79442471033437,dry,2,9,noiler,21,1112
1288,150.27400305165926,186.7580738670543,44.87095621145495,rainy,3,24,shika_brown,90,612
889,112.58956215692302,109.97321973197208,69.12812451463368,rainy,4,4,fulani,87,421
1358,143.17593720219384,136.75404961056677,66.07409596452314,dry,3,10,other,88,648
1965,123.38009920648994,87.72010279083557,59.38136486207353,rainy,1,21,noiler,34,1476
721,131.17500808940844,122.07777746770319,41.08830371177766,dry,4,24,other,21,443
1247,127.1006324294612,129.68159971011292,45.09567702672407,rainy,1,7,shika_brown,82,705
642,104.8784843981991,168.95370690770238,47.51284474017264,dry,3,12,fulani,60,349
1357,119.8862841408768,141.9549095451302,46.89203095374238,dry,3,18,sasso,52,910
670,128.26900237716626,184.8431377095134,58.757977726397364,rainy,0,20,shika_brown,58,422
1808,145.63511024065218,174.84208333956755,39.52147316948809,rainy,3,18,sasso,86,955
1068,123.12290519649204,85.50214255106414,43.238135651636824,rainy,2,1,noiler,45,790
691,135.3498167429454,92.63338402191584,67.68068185703393,rainy,1,3,sasso,89,398
1286,150.39898149170483,155.40648689296467,69.02933563183323,dry,4,16,fulani,91,514
1819,113.98029687865575,173.53560378580556,55.09100579301502,dry,3,5,noiler,70,1102
1596,158.2241680409744,139.19065887255564,36.54909518839562,dry,1,19,fulani,37,731
860,145.7389235002493,89.19084673963019,59.57824313021222,dry,3,17,other,69,365
779,157.8883551909357,108.50984453284474,73.92952121879198,rainy,0,13,other,42,400
864,139.6494265115756,62.02451840553353,33.871457525015245,rainy,2,10,other,22,587
637,114.15975975026994,104.83057622617659,61.15799370401359,rainy,0,2,sasso,64,367
624,154.65982133464388,102.80432720219609,55.41113508441339,rainy,1,2,shika_brown,70,277
1040,118.49602017917496,128.15880051448627,60.362910268010346,rainy,4,15,sasso,42,877
1480,155.43899196345586,158.41449410539394,75.30928855165251,dry,3,0,fulani,71,592
755,155.87541520573592,153.80113053845946,71.03469805930877,rainy,4,8,noiler,28,520
1459,113.0134328198483,138.00572000626946,34.27269350747385,rainy,4,10,other,90,712
560,140.41330352617413,188.27667773897227,77.81043296838074,dry,4,4,sasso,53,335
1271,123.79874835130786,70.39179622158365,67.42689313422923,rainy,4,18,other,49,733
1609,124.38890201890074,124.87553052484,65.66195760100999,dry,1,22,noiler,76,902
621,133.632315283105,172.50037195374222,52.17041064973583,rainy,0,16,noiler,62,396
445,107.91670174697471,95.55487275999783,31.162521764207604,rainy,2,19,noiler,38,345
692,146.2204743671607,160.57826873168207,67.08595029332776,dry,2,6,noiler,76,370
1566,136.81083922575885,161.90594482094957,74.9532295890303,dry,0,1,fulani,74,626
509,153.30411489026676,92.45424696006546,35.551935229492564,dry,2,10,noiler,60,277
565,138.23921008862592,62.444247151523264,45.874644618254564,dry,2,20,sasso,65,363
1927,149.85077697450288,116.92388262977505,37.94537409903672,rainy,0,17,shika_brown,23,1133
721,154.4086445415316,160.26769626543074,44.187888404624736,dry,4,0,fulani,94,288
608,114.03570355923351,100.06826160696718,59.62645222267744,rainy,0,9,noiler,34,459
744,109.27900372027682,67.731891805706,55.49994322796358,dry,3,13,sasso,73,408
582,132.59067249245055,183.52074545318732,78.61658392311456,dry,4,14,fulani,68,273
1206,147.61556326465836,157.60558924326648,31.94341783362501,dry,1,5,sasso,87,551
408,122.47958404618248,71.95866310121355,66.7979682334284,rainy,4,13,other,98,220
777,125.84265013656082,77.66925774756719,68.91249430925174,dry,0,11,noiler,90,361
1190,112.07886705589812,140.9901612311603,49.425516428005565,rainy,2,15,noiler,78,749
467,124.42097410036959,68.19444349855274,65.2556130667672,rainy,1,13,noiler,38,388
864,143.72013290575782,69.90831381964276,31.130772908209316,dry,2,12,sasso,98,420
1897,157.9344987836043,90.30117588852744,54.97676988720201,dry,0,2,shika_brown,19,816
813,155.80816477071758,122.35212113795987,63.71288550637026,rainy,4,14,other,75,376
403,129.69014231043224,64.68787949528424,63.52579218553159,rainy,2,21,noiler,62,305
1013,141.38696506840267,71.25226730471192,41.82600711366132,dry,4,10,fulani,47,540
1217,126.02676402969315,126.60040861714876,44.27138425622367,dry,0,15,fulani,32,573
1934,146.71583677044265,103.73561974140728,31.293019176929853,dry,0,12,shika_brown,44,896
1389,118.36921372792605,68.68292186283745,45.817464388151606,dry,2,7,fulani,20,757
1140,151.87839047876687,60.66783586493748,33.332779587333675,dry,1,0,fulani,68,456
1601,108.84512640131557,102.8812707817961,53.235034094872844,dry,2,11,sasso,22,1125
1626,130.026906787979,162.24949996530097,50.687001547994186,dry,3,11,other,83,700
1663,116.19697810485019,176.45388888878483,43.76590621927887,dry,2,12,fulani,82,698
523,118.72438109772534,171.0704017131352,54.418474347742546,rainy,2,12,sasso,75,311
526,159.53947924080694,74.49782829191818,50.77258868395438,rainy,2,20,other,31,336
1993,136.74556623344523,150.46238333104475,32.23871496483795,dry,4,24,other,71,913
441,133.61528347101003,86.3218572083607,54.352214973498164,rainy,3,15,other,41,303
1562,116.6787085830469,95.7019282820137,47.87198317869186,rainy,0,1,sasso,33,892
1443,133.0955542650915,164.80865926802693,66.25423984932607,rainy,0,10,fulani,69,632
1414,144.2386717881756,105.73946655981486,55.25816942850196,dry,3,11,sasso,44,1011
1818,112.99768525496083,70.48160811917445,49.388940975361564,dry,0,20,fulani,41,779
982,125.11240170400427,63.52222954462159,77.79185184875186,rainy,3,2,sasso,34,690
1788,111.14904743792769,137.52036812224276,74.353767256105,dry,1,11,other,28,999
831,124.98352551159192,181.1498872880968,62.29306942829223,dry,2,11,fulani,30,435
1788,115.30698187838549,64.3653209788668,46.815088672703396,dry,2,12,fulani,20,937
1710,131.2526227454864,111.8741065891596,78.26914881794121,rainy,4,9,fulani,35,978
1340,105.36689490549075,152.55892056856896,61.72407479595059,rainy,3,2,noiler,99,772
694,120.09589317757766,178.53955712655267,68.714564519058,dry,0,15,shika_brown,91,283
1807,131.1625063126482,197.16045005401014,64.74280398946598,dry,0,9,shika_brown,83,861
1375,110.13883535402275,170.4350409529274,55.21099330497013,rainy,0,6,noiler,23,1012
1023,118.16373963831671,160.149496477504,62.87909434016644,rainy,0,12,shika_brown,49,625
1424,150.5680830117448,196.94872853198837,40.282261172469774,rainy,1,14,other,36,911
757,111.59615361418989,165.31106904701267,70.53243987780402,rainy,2,12,noiler,63,523
743,132.76374979782747,141.3048286829773,69.99291108764456,rainy,4,9,other,39,531
594,127.16399234413814,77.30443386669907,62.387814976076314,rainy,3,19,fulani,56,331
640,156.49925651757343,147.61594005888318,61.20380234279499,dry,0,0,other,20,270
1347,120.32862521384064,189.23322242371688,32.437904939509956,dry,0,15,shika_brown,35,713
1442,153.30366505282137,90.16908230573573,62.24477051508055,dry,4,17,sasso,39,911
1855,126.26200035614492,63.88508371840938,38.29772487431308,rainy,0,18,sasso,81,778
1681,135.99004706569414,82.61553839261977,33.06961488710844,rainy,1,24,noiler,80,881
1164,155.26315242619086,137.34156651960177,59.00084426935753,dry,4,5,fulani,94,466
1657,121.83192329831208,64.49570860183651,51.577489275354225,dry,3,1,fulani,88,663
1291,113.4082195405347,146.30161994547154,72.36077033154089,rainy,1,20,sasso,59,876
1309,152.6026409595853,133.28141924040187,31.79117937852925,rainy,4,15,sasso,98,655
795,130.118153237652,150.94987611880322,58.48990970066427,dry,0,5,fulani,45,369
1974,141.3996103737866,148.14378968225114,56.219998622042965,dry,0,14,fulani,23,790
1010,125.29015529142939,173.00268392894196,69.98916673434093,rainy,2,11,noiler,45,769
398,141.99512649030532,187.62251427418227,34.67565332158829,dry,3,13,shika_brown,29,275
1755,147.48189660098333,157.1699349379591,55.775494222529176,dry,4,12,sasso,76,860
1662,142.4081358473955,111.94872244908552,54.69873266377405,dry,0,15,fulani,60,665
1628,119.11312825018618,118.51832338644229,65.64053785578821,rainy,3,11,fulani,96,727
1215,131.62531509457838,162.73506418974856,32.37237374300251,dry,2,11,shika_brown,24,838
1834,145.41381262653292,101.30983174498168,35.85470405699991,rainy,2,21,shika_brown,72,891
911,130.8247086688277,70.06534767203098,52.00748156729793,rainy,1,2,shika_brown,75,497
626,122.23608419085896,87.29495497731926,76.73903956542102,rainy,2,24,shika_brown,61,449
1920,138.56483706756254,67.26265483957883,43.63445200240319,rainy,0,21,noiler,91,783
1363,142.9519964838555,150.4018942120717,75.82258859089319,rainy,4,10,shika_brown,89,664
644,112.38729430256237,80.93046418123197,55.4596623728964,dry,4,20,fulani,67,329
812,142.37004057337145,100.7546867738045,42.254750365244604,rainy,4,8,other,80,379
1346,117.74441656468855,92.78047285481927,43.84402551761814,dry,0,15,shika_brown,49,686
1717,149.1441294883844,83.98420553659174,66.00555594374333,rainy,2,14,noiler,72,930
1459,120.93926361980158,142.0258559051456,36.939150705336495,dry,3,9,noiler,57,1041
1350,131.6864275585033,146.81596170360754,50.18703982507432,rainy,1,16,other,43,918
1573,111.68941974669592,97.57121967735448,71.0473578727484,dry,2,0,shika_brown,30,852
1352,119.58673150844996,136.5178603246803,52.221780488726935,dry,1,24,sasso,20,970
1601,151.74679758731213,133.91601137317122,35.208903625400346,rainy,3,18,fulani,53,746
817,100.66825458833038,106.3334067211089,31.524969482394066,dry,0,5,other,96,327
376,136.2240162956115,173.89182640147703,54.807027861747514,dry,1,13,fulani,95,150
992,149.6501344480995,130.54574861639853,49.224679070365994,rainy,2,17,noiler,98,505
794,127.62884941052553,120.87735462237308,39.30941094890714,rainy,4,13,sasso,35,703
533,153.93689113486266,87.73394008436792,34.91232537759559,dry,2,4,other,35,295
981,146.98627684446137,78.57191284512051,43.27365941530454,dry,2,18,sasso,19,657
1494,131.3360459369091,169.34392587201256,43.40120062964506,dry,1,6,other,25,939
568,151.09519246090642,168.198661210423,60.561033657030194,dry,4,5,shika_brown,86,255
1050,116.22153482894225,122.4717985052074,73.80114325406134,rainy,0,5,fulani,97,420
1195,114.60474592480819,124.33451822363902,75.34053024906414,rainy,2,21,fulani,63,628
1162,148.0652710009545,188.0403151982631,47.70522233189128,dry,0,10,shika_brown,48,603
741,142.71101337257838,149.7627788183248,53.868201219210164,rainy,0,4,fulani,42,380
1608,153.3184618929163,171.23478835925744,64.73787583571865,rainy,4,23,shika_brown,95,811
1864,159.60789789505606,139.5732811364872,35.65719802944993,rainy,2,16,other,23,1081
493,106.52256398800857,132.64136876916785,48.396114847913985,rainy,4,0,shika_brown,92,237
816,147.17191461010168,98.24291665866772,44.84293124830036,rainy,2,4,other,49,505
920,142.50082476989547,165.16536260988218,32.976461612408954,rainy,3,0,shika_brown,89,370
967,158.78012055902303,152.77617367862047,48.760660568872524,dry,1,2,shika_brown,25,531
1071,100.3700626372384,176.44866752144046,35.112948101911854,dry,4,8,shika_brown,79,531
1024,149.36363327484082,163.10324995877207,58.46455634855702,dry,4,5,sasso,30,649
1611,141.315057334451,179.0595786782685,50.46311413498839,rainy,0,20,noiler,69,904
1981,133.4731555825172,91.21400907662945,60.15650894643346,dry,4,11,shika_brown,98,792
1912,111.82979870874786,153.55127048304735,72.99159727071512,dry,3,9,other,67,950
1041,116.30000840098089,129.56093980426357,31.3896394983539,rainy,1,17,sasso,64,667
899,143.15115122446215,186.3670680020556,60.96874142867409,rainy,1,23,noiler,47,650
495,129.18723675974834,135.27975269868057,54.21376219108521,dry,3,3,shika_brown,29,345
1134,119.91262893625515,180.48387449224902,77.26455856629319,rainy,0,13,shika_brown,34,710
309,137.0653308478946,92.77892303172132,67.69572021701461,dry,3,19,shika_brown,28,219
336,112.50836673404295,113.9624331283235,72.87698489164256,dry,4,2,sasso,36,229
1832,110.31027989053678,80.74362641808827,39.36361084689162,rainy,3,23,noiler,76,1078
898,113.04893852722324,164.13495565751344,36.732720396430295,dry,4,14,other,65,461
1512,154.9922368361215,107.20310179996486,52.222071708849796,dry,1,2,fulani,61,605
1615,140.78524708366172,164.32815275649892,53.86818562177512,rainy,3,15,fulani,90,792
1237,122.03453234471323,85.6174431161153,73.73297170666841,rainy,1,12,noiler,27,889
778,159.62381169657618,122.3011550303354,56.66416696797741,rainy,4,2,shika_brown,78,388
1778,100.32447278398635,91.67681145983128,39.686510572155846,dry,2,16,sasso,23,1088
447,115.40817862271516,130.57075274282386,30.981909865983692,dry,1,18,noiler,61,299
867,148.58447742131085,186.78888200109046,55.53702851874468,dry,4,18,other,57,470
743,104.16802176473264,105.65561179796694,34.37433448135075,dry,1,3,shika_brown,61,466
1174,112.62410145222894,169.93780922741044,35.540580141831775,rainy,3,3,noiler,89,702
1669,112.5141416997357,180.31062339675063,36.098721715129756,dry,1,7,shika_brown,71,869
1774,132.09122605272788,114.18173645900718,66.72583871368846,rainy,4,23,noiler,60,1207
1511,143.6111445860979,112.84045427051548,65.888656722907,rainy,2,11,fulani,22,963
1948,139.91688359539359,119.66216552033877,72.25243564337154,dry,1,4,fulani,65,823
1473,140.92924839598987,67.80288336572237,48.072475310398076,rainy,2,15,other,54,867
799,119.6435131604444,105.07630398142624,48.94850396472263,rainy,0,15,shika_brown,29,520
1750,107.75623767519272,188.14440696950234,59.37879888216362,dry,2,20,other,43,1078
1054,129.14081324317232,78.53221431635036,35.21019761797269,rainy,3,23,noiler,57,733
1836,129.96565581987056,172.38714025508256,43.93913729365652,dry,3,20,sasso,18,1288
421,119.19465259369753,79.93242518296628,77.46203188435699,rainy,0,20,shika_brown,26,282
1671,153.28414122775806,179.350679116512,46.40802100718432,dry,4,6,noiler,35,1076
1894,124.48283985607202,169.28743632291827,60.592574176586425,rainy,1,24,fulani,36,1185
465,159.5237973723477,72.3824605714723,55.96233388174432,dry,0,15,shika_brown,18,242
501,130.98124975998977,61.5299758554848,69.47753007898834,rainy,4,14,fulani,91,221
1387,100.64730977574953,81.67638454708255,79.2841451286084,dry,3,9,shika_brown,96,590
704,103.45699393122374,118.03153216620527,60.87522254506395,dry,0,1,fulani,75,282
1194,155.1468763829886,126.024196182451,30.5195333020918,dry,3,1,shika_brown,63,486
652,127.66394135257698,106.24112326298501,69.30074044342166,dry,2,18,shika_brown,72,380
1777,146.38424875410217,111.55222648251646,73.26311145659028,rainy,3,5,fulani,27,962
1577,150.41946149812944,96.08638080573945,77.89217039542336,rainy,4,3,noiler,77,695
1680,153.95749293755767,99.00439565611434,58.84932996891878,rainy,4,4,sasso,75,809
896,119.04342574980603,195.99659113214744,34.673161672259276,rainy,4,14,sasso,45,714
1589,111.70918363406325,149.57756718536814,34.72140398468178,dry,4,9,sasso,30,1055
891,129.37266952936446,138.80223864926091,48.61105112642403,dry,2,14,other,29,572
1694,119.35329585676872,143.55193513984574,43.85714207897866,dry,3,15,other,99,857
1266,142.4872691087479,149.63991394096462,63.53526990277864,dry,0,4,shika_brown,94,541
424,106.01222554923774,182.666338513814,44.50221539545959,dry,1,15,other,57,247
1544,114.90787628217063,144.91012082141845,66.84542474229208,rainy,3,10,other,79,873
1090,132.3619161306845,82.24565174084745,59.46365153120229,dry,0,0,sasso,97,436
1620,107.6271381423825,142.34297541122896,55.318816229265025,dry,2,21,sasso,94,894
597,136.60858270453173,119.24009298850689,75.9882316906724,rainy,0,23,other,54,332
426,139.24198041889446,134.58066997966188,40.17673589602137,rainy,0,8,sasso,20,279
318,130.62782875812775,99.48935712474398,44.21420298592433,rainy,3,19,sasso,46,255
1114,130.4706911934495,126.87105283576118,33.094010562309954,rainy,3,10,noiler,52,808
397,119.95170158527424,109.43863052007774,45.43878881809987,rainy,2,16,noiler,34,333
1561,121.35638260103815,122.32625640356423,77.95308884923327,dry,1,12,other,67,647
1887,120.09049172441371,70.35545464081487,79.3794854747711,dry,1,5,sasso,52,1016
948,122.63045421765258,69.23432882090694,34.91884888645406,dry,3,12,sasso,89,429
515,143.60060345321816,131.84918393100529,41.89211280441662,dry,1,2,sasso,79,259
603,127.36227188886727,101.5994067395154,37.50111249272097,rainy,1,3,other,53,381
1161,120.4018721586469,172.21591808079023,39.84457237706194,rainy,0,23,other,39,684
1317,139.23349444243033,135.88280100016348,47.64216407139815,rainy,2,15,sasso,19,1095
1272,136.0123705843581,173.67504521906096,72.07240127915301,dry,1,15,noiler,77,761
655,109.53274085172424,142.11054340613953,39.82358254247659,dry,0,18,other,36,360
769,145.4756622006273,71.79259239518105,53.45631100450105,dry,1,7,other,82,308
569,112.82692871694084,108.89633577399194,38.72283708621525,rainy,0,16,sasso,50,347
536,152.6689020387258,92.57318653690974,59.210457059961584,dry,0,22,shika_brown,53,243
470,134.13699824580195,123.38732529893059,75.94730377360546,dry,3,0,sasso,62,227
771,151.30635026439722,156.74945884551386,79.091452207331,dry,4,9,sasso,42,463
1153,156.810729728448,178.5915630511526,59.62319172838301,rainy,2,5,other,30,680
473,122.26050322388744,83.37618164660651,43.702144596329816,rainy,3,8,noiler,41,399
364,131.62566057876504,105.75118591509136,67.8074505969252,dry,4,11,fulani,80,157
737,130.53236442137657,138.76687016997545,64.76513553407989,dry,3,19,sasso,83,392
1394,135.19800754740305,169.0292769127892,70.43907730698471,rainy,1,4,other,20,919
1557,113.21931208997268,173.4202302345038,71.55399633871326,rainy,3,20,sasso,46,1255
1864,155.5575828172838,104.08453372833745,31.076390003090545,dry,2,23,other,66,746
954,137.3602950477192,127.8259854128301,38.826455202633454,rainy,2,3,noiler,33,739
984,149.07846063374305,140.47946381077372,53.31612319810635,rainy,4,21,noiler,19,764
555,150.05631841949995,133.13587545058508,75.17270748688863,dry,3,23,other,48,308
1510,112.05769389375345,149.21871960008522,67.95728202687356,rainy,1,14,other,78,798
1300,114.48165129082427,166.69339388144078,58.693460845360285,dry,3,14,noiler,79,714
1905,106.99165664312511,162.32141507551373,48.46019641209614,dry,2,23,shika_brown,32,1353
1382,153.19831062413198,71.22538084003763,77.26814892167678,dry,3,17,other,71,553
1886,125.99539382135339,113.58803177616406,35.335677760597875,rainy,4,22,other,62,1040
1140,149.70919488337785,71.30726587530098,61.238695851658434,rainy,3,6,fulani,41,575
1165,137.83057087544887,68.21190228372801,48.78315325028136,rainy,3,20,fulani,56,660
1326,141.7384964749354,188.53525580477987,69.28410408880156,rainy,4,19,noiler,44,1078
1854,106.06732325289424,178.95697146343647,69.93103671151228,rainy,3,15,shika_brown,66,1233
1199,158.1194881420127,88.2376578612585,58.98021439149476,dry,4,14,other,77,598
1386,148.39327735745613,73.92798605853827,58.85644455937319,dry,3,1,fulani,29,602
1507,158.4326785002449,107.9529140140275,56.05722427013421,dry,0,8,sasso,48,702
346,103.60309967738519,137.6861531301231,51.5582048907218,dry,2,23,sasso,44,245
1765,150.01250217297107,67.80083247701985,40.28140407353852,dry,2,6,other,24,952
1194,121.31689015550589,153.35826633957595,36.10108643155874,rainy,0,18,other,38,691
1245,156.12295990748856,61.31219670384337,34.001471508584984,dry,2,6,fulani,32,498
877,115.7145090804665,61.48508466188493,73.56820174097969,dry,2,3,noiler,47,601
1590,104.82502860938672,142.34676609629992,30.856226991167375,rainy,2,22,other,78,724
1346,111.53756006963684,72.18092218784845,61.36059595226762,rainy,0,6,shika_brown,41,795
1998,159.84558277515868,116.82611470629996,40.61433043825913,rainy,4,21,fulani,78,799
1767,126.79602587965712,187.6872629419194,75.01806936835516,dry,3,23,noiler,36,1250
989,102.78209012881901,188.01027817928744,34.93374283305555,rainy,1,24,sasso,64,641
1030,147.5885623120182,92.80023732855682,48.52532467009473,rainy,4,18,shika_brown,72,619
1095,113.4258412244619,138.03763207056528,74.47461728570443,dry,3,23,fulani,88,438
1542,140.22603064376452,150.30588171371096,41.08273374685584,dry,0,8,sasso,71,724
382,123.05800960660828,145.1976273169945,37.98753155222173,rainy,0,2,fulani,19,196
1253,143.07063227612406,80.05185809342514,31.15930058965133,rainy,4,22,other,50,709
909,126.94823502730509,108.15808283605242,65.94254902840967,rainy,1,12,other,29,589
1315,133.8737884706485,189.35687539123168,35.08060758506066,dry,4,11,other,76,657
659,152.2008964354435,177.98027982023163,66.36940132514457,dry,1,5,shika_brown,58,342
414,111.96156817468149,175.834796870718,63.828795354183214,dry,3,14,other,40,279
1525,156.96008648274625,134.98083656232583,58.98790625619313,rainy,4,15,shika_brown,90,681
1781,139.4359511278799,196.7765901959357,32.8621033153298,dry,3,12,fulani,96,782
1411,150.66104037080268,118.2088754760399,47.69779435724089,rainy,0,1,other,63,577
1705,141.59721235343733,122.16669799731912,56.19298312041431,rainy,0,11,shika_brown,58,970
1632,119.84057312579093,83.10862617142706,48.915245649174025,rainy,2,3,sasso,68,957
1432,124.95531628176579,155.00733994363895,57.447475502331976,rainy,3,15,sasso,54,1120
1809,100.18665265739457,136.82815192664776,50.05338137780705,rainy,4,16,fulani,99,776
1158,140.36510187036282,170.58736506517346,46.557866841218214,rainy,4,20,sasso,91,701
443,103.49812406087149,84.39496298084072,46.70853288772307,rainy,3,8,other,34,282
1149,124.80395453614135,161.82339937513308,39.20232438281144,rainy,4,17,shika_brown,82,645
1049,101.49695176936464,190.3047571534528,36.28452567822699,dry,0,15,sasso,64,514
1270,134.29125795375762,138.29612182550807,45.35209627449627,rainy,0,7,noiler,98,615
1566,141.8648799808511,124.95961141137371,67.82402899882813,dry,4,16,sasso,97,785
1652,146.5811084360609,147.37254789624652,57.95101268177592,rainy,3,3,sasso,19,1167
1008,108.92405998494289,166.9602038438979,61.64429500102064,dry,0,17,other,29,553
737,133.31879744359674,92.89629594333644,52.21897273388301,dry,2,8,shika_brown,65,457
798,123.2408214752833,60.96603508794318,55.16985725744759,dry,2,5,sasso,72,424
801,155.54451068660558,88.14447024653899,34.06761863615025,rainy,0,2,noiler,87,340
1487,143.84201012145948,184.53419277433323,38.790577711507865,dry,2,13,fulani,68,747
592,157.9646032652208,91.77806537382905,33.70477967272147,dry,0,12,sasso,29,292
483,159.53278142417,67.5603123236419,54.7628186927742,dry,0,23,shika_brown,45,269
1246,119.96587595437205,135.81057154758398,70.66642654668485,dry,4,10,fulani,73,528
750,131.91912972865273,169.20878392843247,62.69521185847713,dry,0,15,shika_brown,19,428
760,102.37304376017532,84.84114979827822,44.66736188293022,rainy,1,9,sasso,63,489
353,133.92434550646414,64.20317034825621,45.526838767643056,rainy,4,21,sasso,45,269
827,108.61052952162927,109.63916427596013,63.259930810693255,rainy,3,3,noiler,20,669
1033,136.808056033125,109.83404342034967,35.88810834006594,dry,3,1,fulani,92,413
1968,120.0399651970009,79.91601429591415,44.09409156163446,dry,3,15,fulani,40,866
1238,156.2627970191785,119.61344334865568,76.59770241767578,rainy,0,22,sasso,84,511
859,134.1742541852451,181.37244201150324,55.50151044016273,rainy,3,19,shika_brown,28,705
466,121.00998141146185,147.35219035143444,39.616618481973845,dry,0,22,other,77,186
1953,119.61563454529468,170.4010903687024,65.55577994133367,rainy,1,5,other,95,966
1091,112.84650470367976,71.93201245949136,74.82161442545629,rainy,0,2,noiler,93,468
1542,112.50054186058287,114.307768254198,62.041814664737394,dry,2,7,sasso,96,810
659,112.23956244467365,194.49505923090362,45.76360283549448,rainy,3,17,fulani,89,309
1289,125.12155449340304,133.80545708859404,30.95510422484253,dry,0,7,shika_brown,95,577
1348,105.26411792518188,124.30486468277225,77.37340851886805,rainy,2,11,sasso,80,786
1917,105.40809188524763,170.05516168615327,46.193488395190585,dry,3,22,shika_brown,82,825
935,148.1111445034362,89.56189285569525,49.93826934149282,rainy,4,0,sasso,88,454
1678,132.05886518712376,78.84794903641784,32.67130637237749,dry,4,5,other,47,829
329,127.8846270579679,172.2002568743444,46.62496863398192,rainy,4,16,other,97,177
1412,148.02400127702973,85.74132980271175,47.613994665710166,dry,3,10,shika_brown,20,826
1854,128.46357524410382,100.3873459127219,52.67361187657725,rainy,1,3,noiler,75,1090
1783,118.35736852118575,154.6079193043532,36.758190488370765,dry,3,0,shika_brown,99,713
1048,105.47488161394014,117.57021332754707,47.56127021870775,dry,0,9,fulani,34,546
1572,157.41992038838785,140.34922376175098,37.93745966356943,rainy,3,13,sasso,30,1004
1101,130.1875237379195,163.59702870998956,43.638851696268866,rainy,3,7,shika_brown,22,851
1159,102.73854397163862,148.51173740802864,48.67201306741684,dry,1,5,shika_brown,48,753
350,157.89243674077036,63.8839117481694,65.80166174706638,rainy,4,12,fulani,42,186
1344,148.04094138558486,101.76097498030873,54.66057197859946,rainy,3,22,noiler,69,805
1871,128.8414012944875,122.2627110590341,56.564311148467745,dry,4,17,fulani,71,748
642,116.02538663053409,180.8267260817862,30.64036663152135,dry,4,0,fulani,37,316
1266,133.4293851772142,69.03561462748496,61.087509846533905,dry,2,5,fulani,33,633
1375,119.6655534332231,100.54077944887712,57.23481482237932,rainy,3,16,sasso,20,1046
1930,139.84554718020576,193.92809086369581,30.75536208178467,dry,4,11,fulani,57,888
914,101.23678953015188,131.07083615580197,62.71272303828142,dry,2,23,fulani,75,389
1182,114.94557126740283,140.20556063567804,74.08558235832854,rainy,4,1,sasso,92,605
1550,121.5512532049939,86.7002965657735,48.470028558311895,rainy,3,11,sasso,83,752
1144,115.9431657417508,178.00951538865155,50.33145059513105,rainy,2,9,shika_brown,23,893
399,140.36756645741252,85.98036342943016,63.388181117314,dry,2,5,noiler,29,304
619,134.25090585638014,68.33504917478108,78.00224205841445,dry,2,15,other,20,374
1378,153.93244963758434,96.43065052547999,61.438655962569946,rainy,4,17,sasso,68,748
749,138.68340937772194,78.23191249019509,73.03552616484941,rainy,4,12,sasso,81,435
1104,120.1228964936146,160.18002542834557,56.91044434899065,rainy,0,22,fulani,92,473
873,120.52674804584996,104.83076411329861,69.21689891352531,dry,4,20,noiler,45,625
1085,128.38524622883108,84.93213353341821,48.06993243533364,rainy,1,23,fulani,80,465
1467,116.45375026151356,123.40618206159388,30.146702890133827,dry,4,11,fulani,51,668
343,148.89377741517842,60.45792954637503,46.6800589582096,dry,4,17,other,29,188
821,132.46600310364508,135.31879887466494,73.708718452185,rainy,1,11,shika_brown,25,656
1258,112.89091057121607,190.904308267012,40.262717131547085,dry,4,6,shika_brown,40,922
1419,100.59140979581208,123.66680825979591,33.570310562912724,rainy,1,7,other,56,852
1218,102.44142622906861,62.08723044362259,51.25331650755305,dry,3,12,fulani,24,627
603,126.94638890104187,62.007017906014326,70.19375997949427,rainy,2,1,fulani,58,301
1565,143.4140542171864,104.91333098041241,36.08861358222289,dry,1,3,shika_brown,21,890
1142,120.63478535102732,129.24166172639377,70.93210942692164,rainy,2,1,shika_brown,96,565
1372,109.09571220763206,192.82487213857186,42.34162584112619,rainy,2,21,other,21,995
1689,119.1854273169258,87.71930863195428,50.933651963575784,rainy,2,9,shika_brown,54,1103
883,109.01656545029016,118.66696499692713,36.63693155157987,dry,3,7,fulani,53,410
1144,119.85248705451669,157.92211981138897,56.90023924423918,dry,0,2,noiler,46,710
926,128.26513942154486,80.73628032414993,72.55998054742932,rainy,2,16,other,26,628
545,102.35787716727495,150.91705272996222,53.87327353135625,rainy,0,16,shika_brown,87,256
420,118.72782920431086,158.38202962864668,54.7275095048592,dry,4,13,fulani,96,175
800,148.7494534048733,129.13041583637155,72.8854626471618,dry,2,14,noiler,36,535
909,100.92092087493486,116.99324158566773,55.38870664483885,rainy,2,20,shika_brown,26,733
1215,106.02781651958234,154.98960764607472,43.29136176368905,dry,0,9,noiler,24,738
702,143.78544976813924,61.91226537330184,76.89089930984755,rainy,1,24,fulani,48,370
1490,130.2041851599599,192.68415922467616,75.7615557896577,rainy,3,6,other,74,733
1055,118.02067769509668,102.76317826964302,49.360649800116406,dry,0,14,shika_brown,55,587
675,120.49347258795919,178.92552363796648,79.58778247522713,dry,3,14,fulani,83,270
1035,112.26390061972478,109.79499896433755,33.71832875748437,dry,2,10,other,23,745
350,119.9684009325168,189.82094997835614,57.11418252823354,rainy,0,3,sasso,52,206
1622,140.4822062075834,112.9828741821934,39.99870613440304,rainy,4,4,other,69,804
1320,159.19914128648517,146.06846525477562,75.43963216250069,dry,2,1,other,33,619
1930,131.5155468247955,195.33488559503215,44.13274821137321,rainy,1,19,shika_brown,57,1406
713,103.37978023783462,89.38189937915506,50.4335887913542,rainy,4,16,shika_brown,61,480
423,102.80751104607647,130.49456762553837,33.29568233519604,rainy,2,5,shika_brown,46,297
1159,138.41311997147739,75.6839417438665,65.12774934813254,dry,1,8,fulani,71,491
1834,155.27906584548745,96.5297052004647,71.51478248014699,rainy,2,4,noiler,42,1147
1161,132.77416758685303,91.55488456731513,37.606910215109586,dry,2,21,shika_brown,71,601
1274,130.63113686379398,160.6361001480608,75.70077460182756,dry,1,21,fulani,28,722
1425,150.5305068726674,101.46278223650509,74.85852497984301,dry,1,24,other,71,574
1130,135.36842279574637,105.84098333456794,75.00744342719928,rainy,4,16,sasso,74,727
476,135.78720286972072,191.3423384849043,73.29783009724342,rainy,4,13,fulani,22,303
1749,102.93529287849996,182.32294241348148,70.35414599013103,rainy,3,19,shika_brown,80,1034
1987,137.6926820020301,165.27527159610742,51.917120044781996,dry,1,15,shika_brown,23,1356
1270,140.0735529483182,136.7854259491779,70.19147486100732,dry,2,1,fulani,87,508
1299,110.39499326343315,174.50045656112707,40.68765536497416,rainy,4,18,sasso,76,857
664,113.65308565397743,97.00811276934446,32.571622201873645,dry,2,7,other,23,427
1348,152.47012553696067,153.0895350904973,58.10105911520936,rainy,3,6,sasso,24,985
1365,129.8800143902647,146.19098576058053,77.9017259844805,dry,3,11,noiler,31,1034
387,138.42281696884578,161.3217897370805,41.28834714155953,rainy,4,17,other,65,226
1059,143.81970530356426,124.79994895016634,75.46113785520733,rainy,2,13,noiler,68,705
1477,112.8548709365244,153.5410604962691,66.923170404082,dry,0,22,noiler,91,634
902,156.66181467811128,183.0812790591658,66.53774520376172,dry,2,13,other,67,373
1513,144.96412191155872,109.49403296429256,64.09393130130277,dry,0,17,shika_brown,40,815
691,116.79635863382796,93.89690648806523,30.89767354996195,rainy,3,3,shika_brown,63,440
1016,117.33773484065435,117.32246303162032,51.19187424436244,dry,3,2,other,38,657
1153,118.69573608681537,138.35324573512685,36.72380980393066,dry,3,24,sasso,75,622
1761,103.43878279115995,72.3526622879949,43.15126164422836,dry,0,0,noiler,99,704
1597,154.87776625404726,117.09632380667401,52.298018778133304,rainy,0,21,other,94,639
539,150.1209627705096,62.136720828680424,60.84182953842399,rainy,0,22,sasso,23,376
1904,121.54219611479152,116.12359531226728,46.304398989004405,dry,1,7,sasso,85,835
802,159.98392505774035,116.82307508410618,79.27592494785587,rainy,2,13,shika_brown,39,516
1035,115.29166068415147,198.9330588003714,41.12123409860745,dry,3,20,shika_brown,66,647
1417,143.21693014038442,126.67533724988816,33.84134784320509,dry,1,19,shika_brown,96,604
1838,105.33204395381814,144.32678211176244,34.532411452426786,rainy,3,21,sasso,26,1434
452,138.90651357900572,108.12146133594246,68.48667012870222,dry,0,0,noiler,63,213
1717,139.3840511928128,61.74024372161452,60.2046432790749,dry,0,14,shika_brown,46,896
1568,155.54433926399986,152.47376459812628,30.44135242307514,dry,2,12,sasso,22,953
657,134.67267119500326,178.6218926824681,71.32836922242815,dry,4,14,shika_brown,66,409
533,143.56674504366615,188.94306143017658,63.11317565453249,dry,2,10,noiler,47,371
705,121.28940280259957,157.36987106634479,39.19322059641085,rainy,4,15,noiler,89,388
1011,137.7627801770143,67.06472245265202,44.524244238201945,rainy,3,19,fulani,22,579
456,107.32637225384767,155.2277061199143,42.17325913922408,dry,0,6,fulani,60,208
1638,144.3343546884442,81.64272599212129,60.38540836870507,dry,2,3,fulani,87,655
1598,109.49557358861918,77.26258878232613,43.46582475528865,dry,2,22,other,94,639
1783,115.44387874482311,149.34023957210434,52.96462267670965,dry,4,12,other,37,1015
526,103.95195947002853,166.289817262055,60.772772593601076,rainy,0,8,shika_brown,18,346
1825,149.20346739847986,63.62139144155883,35.13729552697105,dry,1,8,fulani,44,803
1532,140.68477061145586,167.45959872286653,53.777936906256826,dry,0,20,fulani,71,649
1633,137.8984113955008,72.66351337864906,78.56763375430275,rainy,1,24,shika_brown,72,795
1688,119.65003021053403,106.98805894637619,61.780449827258494,rainy,1,23,other,62,929
931,137.8426982385136,130.95026746851107,53.077143346295486,rainy,2,12,shika_brown,75,584
369,133.66232351338437,68.93390265676533,64.67236204491557,dry,2,11,sasso,49,263
870,116.5064554313961,148.671070916512,78.8179549815653,rainy,0,19,shika_brown,23,559
965,104.02315641695432,102.55532172674869,62.623199150398335,rainy,0,14,sasso,51,656
1723,126.345014561799,130.60689684953292,36.25368469647179,dry,0,7,other,59,844
1908,155.10615926002714,160.74772043225977,32.40365562670301,dry,3,18,other,75,763
640,128.5793908164964,127.2198209581856,60.86855941856019,dry,1,21,sasso,76,382
1308,130.18133277671205,87.61168018354235,48.449880628172,rainy,3,16,shika_brown,22,1031
687,127.75487709408208,72.41400122987555,69.85325948008602,dry,2,11,other,50,411
816,156.4101591434972,173.32491131962482,74.46211267919014,rainy,1,1,other,70,333
651,157.0459537700392,105.44637186560513,50.94372028412775,rainy,1,6,shika_brown,18,420
1291,107.33880904502472,101.06528670113471,42.9312696243236,dry,1,4,fulani,71,537
1821,129.93298333343378,92.73805578345815,41.34481699781114,dry,4,9,noiler,99,888
497,125.72070398652053,123.87663289199185,37.853954219017155,rainy,1,21,noiler,80,275
440,136.88868046756284,112.8843268602495,47.31472810141982,dry,2,19,fulani,79,177
1967,137.38428372897684,115.81021057328124,32.99042376761648,rainy,3,3,shika_brown,62,1065
1943,121.16246981850071,169.86726957751617,78.3688032799485,rainy,4,20,sasso,94,990
1891,154.59123720388874,120.35954429624837,75.21101275635283,rainy,4,10,fulani,42,983
775,110.45212201859198,152.65017068508922,71.24773571083156,dry,1,17,fulani,58,355
646,101.35649706694977,90.21786635336765,46.37099797647299,rainy,3,22,other,70,344
1821,142.4673494145942,181.69618591575147,32.321356120303,rainy,1,7,shika_brown,38,1241
1181,128.95098373863576,132.77272061653872,60.28518705057994,rainy,1,9,sasso,84,780
1710,150.71120185658694,71.92320779864329,56.55773112150377,rainy,3,14,fulani,23,852
1854,136.55102774130393,140.35246516104553,52.0375861666314,dry,2,16,sasso,38,1288
1735,101.25672116391088,101.74595237241306,32.54783268392668,dry,1,8,sasso,92,694
779,106.34982472471408,186.56500356342332,50.4098916045716,rainy,0,21,sasso,25,525
1666,101.90400170042804,144.8635797302697,45.57868358367947,rainy,0,4,other,61,849
1095,146.33680574342543,97.31354946215927,48.788455947626375,rainy,3,10,sasso,70,644
1002,159.0530208738864,116.34259780375962,70.9307470879321,rainy,0,0,noiler,39,513
439,122.35909296208496,110.14354915930662,79.9408172627621,rainy,3,7,fulani,61,211
1965,104.17647002338956,146.64491235938652,31.786772794011238,dry,0,4,fulani,71,786
1554,125.20662143527164,168.8840696289769,63.26655710696622,dry,3,10,shika_brown,51,1061
813,118.55367852602056,192.7872309888264,78.05270967131771,dry,0,6,fulani,97,325
577,133.3889383654038,123.75609200294812,74.5178751727455,dry,2,19,noiler,87,301
569,129.11386319494068,131.00728641598315,40.30927884852055,dry,4,23,fulani,63,314
1909,159.50083906701005,116.67384227809026,35.32953072899146,dry,4,9,fulani,44,841
1059,122.61932179454931,74.92655459817176,39.8839542117841,rainy,3,12,sasso,62,693
1344,123.12737831142704,121.01267655107077,71.92506697719406,rainy,3,24,fulani,19,859
1931,107.15871481101806,83.08694413853802,74.52863671218913,rainy,2,13,sasso,27,1427
1993,133.24059126364878,156.69518070554955,60.97290503288538,rainy,1,8,noiler,47,1569
1398,137.95045895978635,189.0626288696962,76.49332419824847,rainy,1,14,shika_brown,68,793
637,113.83280081329912,144.03286776918668,58.831639894188214,rainy,1,20,fulani,29,384
1475,156.12736933635858,67.39279518830142,36.65902313524314,rainy,3,4,fulani,48,625
1177,104.38712371082438,163.73935785232948,77.47247829364373,rainy,1,20,shika_brown,58,769
1708,140.57435338545244,128.90799693671812,74.76444281572026,rainy,0,0,fulani,84,683
1904,117.10348022939579,147.3133671559275,68.15894980791927,dry,2,8,sasso,88,985
635,159.92682434492343,153.9375125339329,50.28357264398719,rainy,4,17,noiler,74,384
837,158.88568482880578,121.52520350395292,44.79718773297468,rainy,1,14,shika_brown,24,557
1835,134.5571842389299,194.10674007828126,48.47277810773004,dry,4,13,noiler,99,967
556,128.93656265057885,153.26819730066816,58.94432146850964,rainy,3,5,fulani,64,284
1989,144.055362627756,61.603364573592685,43.525977793043445,dry,3,8,noiler,63,913
1435,128.35246324234708,138.45915260622155,65.67040318554595,dry,1,13,shika_brown,62,766
910,146.36124621372903,107.73751766897271,67.44451136593865,dry,4,12,other,62,444
802,146.5263777836004,80.88446002359578,33.81690627056586,rainy,2,22,shika_brown,71,428
1127,126.74049871944507,89.66462179992297,32.528934258336875,rainy,0,2,fulani,84,451
359,100.11772109865731,70.76294985949752,53.13541480508145,rainy,3,12,shika_brown,67,243
914,130.02403554840458,184.9474860987481,70.96422745710689,dry,2,10,other,23,670
1393,138.30638330678968,89.71195727996792,76.57019741880981,dry,3,1,other,83,557
1127,140.7578250966456,196.9456047965977,62.38579553054844,rainy,1,13,shika_brown,69,719
1819,145.4492903249382,60.98994228732056,54.833340998008254,rainy,1,16,noiler,33,1208
1381,150.6895828737522,122.01372618222992,40.04878442741213,dry,1,3,shika_brown,60,771
550,134.24647899684518,72.42414609866739,42.232698522140325,dry,1,6,fulani,34,311
1382,112.32050485069834,109.39546122939299,48.31628211297334,dry,1,16,fulani,24,803
695,145.28253871861398,153.68679443306945,70.57226050462458,dry,1,11,other,37,430
1068,115.94389463065404,174.58979829038148,70.53708519645944,dry,4,22,noiler,33,846
1463,128.95578629675003,187.92040013881405,69.52341304800365,rainy,4,5,fulani,89,649
1228,139.8969139872783,119.51045306682275,36.167680658953564,dry,4,18,shika_brown,52,735
513,158.295886751323,170.0362119214256,48.4335612324314,rainy,0,17,sasso,26,325
1124,127.71641173005696,137.41905811840584,45.57650205769914,dry,1,7,other,89,505
639,137.35836116215668,137.09837491735345,74.9302031627953,rainy,2,5,fulani,21,386
1668,120.93764587638357,65.56605594620352,42.68179218206265,dry,3,17,shika_brown,73,775
789,123.59867576734399,73.19159194988819,58.202435522430335,rainy,1,22,noiler,91,448
1975,124.6903201193161,88.42812968799544,64.90230211496663,dry,2,0,noiler,64,986
900,110.57888645121491,95.30136288823421,42.240576338294545,dry,0,11,noiler,35,592
1819,110.97577776598266,71.02272245979441,77.13107905729461,dry,3,14,shika_brown,34,1082
416,125.07507315928274,103.91810161551581,78.70340581998506,dry,1,15,sasso,60,250
500,144.9120985723943,106.97803600588018,49.414011542713055,dry,2,19,fulani,68,222
1277,132.44686392834763,180.1757142499383,30.94956316040829,rainy,1,8,shika_brown,40,906
1558,133.33104555585874,121.95486893812591,79.21406651298443,dry,4,15,shika_brown,99,717
1549,145.68884426321858,140.18124583165698,41.09986939033584,dry,2,5,fulani,22,823
1357,105.70017952740399,63.24972304306502,57.433696171651064,dry,1,11,noiler,52,800
830,118.44163487775398,96.85861559565309,60.04374460476306,rainy,4,22,other,51,571
515,113.61939594086566,147.5235525261872,77.25178675418088,dry,0,5,sasso,55,270
1833,120.87583486278837,125.33882388902366,58.472221834534494,rainy,4,2,sasso,57,1164
1467,128.58732539351934,71.80614537748505,77.77653214714374,dry,0,1,noiler,62,701
1772,113.57674915070984,128.84047018102848,38.544351787839574,dry,2,21,other,74,825
1025,139.02698690426965,157.08746521858995,45.3124508188631,rainy,2,10,fulani,62,597
1820,117.51189900398366,186.482060630175,38.91093829443022,dry,4,3,sasso,79,910
1244,109.8124951852934,69.55243380056793,69.26654325613845,rainy,4,0,other,84,515
380,110.48414288261837,113.26741681763323,73.43384195533652,dry,3,12,other,34,241
624,108.7899359870686,96.6225434411294,79.7890446084071,rainy,0,10,other,47,338
454,139.98046408208728,86.07502582429025,63.07816658702687,rainy,2,16,shika_brown,47,350
645,133.6751177506577,192.89585185614996,62.693865904856686,rainy,3,15,sasso,52,474
1054,115.45459214247641,127.97656179697817,36.57667111570225,dry,3,9,shika_brown,45,698
758,134.53596081204134,76.40149001067819,43.474657733123934,dry,0,13,noiler,57,430
367,141.21077010405008,123.9958255367843,32.12542136655446,dry,2,2,fulani,65,172
1785,126.97423309703578,156.87286265839936,32.433600902431166,rainy,0,5,other,83,714
776,113.08296919300413,167.0476444349015,45.60671574797215,dry,3,24,other,30,480
636,154.1747701212351,167.294005011558,54.650295300278316,rainy,3,18,sasso,44,443
804,123.60630179405277,151.0414831326952,68.10701772795198,rainy,2,20,noiler,54,658
1880,102.1833739240514,169.01478128980688,65.84930566116137,dry,2,8,sasso,28,1386
553,106.20695432264783,139.95136700080673,36.028408084170074,dry,0,1,other,71,221
1887,137.17891660790588,171.64036056970025,64.80697481020447,rainy,2,3,fulani,55,1052
560,142.64314439616467,133.68565917099076,68.49863229758265,rainy,3,0,shika_brown,50,335
1160,142.3715408978893,171.68891479268854,48.80173547972721,rainy,4,2,fulani,48,657
486,115.46228992656665,174.84566734952386,43.899161425123765,dry,2,21,shika_brown,91,244
1448,123.11396528272519,93.98543351276646,58.76262042923645,dry,0,23,sasso,25,914
1080,120.08468595154322,87.3291329112632,62.46833405689075,rainy,0,20,sasso,43,709
1370,142.26771426207492,156.24973213765168,32.83378326682362,rainy,3,21,shika_brown,97,794
309,146.5250341222124,96.66034673217536,52.45174831320951,dry,1,24,noiler,51,202
1890,108.6051464608669,185.7501831172923,67.65373293008798,dry,2,1,shika_brown,87,868
856,107.37173179492714,83.75720318920335,46.70572559279872,dry,1,9,other,57,463
855,148.6091925937703,183.40599458508174,76.47219948701218,dry,4,13,fulani,69,342
1251,134.3894507030511,174.08263472806362,33.777563330548105,dry,4,14,fulani,94,500
1795,130.2645596974033,64.7061566480124,62.26008800158073,dry,2,9,fulani,86,718
1013,102.69799047707829,109.83128173639295,61.56870399845545,rainy,2,15,noiler,36,822
1159,150.45539568780757,169.18776099617668,75.12158246378095,rainy,0,17,sasso,28,770
1061,121.35560257724936,170.983179197693,61.68193677076194,rainy,1,16,shika_brown,43,809
1714,154.49589777759772,111.07885825872401,42.70423161364529,rainy,1,2,noiler,40,1108
520,117.00637556116345,153.14112334667647,79.56535782750902,rainy,4,9,noiler,85,286
384,136.60414217185047,161.45869255507603,37.36097417182258,dry,4,13,sasso,89,216
1344,122.50288473731473,116.15626879167093,37.94287679925558,rainy,3,20,shika_brown,25,1002
423,124.8199713109889,171.8973861636013,59.95829376614934,rainy,1,9,noiler,43,360
368,121.64911507259981,120.88850321752723,51.074823341931506,rainy,0,22,noiler,56,225
372,103.84309341139358,177.43288690323897,39.35441155766036,dry,1,20,fulani,58,175
738,112.52637809986255,140.1181689399815,45.108207082427455,dry,1,16,shika_brown,31,509
709,133.90939435466848,176.88889005517777,41.07665027679065,dry,3,6,fulani,62,339
1073,113.44175493951094,159.54739221395073,74.82111494042513,dry,4,3,other,70,511
1817,121.86819390473222,150.89074869582942,60.579433893186334,dry,1,3,sasso,76,918
1984,101.43318439133607,165.44805660575147,58.66820383726839,dry,3,23,fulani,58,989
887,118.10503874487054,168.41093799796175,54.764586567535616,dry,2,0,other,18,475
998,121.25080400788566,74.99033896014689,62.92881840815725,rainy,0,10,shika_brown,83,419
1500,156.93221718787066,123.03859194128559,76.50574496391897,rainy,2,19,shika_brown,34,985
1037,100.80734850488027,65.96832791358966,63.883169110028895,dry,3,11,shika_brown,77,488
426,141.07238443030514,112.19391480301047,34.8512519538556,rainy,1,2,noiler,21,337
1573,135.6973972334959,62.88705210400437,49.92736996921667,dry,1,13,other,81,629
889,136.43275616196195,80.30057068784592,48.98386039527054,dry,2,19,fulani,81,356
546,144.23480459347928,127.10687456528044,34.69083855720926,dry,4,5,sasso,84,263
425,138.16294499183076,169.1095183537098,38.02514047028012,dry,3,22,shika_brown,50,292
1448,123.09429811974317,117.3754688898587,45.98703032632431,rainy,3,24,fulani,61,778
943,113.4656128725303,155.82315460904906,37.08922551989197,rainy,2,22,shika_brown,90,492
571,142.0854912754309,135.29892181058352,71.11485641466219,dry,3,23,fulani,41,321
1864,100.40443381534403,197.48677585870536,38.52581792723408,dry,4,1,noiler,65,982
801,145.5608344469219,125.95034387179331,77.66746500407785,rainy,3,20,shika_brown,83,393
1766,108.20758807889978,153.21191739659258,64.62935011278444,rainy,1,5,sasso,71,976
1319,113.92205575771105,100.88834855023492,51.37036156804315,dry,3,12,sasso,91,647
1479,150.53965643561978,182.21805909493702,79.80368943785399,rainy,3,22,other,46,865
1254,150.9235342297717,118.93606045495586,40.818475886727754,rainy,1,9,fulani,65,502
1367,154.24865991128513,62.82025306566139,31.480643107099077,rainy,4,8,noiler,56,783
1393,148.7178677664262,66.98437038411922,42.14246468187369,dry,4,7,shika_brown,55,750
1671,105.67717230454855,154.81980542514262,40.74921933754996,dry,0,24,noiler,67,851
1815,109.44424493712185,179.6335901973235,58.90484654640129,dry,1,11,other,19,1116
1357,148.1654858046293,136.15667611437777,37.48014295704287,dry,1,19,fulani,82,543
441,103.21919852438967,71.69331870251256,64.92805125676236,dry,1,2,sasso,23,285
787,110.50841915741755,192.43798582466897,38.27977543880313,rainy,0,15,shika_brown,50,481
1748,144.47282858229622,92.01871920101783,75.6010002073985,rainy,1,15,sasso,23,1220
358,106.81803338501376,96.84923899066095,55.77084811080277,dry,0,7,shika_brown,71,180
1892,118.4478371794469,185.7321789641379,59.301897371509455,rainy,2,10,other,50,1268
913,159.0846797699048,198.44426002233234,60.121369597709396,rainy,1,16,sasso,32,638
619,151.9893265381401,133.293568187839,79.18266687410443,rainy,2,23,fulani,63,275
327,118.16857619078485,175.53868777818371,71.43973731855615,dry,1,5,sasso,64,187
983,132.9022938189102,182.3806192415327,47.37879347223274,rainy,4,12,other,83,515
365,110.99998281375565,72.99938243864183,43.936777981227685,dry,2,22,fulani,99,146
909,102.18470370895706,129.4420363357641,40.75534403973938,rainy,3,15,noiler,59,621
998,141.16529679393892,194.59948272373137,48.519959863399336,rainy,4,0,fulani,87,399
396,150.7947687189345,187.25592295100884,76.20679391321787,dry,4,0,noiler,31,221
1728,153.71310920335586,84.85955287335116,56.75186448282723,dry,4,7,sasso,82,691
356,148.9264747892782,137.79597599068643,77.18010478561517,rainy,2,8,noiler,25,261
1072,113.54926458997274,159.10673488427693,63.578274151091215,dry,0,7,noiler,73,549
383,129.88631301509483,106.46441173086514,48.6984173948588,rainy,4,24,other,31,295
1775,101.28117479527084,78.13464505894578,70.55214709137563,dry,2,19,other,90,710
1021,121.72147161146447,66.50035465412748,78.51633363186514,rainy,0,9,noiler,42,638
921,134.81467978242642,132.8075560885412,48.807113742402514,rainy,2,22,other,34,639
702,127.8453958534818,141.1861107298496,65.27530270966454,dry,3,0,noiler,60,352
837,139.20673289624673,175.6874498619984,74.47219864187505,dry,4,8,noiler,77,469
956,136.11270157360207,133.95656992196263,78.58137556648148,dry,4,24,shika_brown,81,399
796,119.90856745417247,62.73197320728647,32.17150121798599,rainy,2,21,other,88,362
1155,152.6169170081498,181.04437805931704,38.93866939739851,dry,3,16,noiler,77,528
1477,118.94372635963883,145.65535315394334,65.54148899496988,rainy,2,11,noiler,23,1284
791,148.104872125224,187.59414628980966,37.61166512152244,dry,3,18,shika_brown,55,463
542,130.3614786670226,193.91820947130927,36.812933121409564,rainy,0,13,sasso,80,286
1508,148.28650058663925,161.16799010351517,60.980166020864274,rainy,4,20,shika_brown,49,1077
557,135.27070578715967,181.2373300569688,62.65562686727787,rainy,1,20,fulani,68,283
1872,114.34179298836507,137.94584340551253,65.47800524874069,dry,2,9,other,62,987
1961,122.73200074864886,112.15540048042752,50.33537354858955,dry,1,0,sasso,79,807
1180,101.72842826707719,125.91801321476675,40.29772795991465,rainy,2,7,other,22,808
1084,159.45264321243758,136.6124688996331,62.344795844638504,rainy,0,11,sasso,85,503
527,141.87920823898375,184.04760285819805,39.968034578894816,rainy,4,4,sasso,59,365
1809,108.51133155640916,158.86338605152608,40.166064530408825,dry,3,17,fulani,93,724
1583,143.49839105348266,135.06731878010675,79.05771906674728,dry,4,18,other,24,844
1490,144.86269151521086,151.78782796898398,38.60540312441194,dry,0,10,sasso,21,905
1422,111.93092593647886,94.8980356701482,41.207904719610134,dry,3,19,other,23,759
1576,158.33337648636092,195.1067059640701,49.16354200914436,rainy,3,7,sasso,58,965
917,146.76024623215633,112.8301318391413,30.35637514143106,rainy,0,8,other,83,367
1664,159.20363035817132,94.97680228221382,73.32716401593271,rainy,1,10,other,59,860
1529,149.78170389597128,83.47526671418728,34.428882996497755,rainy,2,10,noiler,58,853
1464,102.05964111545553,124.55796890472459,49.30351645539309,rainy,1,23,sasso,50,1017
769,143.31604717883397,155.3725632510948,73.49065091994808,rainy,3,12,sasso,20,624
832,121.50475178435227,172.83690768511045,77.77029714951084,rainy,4,12,noiler,31,648
1181,111.88052268958654,89.10012592858314,70.54416659595346,rainy,0,9,other,72,527
988,106.11722251927941,65.02257912437261,45.83814098299307,dry,2,17,other,71,485
1511,125.88014855845077,71.63773910790385,56.08526047964912,dry,2,0,other,81,604
452,144.21793328363734,81.59006478840129,60.513501415410516,rainy,2,10,fulani,69,230
896,110.73140108965926,192.5310116744846,63.75053463404172,dry,3,16,shika_brown,54,569
1276,159.95052474869684,184.6737076290729,61.982540956853896,dry,0,22,noiler,68,573
1982,159.3257282641976,81.96128615084118,65.90345513485525,rainy,0,14,other,96,793
1436,110.66214185660294,180.17595536914246,73.64562570817117,rainy,1,8,noiler,85,730
880,111.28411081636304,188.54185167923947,61.47978145504301,rainy,1,24,shika_brown,58,574
1343,134.9307933906262,190.5777374388118,61.28744132861547,rainy,0,13,fulani,26,673
435,149.4074845872543,109.23252783679632,66.17556795149068,rainy,1,20,shika_brown,61,266
1466,130.96957880298436,156.11815695609965,38.40365736521902,rainy,0,24,other,49,820
470,152.879335924824,163.02648032207236,45.73474316516706,dry,2,2,fulani,49,211
1652,151.2633134955694,81.27336456718834,31.247756811224427,dry,3,4,other,86,661
981,118.66822320849758,69.7695711904568,30.52958995207678,dry,1,3,shika_brown,48,558
558,126.9926390053309,105.67656736538927,44.11020802759042,rainy,4,9,fulani,82,244
1581,149.25434972211247,175.44324981713305,45.85676624240216,dry,4,1,fulani,78,632
533,106.43511740940826,158.2417847604342,31.00116343344403,rainy,1,19,shika_brown,51,349
1556,122.30337987436263,127.32317701601795,38.44514370032261,rainy,2,3,fulani,76,691
1716,141.08411233073798,134.04663972712237,75.74791384406257,dry,4,15,sasso,59,1005
1455,137.09670749695238,113.94340697360894,63.17534901844039,dry,1,6,sasso,52,937
529,149.09281717119214,182.41796003677845,40.524197362682976,dry,3,1,fulani,95,212
1995,104.7286869528737,136.5527803892088,68.65507476009688,dry,0,9,fulani,81,798
1963,152.62272669819941,107.63319846083931,62.67611073203137,dry,1,3,fulani,20,833
1954,116.92370069927159,75.68994707841024,58.379290742183834,rainy,2,4,sasso,50,1266
1913,110.7016134813284,124.53102619666835,52.12928079515842,rainy,2,22,noiler,93,1070
619,106.01215209023884,181.12393801270298,71.6032987741045,rainy,3,13,shika_brown,77,352
1368,110.12330899243511,162.52466056254372,42.28736469692683,dry,4,2,other,96,602
809,141.89363769575675,61.39470656294529,71.03992920158902,rainy,1,21,shika_brown,40,568
367,159.6276277982273,152.81089670525915,70.76242172212395,dry,2,15,sasso,68,183
853,140.92928974893056,142.63105323298123,61.46752955137727,rainy,2,9,shika_brown,59,599
1100,121.16480450878481,135.36854120889365,43.70799467264136,dry,3,19,fulani,85,481
1598,104.97637433689982,158.19404682375873,65.40090697154116,dry,3,15,shika_brown,65,846
1262,141.76855562997613,86.1209341849332,37.905239408020954,rainy,4,19,noiler,68,806
1123,130.24473030024453,187.12608110749315,34.43518669414554,dry,0,13,noiler,63,571
1904,159.2092030938549,103.49277996954824,55.93412264827168,rainy,1,12,sasso,30,1276
677,153.7736581102634,117.51994534196393,65.51477357326917,rainy,0,15,shika_brown,95,293
303,124.81994660364214,150.60760412117594,42.87762191726979,rainy,3,22,noiler,58,223
810,110.27375162019318,67.9372760558874,55.95243588634446,dry,0,11,noiler,61,401
1334,139.8108845676001,78.30388085434538,41.797338844637835,dry,0,8,other,82,534
1371,133.96885548044585,178.45675788659216,79.4058788531296,dry,4,21,noiler,90,711
517,144.36434624309504,174.72545890245033,50.82965548415859,dry,0,23,fulani,53,227
1012,147.89819126887454,72.05799823999061,69.7931598720864,dry,0,17,sasso,27,626
1935,118.03013803203108,142.87330558957095,53.626331654690645,dry,2,23,fulani,96,806
800,138.1192234411358,151.30670991837928,38.772434478933235,rainy,4,5,shika_brown,83,434
916,115.2990615435781,88.16474552801891,54.46931306617874,dry,0,19,shika_brown,37,552
1417,130.4420220633485,90.66302362335344,43.9813173841432,rainy,3,13,sasso,61,954
838,128.05847765223015,155.67795958587936,60.15088302691672,rainy,0,23,shika_brown,71,468
702,135.10509849519522,60.8928955374663,51.60616210848866,dry,0,19,other,26,389
800,128.45485092401617,195.95527721749644,50.581114834083934,rainy,2,7,fulani,43,547
1052,105.70412495349136,89.34016684713508,69.56504184746413,dry,3,14,fulani,29,533
1083,103.41051933903312,106.50491679521679,34.71799541303197,dry,4,2,noiler,73,514
1472,140.96394000530995,60.06749966698323,46.43585847451846,dry,3,24,sasso,37,970
991,115.61236303518618,138.50504838224475,52.78852150289682,dry,4,7,sasso,22,685
1065,142.83605940060846,92.88913625594917,48.99906258865647,rainy,1,11,other,59,669
862,153.3276545917646,87.85021709750458,41.071353393008636,rainy,4,14,sasso,62,526
1665,145.68694462880768,131.3988558914796,52.77944211213848,rainy,4,19,noiler,72,1002
1047,112.801002505504,177.28812423465683,64.90123553797511,dry,0,23,shika_brown,74,599
1020,138.68818223849092,92.2877000071002,52.229771461127314,rainy,2,3,sasso,81,572
796,106.50548044694261,89.06329703710426,60.35301339616772,rainy,4,4,fulani,87,353
1091,119.35183437069227,126.2208718845766,44.86891966901581,rainy,2,23,other,65,619
1844,100.65977735653728,174.49778043542534,66.9355478700154,rainy,3,19,shika_brown,32,1388
1386,148.12844803100361,199.66070772584823,41.152915348147104,rainy,4,24,other,74,692
1470,134.13970086413747,144.24775665205357,78.39131174217901,rainy,1,16,noiler,72,917
1382,112.28949116075289,149.47435069838798,54.83758342693811,dry,1,14,other,67,794
1449,130.70361685119929,195.09460256584447,45.3672276865201,rainy,0,1,other,69,665
1716,142.16959693890436,186.0768410402523,60.906308982980136,dry,1,20,other,88,793
1766,154.62811232481718,85.23383301903623,45.702511210862774,rainy,4,24,noiler,68,820
537,151.25732792480954,180.12400496460492,75.11332127117424,dry,3,16,sasso,39,321
651,129.72697856075786,95.82656599615177,66.17232460225352,dry,3,0,shika_brown,97,292
797,135.8838960057865,181.7803368190036,73.38177891139343,dry,2,19,shika_brown,38,555
1204,145.82505279056656,161.11948084062738,35.3112408032121,rainy,4,1,sasso,94,541
1725,128.66903850122026,71.40755865849155,37.072397287282854,rainy,3,14,noiler,79,855
1899,102.83137906395298,132.27884593145626,52.533440626559354,dry,1,6,other,55,1026
1200,147.1149206701233,153.543766372891,30.270814917123484,dry,2,5,fulani,53,514
667,107.35057532079612,184.5098409139668,60.99869116405574,dry,3,21,sasso,64,360
902,114.40776942078985,132.31261615542343,55.430447381833304,dry,2,14,other,40,602
1406,127.43067316739801,156.46105151831108,53.85403153207595,dry,1,17,noiler,98,741
1963,149.32825753178201,170.54624976037974,70.01050914379687,rainy,1,1,sasso,71,1016
1139,140.17600963312628,95.51388179585273,70.85268443156457,dry,4,14,fulani,68,560
1164,119.63273858234962,156.41583216646774,42.64344883863971,dry,2,13,other,82,560
1400,120.20952205874218,113.40584807801542,66.52103600402899,dry,3,22,fulani,68,657
776,141.30944124211453,139.76973050324736,44.37611685720424,dry,2,7,sasso,59,514
1329,140.8689842381918,78.18623720715958,76.61769356081572,rainy,3,6,shika_brown,74,725
1847,123.92893539156364,176.8543770352509,75.787586949307,rainy,3,6,sasso,31,1449
1910,103.92815887042468,192.68089346611296,46.89502208792832,rainy,0,1,noiler,48,1157
792,126.42852237596003,126.66058124947762,70.80593183093481,dry,3,10,other,57,441
879,142.84319331810144,118.09423089228781,35.89770739100804,dry,3,19,shika_brown,28,575
1325,132.75182821607262,126.73170612021543,67.08038736966395,dry,0,4,sasso,27,793
524,146.2587600974469,134.85445914566037,55.2863090302053,rainy,0,16,other,69,218
1593,103.59659248385265,155.50499364928766,43.92233053431413,dry,2,22,shika_brown,46,1068
1455,130.56622402334298,109.92503292049457,63.14107092692072,rainy,4,9,other,44,1035
1825,139.76191225236573,111.20831645488224,65.70187848640649,rainy,0,22,sasso,23,1178
1190,117.31038127186562,182.85498078606918,51.03012655659843,dry,1,23,fulani,39,675
440,124.58157435841693,179.3607481836063,48.936712906014456,dry,3,16,fulani,18,256
1091,102.62590493549166,194.02402123711104,76.40888301425215,dry,4,18,fulani,62,475
1326,112.46823247011913,157.41207861618776,57.26149429846945,rainy,0,22,other,46,775
1831,157.54987224387926,195.47494296491598,76.48944825780771,dry,0,24,shika_brown,51,823
886,144.1178007281673,195.95007023961566,35.28169312268814,rainy,4,5,sasso,66,539
1872,138.91727426202098,101.57006731288581,37.197336247513846,dry,4,22,sasso,81,870
1287,135.11755459389565,168.0743033525067,48.867730743010284,rainy,1,20,shika_brown,30,1064
717,145.85872230575413,190.77952133164024,75.74806410053785,rainy,3,3,other,36,439
1055,128.96083711140628,137.28124736002474,71.10581171550044,dry,1,4,noiler,87,512
1674,155.7495575245894,80.45780006098958,40.46781870132002,dry,0,2,noiler,21,748
387,148.3973578141511,102.39958821367583,36.53121459048677,dry,2,19,sasso,74,203
425,117.32224292798537,174.64047226759646,44.29686444552008,rainy,3,4,sasso,30,361
1972,134.579088984967,105.61196065586887,58.76916827771046,dry,0,22,shika_brown,27,958
1815,141.3792378445555,150.97508867549544,74.87431901169776,rainy,0,10,sasso,80,959
1216,113.80796468949688,110.65785238919788,75.51521921351046,dry,1,21,sasso,45,819
1552,101.76722253555153,198.55554929021233,65.81552369692857,rainy,1,11,sasso,93,776
1616,135.5753852684626,154.03873033576016,62.258503467726506,rainy,3,14,sasso,65,1107
1015,132.87608139395067,141.75417634855398,40.81186494670868,rainy,4,22,fulani,77,501
376,156.42140286794321,101.78587150395843,39.47520889482437,dry,2,21,shika_brown,79,167
1787,153.10764419742674,138.3643262471985,37.50376298968959,rainy,1,6,sasso,35,1194
1295,104.02236676312201,140.23942589545828,48.08524527719955,dry,3,13,sasso,73,778
1429,145.125630686287,115.74425117595308,37.543169274328136,dry,0,21,fulani,97,572
874,155.66752571323227,77.31786822171931,42.6975120932468,rainy,4,2,other,30,556
326,104.792240439778,148.08540364079198,34.95389322600751,rainy,4,1,fulani,20,173
320,124.6663673371412,143.50319549859515,60.31240299732737,rainy,2,0,shika_brown,77,165
587,134.60446762177645,166.0680785338655,67.03039027719285,dry,2,10,sasso,85,286
961,142.6185406857789,63.88304035552035,73.83507778626068,rainy,3,10,other,43,602
942,129.49656268414185,67.01960309438304,55.19185956637592,dry,0,15,sasso,85,382
524,136.5733060987406,72.73247356123974,64.78615151090793,rainy,2,0,fulani,50,235
328,109.22474975595341,71.43350370552272,45.94316798894894,rainy,3,21,shika_brown,26,266
455,114.46221505745157,77.13681366676565,37.1130106091988,dry,4,7,other,59,249
977,130.87377647297185,102.01551166753259,62.19228380681117,rainy,4,24,sasso,78,577
772,139.76486133775688,193.2503349058211,59.140663660621414,rainy,1,3,other,77,404
1228,117.9075036707271,111.97998573718698,33.905259346220916,rainy,4,10,shika_brown,57,778
1789,103.89521729181611,137.99460827572483,60.56254440704639,dry,4,13,shika_brown,78,962
742,109.36499093262422,195.65495202566223,63.66129070036787,rainy,2,10,fulani,18,460
1421,127.76953288295272,95.84878855968418,59.470180660127326,dry,1,16,other,89,646
840,116.01086581284899,172.71248287541994,73.85756690159243,rainy,0,22,noiler,38,597
819,138.4205291742444,185.2910303249722,55.982747790032256,rainy,2,24,sasso,80,476
1539,113.80274954314348,93.32187766549131,46.78294251390969,dry,2,8,noiler,86,698
648,133.60024967531496,183.35881795273662,53.28659305072891,dry,1,2,shika_brown,58,355
886,121.10131017192697,184.22181378938797,32.965071660616644,rainy,0,7,sasso,41,588
899,127.71816304600841,125.74330223941374,43.49489513932836,rainy,3,8,shika_brown,84,507
540,152.14576611540912,102.73747960762744,46.994158127132515,rainy,2,13,shika_brown,38,362
1620,124.66361898593937,180.1680281664344,51.65086398869957,dry,2,9,fulani,34,870
1050,109.75925610308936,122.72602844177177,30.639426886777212,rainy,2,11,sasso,87,560
405,127.65794057392091,76.25936195101721,39.10531266686773,rainy,2,17,shika_brown,60,281
1155,105.61139777961984,174.79413690158123,64.18271422317875,rainy,4,8,shika_brown,19,924
1424,138.2269944858768,121.59506222182156,65.81864864694542,dry,0,0,sasso,98,570
568,147.45605267436608,179.0323075151644,52.976910509632326,dry,4,1,shika_brown,57,270
447,142.82173955938578,65.79640028579772,52.101933097445304,dry,1,4,sasso,51,284
1995,157.79486066296556,103.98451362056338,47.71976672816653,dry,0,3,shika_brown,76,798
971,137.23332565069794,136.67907469560782,67.14135025002,rainy,0,21,shika_brown,98,479
1230,134.66690570271842,94.23370040423838,76.13006218267394,dry,2,1,sasso,76,514
791,138.54762006809767,145.04069825580495,59.22434126922634,dry,1,9,fulani,92,316
1388,109.70547238167637,166.09356233710213,74.38255640231483,dry,3,12,noiler,89,677
361,131.13146810510216,109.80315812257385,62.42525690357687,dry,0,18,noiler,24,242
1975,106.64049874703494,147.856612575801,75.80157676426703,dry,0,11,shika_brown,44,1179
1213,107.20159949870612,151.5183355057585,77.62581693530406,dry,2,3,sasso,69,610
551,111.71161874313454,120.73664312603614,54.149528690471186,dry,0,23,fulani,58,260
484,118.09391136457505,109.4772913925233,49.55554865999471,dry,2,2,shika_brown,42,333
1578,108.65597792433874,84.50504137181278,65.34931642013208,dry,2,6,fulani,52,727
1225,129.92616709330784,168.61907800073368,67.4399552551516,dry,1,17,noiler,37,912
1354,129.82302446475816,124.03753007078629,75.78752384616395,rainy,2,0,sasso,29,941
1034,124.70125747084164,111.16630672159592,38.624953001024465,rainy,4,6,noiler,83,607
1998,134.1105261840719,198.6268931507408,69.63165213584435,rainy,0,2,sasso,61,1144
936,141.4238573924557,187.8271994866901,43.17786115657517,dry,0,8,fulani,41,492
589,100.45025125997522,190.67362867717145,77.7539611249982,rainy,1,8,other,99,264
968,136.92513582447847,196.02696795625388,57.90460201835747,dry,3,3,sasso,33,702
1607,132.32030352140308,83.58532473276496,52.585369600322935,rainy,4,16,noiler,63,1048
1508,105.03474090963962,193.48471916236946,60.88114743376937,rainy,3,17,shika_brown,23,1158
1449,134.32096848905783,174.09728192934136,56.88950811516423,rainy,3,8,other,70,758
1137,149.45180419328318,75.35070666349694,57.42419903426677,dry,2,11,sasso,69,555
476,141.16406180375333,136.86132751671965,59.86863323987594,rainy,1,3,shika_brown,63,293
1765,146.02148941394802,145.61214513490836,73.73951276900146,rainy,1,5,shika_brown,23,1106
1748,102.95908178854705,129.32097951247337,70.63457566888714,rainy,4,10,shika_brown,73,1053
1587,111.883900854475,161.91736984717107,30.793412368290863,dry,1,22,noiler,58,893
949,116.0966927507628,82.0512093349697,54.05290980976845,dry,1,7,sasso,86,481
1897,107.4386796616,166.7540953150541,46.55796230767385,dry,1,24,other,94,826
1644,110.2672973352773,60.21334514366638,59.74127706891929,dry,1,14,fulani,46,813
717,138.94414521764764,197.55585174291295,48.81188597303148,dry,2,24,other,47,445
1368,105.91103950694644,84.9954816393499,48.287458905072775,rainy,1,3,fulani,40,725
970,113.18586746336985,61.40887633322427,55.40403871117897,rainy,2,3,shika_brown,82,496
1709,123.14288725617267,187.78832750932784,57.01275292869749,dry,0,7,shika_brown,29,1108
1568,110.9699336994244,79.46529875407602,44.367159566038175,rainy,4,2,other,26,997
1589,109.92370947845721,93.01689714366043,50.09960087266562,rainy,1,18,other,67,880
1127,117.07928191930439,183.38172933401137,75.94345679020773,rainy,4,18,sasso,49,888
1209,151.87047868330836,79.6352718115697,32.728478891737694,rainy,3,8,fulani,34,569
1452,144.6305347290158,188.2891951169751,67.4150561361611,rainy,2,13,sasso,43,1115
1106,157.21277484525348,131.6674162274588,36.989900458885515,rainy,1,11,noiler,85,553
317,122.3081013276996,158.79991594563703,59.21639874736023,dry,1,19,shika_brown,60,195
381,100.50450585344512,99.97973931414714,74.45580718012695,rainy,4,19,sasso,33,284
407,158.6261117704732,71.03394229174333,66.24147627566323,rainy,4,4,shika_brown,76,217
729,118.36338956407883,73.9706954499358,70.10368883373954,dry,2,21,other,53,438
1657,136.0549443990927,104.18159005061236,44.841683414840034,dry,4,2,noiler,80,812
310,101.49826149038094,192.1152266892424,33.50310229946233,dry,3,21,shika_brown,79,145
341,118.2929360847592,128.36334268844922,62.74195049335507,rainy,3,6,sasso,28,280
1044,127.53938329653606,105.07070537177384,44.8196980618803,dry,2,1,noiler,58,682
339,158.13554696282486,137.76310531762402,76.66059013707525,rainy,2,1,noiler,41,211
1885,143.33073732204537,137.6394906516627,36.357583229993786,rainy,3,23,other,83,849
1861,121.67362495586454,71.27465602284391,47.57868906920348,dry,2,13,sasso,94,855
898,123.1776582518168,108.78486657418718,51.61335017567556,rainy,1,17,fulani,49,547
426,134.16911182367306,65.26212709563025,38.05185953519007,rainy,1,0,shika_brown,57,241
1539,132.20554719854783,109.09851097354023,71.38571730685986,dry,3,8,sasso,41,999
549,159.59518427108765,120.96208885124389,56.23230452456884,rainy,4,5,noiler,44,393
1444,103.13513127048715,141.02950876625692,79.95884652573233,rainy,3,17,other,50,888
1672,156.26858183436102,96.05195516700661,48.948406350922504,dry,1,18,shika_brown,87,672
949,142.41517444475363,71.51203938887375,30.00827482505723,dry,1,15,noiler,87,470
1363,105.1490486551894,79.84168644729567,55.62878423854134,dry,4,18,shika_brown,32,906
868,153.58520438146047,138.3272090504736,31.10466377656428,dry,1,17,shika_brown,49,455
581,101.72307961255126,148.57307298014587,34.9288489372115,dry,0,15,noiler,53,324
1910,125.41908066716762,125.02624699650221,51.985401973355366,dry,0,8,noiler,88,791
1524,120.93698932892877,192.86611924108274,33.90396987249625,rainy,1,17,fulani,59,692
1178,120.63576018630116,120.23948839810521,75.26522641337147,rainy,2,20,noiler,38,989
1202,155.6445854033543,89.56986164352762,34.24088217674101,dry,4,22,shika_brown,26,719
1602,129.56424846518215,195.73614562244134,71.02794208847489,dry,0,5,shika_brown,74,812
1335,140.44537598527293,140.41374249656366,60.927355967493654,dry,2,20,noiler,70,792
764,142.51588508087968,65.47252844716786,75.24325757885288,dry,1,2,shika_brown,60,406
1394,147.2403640877469,179.38311477736448,66.74360218291991,rainy,0,24,shika_brown,66,663
996,136.089611412548,136.8126794066177,42.28759854855938,rainy,3,21,fulani,41,590
1539,119.63186445133353,130.97736962624043,47.33278999736825,dry,0,9,fulani,42,715
1626,133.31977705621298,81.43792971739265,36.402853316240275,dry,1,6,fulani,63,691
897,100.62356215265251,181.69869655462645,36.00687595866334,rainy,0,7,noiler,25,581
1064,120.63830964121067,103.45743709836846,43.08387900785747,dry,3,7,noiler,21,759
1413,157.18020896776042,132.8423955709561,39.12585449229664,dry,4,8,other,77,604
897,133.9960048022728,143.80403315671265,37.090130059073424,dry,4,4,fulani,90,359
1005,146.43214737398068,96.09030430576536,72.9318557868446,rainy,2,21,sasso,97,551
1746,126.73563127206515,123.5871147910998,41.25585805141395,dry,4,5,fulani,52,754
1664,116.54333505657607,60.386350790739336,58.507555600084196,rainy,4,5,shika_brown,40,1148
985,100.12960624744011,85.04794091982193,71.19380875488021,dry,4,24,shika_brown,43,685
1523,140.58341733210347,76.24703216466168,70.51883756802263,rainy,2,7,shika_brown,59,937
309,134.40201936940764,166.62089071200705,61.87959724642584,rainy,1,5,fulani,93,126
429,139.73283842745542,111.44528474245135,77.22460230525249,rainy,3,12,sasso,91,243
1712,121.62910649249608,120.20394454432247,46.18481757748904,dry,1,13,shika_brown,65,936
1314,129.63192464597685,181.13214342046246,75.02261058560413,rainy,3,9,shika_brown,40,980
643,107.4315163879807,80.91848876757791,68.6058548891057,rainy,2,7,noiler,39,494
1268,111.37654998323168,65.11684599151867,64.90860222640507,dry,3,4,fulani,39,652
606,136.134662669638,103.94945151444523,61.89711795449202,dry,3,24,other,56,351
436,148.00231407351006,193.25124514496605,57.47082149010794,rainy,2,13,shika_brown,53,283
1007,129.81130949848045,142.44554941206133,69.1091697656605,dry,4,18,sasso,65,577
678,103.80619357930651,195.05765846218853,30.0002768337869,dry,3,13,fulani,45,334
1806,126.37414965481227,99.83648897268893,46.519537529321504,rainy,3,11,sasso,85,938
1863,159.98736230875573,83.01916561157894,63.731722197759474,dry,0,6,fulani,44,745
1768,132.19217939895736,173.74163365552255,53.21999029104967,dry,4,0,other,51,851
911,121.96912043415202,175.88002526994043,45.596518424384605,dry,3,23,other,47,553
1956,114.68910083572196,151.6002270266083,44.499504020683865,rainy,4,6,fulani,59,968
439,133.34316594266375,161.04542921625386,76.06346978470683,rainy,4,10,shika_brown,19,326
1352,108.45968789921889,113.78452511597683,58.62283328399404,rainy,1,10,other,78,698
1644,129.59159255178088,70.0126230093702,56.10507040835921,dry,0,20,noiler,85,696
999,111.77148962452502,110.5768418112672,39.09347162108332,rainy,0,4,shika_brown,62,575
676,105.27141854450144,172.34439729303932,76.53549150428572,rainy,2,1,sasso,48,493
1468,149.73170928808332,134.4575152468699,33.42238468503987,rainy,0,12,noiler,86,679
1809,143.94059323894038,119.29884201493665,32.025601792399726,rainy,4,22,noiler,98,969
806,128.56934793326914,122.52926228415669,67.62087501896293,rainy,4,7,fulani,42,525
1910,139.4264184090226,176.78580849772538,61.83427633917043,dry,0,24,shika_brown,33,1175
1381,158.0521885706879,154.9431875869067,79.24073314038091,dry,2,19,sasso,48,759
369,119.06125616482609,153.97928091967214,46.6742020884744,rainy,3,7,shika_brown,88,202
1084,132.09964866977322,63.24465171758165,69.58653916791964,dry,4,17,sasso,33,736
1251,141.6437375186202,184.46576323072236,32.17577388267692,dry,1,7,sasso,79,665
595,112.6339639509163,68.65630098369701,58.448253627496705,rainy,4,21,shika_brown,48,471
1042,100.5839918024752,143.2504741073472,62.91921534746073,dry,2,21,shika_brown,89,500
1502,104.04012393310043,66.05708329121694,64.76826488507898,rainy,1,20,other,60,845
611,140.66421380601304,159.67592256897694,63.76789858470035,dry,1,12,noiler,49,380
520,154.50666116544457,82.46987663957138,64.86591696937163,rainy,2,24,shika_brown,82,248
932,104.18979177842354,151.73401981392988,63.8569040289398,rainy,1,21,fulani,46,556
530,117.34439415989638,192.40404786769838,55.902400735128936,dry,1,9,noiler,87,273
747,105.2370923995279,197.40095427990332,39.1998630643032,dry,0,2,other,87,299
780,131.30500591004014,103.5893980799641,52.467489948394366,rainy,4,11,noiler,79,449
379,158.3315037132702,132.95617619748526,35.737749659508175,rainy,0,23,fulani,45,181
1370,113.04428798454776,85.4875668117321,48.81874368245958,dry,1,7,other,89,576
856,108.04643606626331,77.47444050164546,32.34303778896018,rainy,4,1,sasso,78,370
1191,143.53540299477072,64.05883503445625,66.28277789934867,rainy,4,15,sasso,49,816
316,105.99360751128992,171.80477171850885,46.72415454067355,dry,3,15,sasso,50,237
1814,146.5516345227638,165.10909390223185,46.04893029918624,dry,1,3,sasso,45,1153
1814,114.04753845511476,160.37310434434022,39.32669609180792,rainy,1,0,sasso,42,1161
537,111.88203701118921,84.20655874972618,72.9530605209197,rainy,2,22,other,70,284
323,107.75645277812023,116.60056967669644,30.14835293552455,dry,4,4,noiler,70,167
384,143.69109631017494,97.9132324444742,45.69585628046961,rainy,1,24,noiler,46,300
1980,143.75679003046622,176.82600201572092,54.27702999334913,rainy,2,5,other,68,1012
1603,100.18206567417538,159.53923444349272,58.24772520248455,rainy,2,1,noiler,56,1078
1491,119.65976627710234,80.9070392674173,69.84360568975626,rainy,0,0,fulani,50,596
475,106.57150869410037,130.2497036598292,76.55690004193391,dry,3,19,noiler,29,334
1517,138.79903029321383,188.2765701130507,38.83848252666715,dry,4,1,noiler,97,784
446,132.42532078183353,192.18850606103243,50.62575768838137,dry,0,11,shika_brown,35,278
795,109.86047113183866,130.40733586631825,47.84008650666508,dry,1,20,noiler,53,545
938,104.9183751371992,128.71192478552757,39.98173870470082,dry,1,16,other,76,462
1726,154.24374325199045,191.24953135059653,59.64437021783928,rainy,1,2,sasso,62,978
1308,130.40526751580654,158.32785610096903,78.16126431641888,rainy,3,7,noiler,80,763
616,146.12984861486214,82.02409555219651,41.27013281634795,dry,0,6,other,18,285
666,125.82371961245894,148.34657285946543,50.36298790972596,dry,1,0,sasso,37,400
453,120.99725042293446,173.75822693706294,74.78435038278059,dry,1,14,fulani,67,181
719,149.37083083193932,194.9513255210456,47.99931723650964,rainy,3,13,sasso,21,520
693,129.450091356819,143.23443363938506,57.98165121433658,rainy,1,19,fulani,48,414
1497,152.3421116651111,142.70969325564957,58.616228772680074,dry,0,2,fulani,67,599
907,107.56366251024386,121.50884278159327,38.13166268744442,rainy,1,24,sasso,54,651
1778,118.80799974271568,154.74144690218728,45.333870263136724,dry,2,16,fulani,72,734
1248,155.72571029349677,125.95524098457734,79.82770306966944,dry,3,11,shika_brown,70,592
1252,152.94356418261225,71.4797136076174,48.517563839664724,rainy,4,12,other,76,520
1464,154.88851955520906,94.19248835491001,64.67703436518835,dry,0,3,noiler,31,739
768,113.84867565864153,88.80960871357864,41.09512968120175,rainy,2,5,sasso,18,605
1398,131.47028138323475,173.96379558236,47.205723428929815,rainy,1,20,noiler,21,1216
1636,101.54004896447796,99.46034508899376,70.59364190098708,dry,0,0,fulani,42,747
1653,152.0621510050441,188.07574853999617,54.40899587736422,dry,1,3,fulani,34,761
1555,117.16022901053577,199.7894854723433,33.681375449714565,rainy,3,3,other,97,697
823,118.95269598415666,107.8343619447466,49.86787723927895,dry,2,8,other,28,547
692,129.3808330828763,122.76077418868095,33.00324949217152,dry,2,13,noiler,59,434
736,155.68529774884752,96.78976996289816,37.1626378722014,rainy,0,11,fulani,78,294
821,112.38796012830582,150.68557196253045,59.15042468656506,rainy,2,1,fulani,49,462
1922,139.17172388682474,76.6152700740159,44.59049539584218,rainy,2,22,other,74,944
358,120.92048629045598,182.6955712842215,55.461453301771556,dry,2,16,sasso,41,262
749,129.52157959738386,166.05402850379443,57.06012220075531,dry,1,6,other,57,435
1382,108.88287261420737,133.3376415684836,59.597071623432385,dry,4,12,shika_brown,91,785
1743,116.51459859806175,158.35643246605747,42.41724135150679,dry,1,3,other,61,865
567,158.99656531106342,112.07031274745329,75.34163024285492,rainy,2,15,shika_brown,66,310
307,157.63241629490682,83.83461699164233,44.073423530902005,dry,4,1,fulani,44,130
819,139.77750198677532,68.80844334506396,61.1241772896197,dry,2,7,shika_brown,45,591
438,148.85985473807028,174.75228057523498,52.85559190158554,dry,2,11,fulani,24,248
1874,148.1692123204873,172.9808606984171,50.8618828647389,rainy,1,17,other,89,800
1316,115.51921988742332,91.51772780010103,31.060402531570766,rainy,1,0,noiler,51,755
1988,118.82615149526883,153.68284661563962,40.131152666606255,rainy,4,16,other,30,1329
1525,138.42054588858957,109.91449758668574,48.83637073949893,dry,4,23,other,61,762
932,113.7552923788069,160.97018267786072,78.51189123629453,rainy,3,11,sasso,73,630
429,124.02721079409329,116.69035322528146,68.57045059215905,dry,2,23,sasso,96,214
705,140.14642796844453,153.95656033841533,31.377761114038307,rainy,0,1,shika_brown,36,363
403,128.84075011513002,168.81369846440182,68.43649912569259,rainy,2,15,sasso,38,349
468,144.2321950855752,63.11359241313403,33.00970201506459,rainy,1,19,noiler,47,339
797,139.22194728075755,126.63761922821634,67.16655146578114,dry,4,3,sasso,24,570
1526,105.14606828100696,141.13394859595792,47.293874326409394,dry,3,11,other,34,976
1315,111.36142031565129,154.98859208188168,33.720726326797006,rainy,1,0,sasso,97,555
1885,110.43357440734003,96.55208461328401,74.92133269945263,dry,1,13,noiler,88,903
1195,117.32652156463254,180.97734324964853,60.74314243276076,dry,1,3,noiler,82,586
1637,108.51809039186227,82.71960173472968,79.47210040080981,rainy,1,1,shika_brown,41,1060
605,128.90464479389135,117.25641517932314,53.83436707138091,rainy,4,19,shika_brown,43,453
446,108.32928841814196,86.7882577464789,48.17467105273785,dry,1,24,shika_brown,89,230
809,105.96340888299689,169.9164018390477,62.37297788309927,rainy,4,3,fulani,68,399
1454,144.108967655853,131.65348916327514,38.64119267484791,dry,1,13,sasso,37,965
1203,152.34093398666008,179.6348065788921,71.81222939280215,rainy,0,2,fulani,88,481
1818,159.79241632673808,194.0646465443108,49.14236675188522,dry,1,10,sasso,45,1103
686,147.26276552868165,113.1896922184043,42.34523221414765,rainy,0,24,fulani,93,274
1734,153.34842964540496,126.67330366919464,76.38228891036273,dry,4,20,shika_brown,75,703
1816,122.20899583283622,164.7595943462647,73.31467764598673,rainy,2,19,fulani,53,974
1490,128.54498162382367,107.01919634459009,44.13903584387998,dry,2,15,sasso,78,760
1309,137.85963027662174,190.76853991064215,59.49564964406498,dry,2,1,sasso,57,790
1514,115.55642095404438,112.31866320798161,37.50783648915665,dry,1,8,shika_brown,48,942
1253,107.84014194549015,145.51956183147334,64.40628017920434,dry,4,10,fulani,82,508
1301,152.83196665540396,194.0683599732792,49.439773906358894,dry,3,15,shika_brown,94,586
825,155.43750269432775,109.98780705072761,61.09837311501895,dry,3,20,shika_brown,28,511
838,118.60083100905868,156.22096629999544,51.889506036503725,rainy,4,4,sasso,29,674
1761,134.61372526254934,151.1523448329674,30.12281704459365,rainy,3,9,other,42,1140
1367,150.49409542271104,199.55986057309659,69.74417523927596,rainy,2,11,sasso,80,763
1697,119.70893231176449,144.88074140826342,57.40996967939827,rainy,0,7,fulani,93,679
946,150.09923426254426,97.58543953844807,72.05690913527425,dry,4,6,fulani,37,472
618,109.00023164364835,114.5523060819774,47.745209817371645,dry,3,6,fulani,29,321
1956,108.72445498335034,68.36480474529364,56.73038937455644,rainy,3,14,other,29,1092
582,120.83987150987998,166.2720470297674,72.16876219345099,dry,4,17,other,35,370
859,105.87397824095945,92.92938962648297,47.85491150778941,dry,2,11,shika_brown,24,643
687,111.60511594861299,77.35158374779863,61.708124216070914,dry,4,3,sasso,92,335
409,128.30736286724775,145.1464331799748,55.92849905811791,rainy,4,23,sasso,80,237
497,144.47570798196722,177.88948709825132,48.87843425738761,dry,2,19,fulani,77,199
1119,122.92243514120449,135.04677544939932,56.213179372785845,rainy,4,8,fulani,68,588
1995,154.80668477211523,107.04008876047439,66.49536672495742,rainy,0,22,shika_brown,93,799
1794,155.58792639854005,67.83853680604166,65.87189433478326,rainy,4,19,sasso,88,854
641,134.1228045714478,133.84557460894916,53.87926957700496,dry,2,20,shika_brown,91,335
691,139.38867902981454,69.47184594041485,69.06440707316226,dry,1,11,sasso,71,409
1759,139.62013905744197,74.37902209514951,31.00152337120376,dry,1,17,shika_brown,99,704
1555,118.99267230293589,163.0926494800017,32.29575681348028,rainy,2,20,sasso,72,993
1190,123.94604543351436,63.59859119568886,50.07055353406909,dry,2,20,shika_brown,30,750
456,128.32055365435815,165.08783290456904,79.35493125896737,dry,3,10,other,36,253
1802,129.98105531898887,187.5793872395864,36.32949080027677,dry,2,19,noiler,25,1244
318,105.81361695537194,89.9360055440657,30.124431961747018,rainy,2,9,sasso,44,220
1034,129.53488606224178,145.81673215645984,34.29056392201107,rainy,3,17,other,58,598
734,113.41601364322392,94.62013537464266,56.92402880625262,dry,0,14,other,70,326
329,156.1277642504691,154.65516086121698,55.933988934565406,rainy,3,19,sasso,66,198
309,111.23889907860107,119.28921775921327,72.39208987265516,dry,0,2,other,33,158
597,137.60618535217455,173.28885045318117,40.58732317935809,dry,2,10,other,69,286
1856,133.38855146624843,78.97467936395816,48.061393775650586,rainy,1,24,fulani,62,866
1811,121.11370069505229,137.68578392022857,34.78031420696039,rainy,2,15,fulani,67,800
1081,138.31033155371608,113.80904680818091,38.55821873791531,dry,4,5,shika_brown,46,707
791,107.435593579433,71.99331649240703,38.980715227866774,rainy,4,9,fulani,69,384
1648,135.31744839563885,167.78716188518217,77.35166560961954,dry,0,11,sasso,86,710
1368,136.69854003015834,154.70896587927044,30.29103550504513,rainy,0,20,sasso,38,911
1194,138.09448434855418,60.19914786389802,46.343588255315396,dry,4,14,other,35,719
1615,152.33375018404877,181.269500062063,47.413275548581396,dry,1,15,other,23,872
1493,114.94724197418799,172.30730993430527,55.70199875223868,rainy,4,14,noiler,18,1184
1417,156.53768381551893,63.415772267774884,46.66400935250907,rainy,0,7,sasso,41,758
1085,151.95863902257668,115.00032202470928,65.3315962981928,rainy,4,18,noiler,58,742
377,118.84509701944155,106.20837242099687,50.71254279100498,rainy,2,4,noiler,49,278
1138,137.1669222713982,130.67546149026776,73.60309320906572,dry,3,13,noiler,91,581
1557,107.01594293564065,101.00647647219746,42.734619112353464,dry,2,11,noiler,59,925
722,127.2888682779255,116.43764952875003,33.44504405492631,dry,3,1,fulani,91,289
1292,124.99065268252761,124.46502473300829,62.99085857282971,rainy,1,2,sasso,64,888
1502,138.57489893824078,142.96425357577982,39.053744070104244,rainy,1,15,shika_brown,52,981
952,129.02066299134327,130.97073292360716,63.0613752136797,dry,2,17,shika_brown,28,725
1614,139.71264833047996,74.9119087715414,54.6239643188908,rainy,0,21,noiler,26,1093
365,156.55175471590783,118.39544780518526,53.02776477368731,rainy,2,7,noiler,84,189
1262,125.97999559008235,83.35484702824102,68.1365916709442,dry,1,5,noiler,68,716
1559,142.57124146022977,124.5945300656745,56.591141282401466,dry,3,19,sasso,89,852
1440,156.51173164550332,197.68946564580614,71.24508038635668,rainy,2,13,sasso,79,733
545,108.72202725382826,144.50743298908628,61.91286500711735,dry,3,12,shika_brown,95,253
1508,114.49974141547368,104.85589570244701,49.01382770228601,dry,4,17,sasso,70,793
1254,140.42664901119983,141.40280929097727,44.56483789890425,dry,4,13,noiler,33,974
1030,105.79195333071364,188.58571601419007,63.43302617704856,rainy,1,7,noiler,57,731
1475,104.79716147465354,69.15229986248251,45.25046187483626,rainy,2,12,sasso,31,1070
1708,142.2484657837702,168.24110386445022,36.21596537978253,rainy,3,1,fulani,73,724
747,127.99142780240894,123.38815990658132,41.33949401910344,rainy,4,0,shika_brown,42,523
1109,108.4943494835688,82.470437910538,73.34673269728994,dry,2,22,noiler,80,535
1645,144.22328477818868,179.1293005566,34.93361330133374,rainy,3,4,fulani,39,874
373,142.71510623502593,61.64916275608238,45.460854625183615,rainy,1,24,sasso,61,256
760,133.20407626423525,145.16530691835595,48.35323453000208,dry,3,19,fulani,84,350
1624,105.64265077006633,179.8639826231755,68.49535165058313,rainy,2,3,noiler,87,954
917,144.09204801814798,60.97724542385779,73.62668245910835,dry,4,24,noiler,95,419
814,133.11367894631255,141.94150719400062,68.75239392386398,rainy,4,21,noiler,91,506
1916,146.19068973636806,69.06053442472724,39.38783344524886,rainy,2,13,shika_brown,56,1197
889,130.43696629952333,147.450868262556,72.72859034479899,rainy,2,4,noiler,90,484
1054,158.41971602595095,60.398004233739044,66.95157715565631,dry,2,16,fulani,92,422
1720,154.72693791536904,138.48017859049412,46.37780725083588,rainy,0,1,sasso,82,688
1859,109.4697413469484,146.38717469028518,59.93915594886268,dry,1,16,noiler,26,1221
1508,113.82253227410573,142.2884286236496,33.91681106236357,rainy,4,23,other,51,1021
1916,107.65590440997629,182.08751153631556,34.144423557266116,rainy,4,22,fulani,69,908
1479,125.01158921055904,130.2391942669361,68.48483754869342,rainy,2,0,shika_brown,62,819
376,155.76947152265308,155.8181890140604,61.07168172628193,dry,0,17,other,48,181
1030,103.75823150185265,193.88026194679358,62.37776027521144,dry,3,18,other,57,592
1249,148.3782988349916,152.13812600820972,46.70596348242191,dry,4,16,fulani,48,661
927,133.42114459861963,183.68886812768469,30.791530822654696,rainy,4,16,fulani,24,619
303,157.19448479911853,157.09063400746382,59.27144142325396,dry,4,16,shika_brown,84,122
1647,159.88911328330008,165.71196490002887,61.0726578414114,rainy,1,11,sasso,80,858
372,137.98019856698585,187.7909423040985,61.22713848318074,rainy,3,17,noiler,39,317
1804,108.22281584632984,127.54256850535803,46.05254749678875,rainy,3,24,sasso,43,1354
322,101.54391791222498,198.49152977071776,44.79721624569541,rainy,4,11,fulani,47,178
1287,108.07758001022897,168.4969214190849,55.20624577689313,rainy,0,19,shika_brown,39,858
911,118.95795845084314,96.3283650895237,54.14551091751481,rainy,3,3,other,67,521
1661,143.9775268231118,62.2734588729064,30.740606671669553,dry,1,21,shika_brown,97,702
705,100.47464245329805,183.9872074551825,40.76321888691901,dry,0,1,sasso,97,292
1079,106.73476045269376,180.0036830033335,40.49838043468022,dry,0,8,fulani,81,432
1518,159.6083365754577,63.746246908982066,32.507827035793106,dry,2,18,noiler,30,884
1252,118.88324455230415,136.4361067939036,62.23138399718927,dry,2,23,shika_brown,70,743
1414,153.58399381501692,160.43634780012096,40.29061038880817,dry,3,22,sasso,41,907
1630,142.05961723930164,150.13121128603586,42.46575342367431,rainy,3,5,shika_brown,48,1290
388,155.53687504058985,132.07616941812302,54.054994060396965,dry,2,21,noiler,34,264
1633,113.96021262146773,73.2775569290227,78.78100578579321,rainy,4,14,other,19,1033
964,154.91023773672777,191.6190148076816,31.606257412973637,rainy,1,8,shika_brown,86,436
1688,139.36797665466446,126.37028450001266,48.946122801614706,rainy,4,22,other,87,791
1717,117.41856291052004,84.2072197244983,51.002313756546684,rainy,1,13,fulani,87,687
1787,146.050554825809,73.78443436711342,58.022668180032724,dry,0,12,shika_brown,85,715
744,159.39434881744052,80.41242174765941,57.134162994236064,rainy,2,6,sasso,81,358
434,110.23416141311587,119.55052198771895,78.02592335167243,dry,3,16,shika_brown,21,288
1624,139.13097724704792,90.85923513329895,66.53392722424599,dry,1,10,sasso,33,1184
1040,112.49681856546479,160.68650866531914,59.371642944219595,rainy,0,12,other,21,671
570,117.75362005275323,108.61422463271977,54.49416692494101,rainy,4,20,sasso,25,473
486,130.33897413421187,133.65730564902879,40.216233071851384,rainy,1,14,other,39,349
475,139.1161396791135,197.71855689668305,55.79062158526317,rainy,3,7,sasso,48,361
802,139.71327517307944,81.1780488374047,79.2184292043157,rainy,1,4,sasso,19,571
1819,135.5821130509582,152.12078117206354,55.36955715011976,dry,1,16,fulani,53,906
1046,112.6538185533458,70.85465615131895,79.8459500035397,dry,2,3,noiler,22,679
657,140.7550218684107,136.5450716822848,68.9432813292398,dry,1,15,fulani,30,357
1924,138.35320835888027,78.38795361690558,37.43469053328927,rainy,0,9,noiler,74,856
992,135.4896116301985,122.72902778233194,43.03912219333789,rainy,0,0,noiler,96,500
1740,113.93015288119655,108.38187100377716,63.57870316551021,dry,4,15,fulani,90,696
1806,124.72201863702762,116.72509425350952,78.3303168329743,dry,1,24,shika_brown,90,860
632,122.88853737545759,157.3825698826539,39.10822770902786,dry,1,1,shika_brown,75,286
1975,115.02800426892748,65.30194131066963,70.35893278253613,rainy,2,10,other,51,1194
1319,121.55646471856372,191.80154520233225,62.44196620012234,dry,4,12,other,49,805
1906,120.95026588188152,75.38341174757659,67.66422506226498,rainy,2,14,sasso,22,1353
1758,153.3711487701548,145.48876069848654,30.062212635174248,dry,0,13,noiler,92,703
1378,118.83018391915485,138.32678781181224,62.795867174551134,dry,1,2,shika_brown,43,883
445,132.1528107334787,77.21157726853554,71.2081512333441,rainy,1,20,other,85,204
1907,130.1134463653083,177.2798146743968,44.214330174032064,dry,0,18,fulani,53,763
1672,155.60172497847975,182.1673812831146,45.42458584925762,rainy,1,13,sasso,89,827
1404,101.02134545078975,115.26916724884819,69.4872363166489,rainy,1,21,other,19,914
560,115.82668189343809,95.73699611942828,70.37998816985066,rainy,1,7,sasso,31,433
744,139.8111526680178,147.7112432443697,63.28743611597175,rainy,0,13,shika_brown,91,377
1757,103.93423962123838,101.34554900949979,50.32094723788265,rainy,1,16,other,27,1070
951,145.5068369224118,87.7730419000008,75.41452522075659,dry,1,0,other,43,473
373,104.72380590652435,134.4247184310559,45.183289912109416,rainy,4,1,shika_brown,59,240
1906,156.3551682088908,100.3565242048589,63.99763784838553,rainy,2,23,fulani,91,762
731,114.98596558537503,151.64846813553663,36.75910510433631,dry,1,8,shika_brown,48,456
1568,110.84444166261275,145.1330383173623,30.7625190252813,dry,2,18,fulani,63,689
1398,142.45782510204094,124.77475067179475,45.4381647257423,rainy,0,0,sasso,93,571
1930,109.9214786445572,80.51354778051643,51.388070392476294,rainy,4,23,noiler,56,1199
597,107.51915547447106,172.88537028839409,65.74240372633702,dry,2,0,other,41,312
378,119.16853275383411,100.43302970901289,46.37206167257492,rainy,4,9,other,25,266
1666,129.09938454958146,158.09648882407106,52.39031068231658,dry,4,16,noiler,80,924
1656,106.0685360527135,178.4830475802091,57.38173910523072,rainy,1,1,noiler,47,1090
718,152.23695046018616,99.8651512452844,55.08834603920019,rainy,4,0,fulani,25,321
686,134.10040229956246,168.86230507223908,65.75615963846873,rainy,3,23,noiler,93,403
1095,104.25622732140668,104.53550352059742,50.7526393701938,dry,2,20,fulani,23,646
465,126.06641318814704,132.61965804980332,62.79029910085154,dry,0,13,noiler,39,315
1211,107.62155382822843,157.38208872582447,56.61715239267024,dry,1,12,sasso,84,648
664,136.45121313141237,129.33767092092717,67.14966934761102,dry,1,9,other,77,358
1075,149.3795818721327,187.02301960044542,67.2958297377705,dry,4,24,sasso,54,669
548,140.90202945496804,150.11257763833197,34.32259759515796,dry,2,10,shika_brown,66,295
1658,133.58821937241933,132.71383014259544,55.24617084068251,dry,2,20,sasso,57,1047
686,151.36906009626037,198.92928808535265,64.89952202104413,dry,3,16,fulani,20,373
1007,100.18047763364328,156.9570331532317,59.527645051711175,rainy,4,23,fulani,77,447
1878,144.63523488817847,141.11015240052572,47.9095607626292,dry,2,8,sasso,83,776
1698,143.95142483725132,198.78684879147843,43.004685675388245,dry,0,1,other,78,679
642,122.55674361006982,192.7649847998189,68.05099811979558,rainy,1,3,noiler,99,383
1291,134.75984840021889,85.59536554969753,36.18277033489996,dry,1,17,shika_brown,94,543
1346,102.00875980864646,157.27734535386315,51.74333952365771,dry,0,7,other,25,645
1202,119.37411938720024,196.7613944150062,66.28417769486136,dry,4,0,shika_brown,27,730
1541,158.8724451231137,65.71099875648648,55.60484787275669,dry,3,21,fulani,42,649
780,144.95044667770148,131.98781696333816,40.910644258286865,rainy,2,16,other,64,453
1550,135.34687470734963,180.51015263448176,58.26237254817492,dry,2,19,sasso,98,817
906,148.5663773635728,78.71137634959592,31.96326098157152,rainy,3,8,noiler,25,623
1111,101.46781966714435,148.33788112904514,71.79211825757712,rainy,4,3,shika_brown,99,549
1485,141.38334313879955,177.29671546892297,49.18801472768832,dry,2,8,noiler,60,999
1818,107.11270246443277,156.913524866649,41.93872094911301,dry,4,1,fulani,82,727
1161,103.6527744635831,83.15849015238064,39.206823993541825,dry,3,2,fulani,36,664
1272,100.36045962029662,76.50179492844305,57.95101696474312,rainy,0,10,fulani,23,596
869,108.76895832888755,81.39699721357111,48.13766011583919,rainy,2,22,shika_brown,18,662
1588,142.0163697839419,87.37671809281113,63.68190565860434,rainy,1,5,other,92,689
1644,112.89171654675361,160.99327689285298,59.545973152618586,dry,0,7,fulani,42,776
1891,152.4621653141335,75.88829759339608,58.156453269246455,dry,0,10,shika_brown,44,886
947,157.0128164436716,60.61741875724344,45.85375156881782,rainy,1,2,sasso,22,601
1107,127.32599596303153,151.39132836739728,48.357957644340914,rainy,4,10,shika_brown,64,692
913,137.36351480351863,182.94362797076374,35.195821763605274,rainy,1,19,noiler,51,682
1059,135.00834200740883,79.37524899028084,57.29523549169785,dry,4,9,sasso,59,725
1078,142.1419061280315,131.4608809083258,38.24533980901545,dry,3,22,other,31,678
1758,150.61852832243235,65.18398375750104,48.290230826382235,rainy,0,21,noiler,46,997
690,118.96938670256255,128.94827876118808,56.64230375933798,rainy,2,6,other,21,519
439,138.55447754119538,169.8468409339504,35.761144815798644,rainy,1,6,noiler,64,273
1538,136.07247793628545,90.95671943914247,57.797257826182445,rainy,3,17,sasso,64,894
943,126.74198746573433,102.27182917124355,53.71936710464168,dry,3,22,shika_brown,68,515
995,137.52432142083427,90.63188955206577,51.168945952027606,rainy,1,17,noiler,41,805
1016,104.39728927716618,61.614166891361144,77.78311450097436,rainy,1,21,noiler,39,726
511,143.82741612357157,103.39508347338403,56.772644130702574,rainy,4,5,sasso,54,375
970,106.28154896368295,100.81189636568011,50.132710566974495,dry,2,5,other,96,447
617,149.21804088223513,117.64454853568711,38.771940931704606,dry,3,23,noiler,24,407
1786,144.77477674742607,118.07016352566538,76.79582154443534,rainy,3,5,shika_brown,68,937
1466,110.67832290273061,188.39953212705979,72.01795871494355,dry,2,21,sasso,63,818
764,126.02707427595837,151.50444227899612,31.154856165331434,rainy,1,10,sasso,19,574
1249,157.2916175811458,97.27857558970533,69.92141328170302,rainy,3,7,sasso,63,837
661,149.8340404849867,87.6524378913625,48.7047683480082,rainy,4,12,shika_brown,40,484
993,109.59382184150539,139.53288894596483,71.0719815813693,dry,0,6,fulani,41,460
1805,117.97222480089648,144.74970720731613,42.33281201428399,dry,3,15,noiler,52,1163
1381,125.15924201685566,180.3861246536426,79.6913536114437,dry,2,24,fulani,48,722
451,150.48465092422686,114.85450520384913,52.358568930024774,rainy,2,15,noiler,58,306
1628,115.26647607164377,157.44109353627277,40.17448687068682,dry,3,7,sasso,43,1117
1520,152.32722429932377,99.60788856489484,42.27491295632801,rainy,1,6,other,82,608
620,121.34055808658462,82.4142177982483,73.03974226374552,dry,0,19,sasso,51,318
1647,101.60980904950623,154.90362157942744,31.527289686774537,dry,4,23,noiler,30,1131
624,152.20851648456747,154.37117056117904,32.20175049074863,dry,4,10,other,18,324
1659,159.68372615374918,89.23408567230032,36.524919163642856,dry,1,14,other,66,664
1409,153.13648595377023,138.2028423197902,64.38012554148179,dry,2,24,noiler,46,866
1445,155.0498857889233,175.72661387146204,58.96736864256104,rainy,4,5,sasso,31,978
1084,113.3001154961425,192.57325319106212,71.35988492325285,dry,3,8,sasso,23,736
1326,156.66303852966794,156.80340422696491,47.99577763397817,rainy,0,14,other,85,530
378,140.16617758009258,75.21315496103121,79.74779718846949,dry,0,8,sasso,68,189
952,137.42553477450735,167.3002355492753,44.804225345089336,rainy,3,23,noiler,95,616
1598,128.6649976692237,192.34198662279525,46.47738390727118,dry,0,16,fulani,55,702
1991,109.22884540036763,107.66464959872683,63.43742009978964,dry,4,7,sasso,58,1161
1116,138.74797626564705,78.90623394018479,40.388060911295526,rainy,0,16,fulani,35,575
1189,150.0663776828457,193.63556158446454,36.467031610924884,dry,3,23,fulani,33,668
874,122.12317093711779,67.0297764055982,61.99309016900342,rainy,3,24,shika_brown,35,673
713,131.11441951753906,164.89193326864492,58.22312316457503,rainy,3,17,noiler,67,482
1081,107.32426179082256,89.93268024535905,65.85589103063191,dry,4,22,other,56,599
1150,144.37958111173464,127.51407766191626,52.71484555047178,rainy,3,13,fulani,22,649
906,115.39601340779416,105.48206334934736,74.83388245926953,rainy,4,18,shika_brown,61,580
613,125.46224870569999,198.44880062930335,73.69365763257329,dry,2,17,fulani,65,294
1123,116.53311051735865,152.17157581021505,49.61580112317624,rainy,1,19,noiler,71,703
533,115.10340869559478,130.4477112157001,45.099130552984356,dry,2,18,other,39,369
974,114.17221162184035,83.5375971948841,54.67676382160163,dry,2,6,noiler,29,716
1765,101.07899377348504,105.90275318549739,37.511196304665596,rainy,4,1,fulani,40,826
1893,149.8076087901391,139.70818226694942,32.76423587692343,rainy,4,9,noiler,72,911
1401,154.798615130257,64.16592489848011,52.00010639378756,dry,3,19,other,52,609
543,157.83235633874565,61.95809066224096,64.06937853065718,rainy,3,9,fulani,82,217
709,144.9664508073964,142.28905885459068,31.914554624397464,rainy,3,14,noiler,65,441
1605,107.05220245824599,177.34888572249753,40.17110778882242,rainy,1,23,fulani,99,714
1291,104.90092397557561,159.18505642437702,67.13649383806427,rainy,2,14,noiler,39,1162
1085,119.42180818049903,183.2164519691138,65.59805869418847,dry,4,19,shika_brown,60,641
442,109.20829057415241,179.87223969934914,59.45224189908517,rainy,2,0,shika_brown,76,212
1331,104.47785299415392,186.3710978550372,42.02232923418073,rainy,3,19,sasso,62,910
522,145.64001666092938,126.10027919349669,35.26463032689027,dry,0,22,noiler,65,243
1677,133.62472210469554,91.9739051417607,50.61066570184357,rainy,2,24,sasso,34,1271
1982,118.4722157119565,129.01413406854994,62.60162218370202,dry,2,10,shika_brown,39,1298
474,155.97455558975307,89.78483757879121,48.21045731269701,dry,4,20,sasso,62,253
871,125.45664464795873,181.44302680923676,77.42207044068635,rainy,0,21,sasso,79,442
1123,101.70001363735481,170.03096781745836,78.4666570379523,dry,3,21,sasso,45,746
880,109.5316578486071,168.08169776442202,67.96651154193506,dry,4,20,sasso,49,600
1160,145.24646173061092,88.39185728611095,59.18839486126678,rainy,4,12,shika_brown,23,846
1787,108.20668366383859,161.90702246489082,42.78505650641101,dry,4,21,noiler,47,1258
1829,155.244501356732,162.6299082916592,53.32747042870888,dry,2,16,noiler,59,988
712,121.4045073427546,116.80608938521056,77.58981721856692,dry,2,2,shika_brown,45,458
1251,144.05102017168616,129.49207256305408,54.05123978388725,dry,4,8,sasso,42,855
1243,124.03569562672857,185.2827888935916,67.75632778304626,dry,1,12,fulani,69,497
1134,125.4041330100061,87.36270249673245,47.30094997204918,dry,4,22,fulani,29,667
1772,155.93012062217826,75.10626872742083,34.716762945648945,dry,3,23,sasso,61,872
752,113.68034064146876,135.4508151446871,47.37519416141241,dry,2,5,noiler,71,470
1550,142.5937657519014,105.92915986907559,58.064474523495576,rainy,2,7,noiler,81,848
991,134.12578983070793,120.78704284413881,65.64847808233063,dry,3,1,fulani,96,396
1176,159.38785120969877,164.826192222215,31.70204678593242,rainy,2,8,fulani,85,470
662,135.64607770511785,177.90876557052934,32.532290257081726,dry,0,15,fulani,27,308
1418,123.48407767436792,62.68926022939843,38.52591918266793,dry,4,21,sasso,55,771
430,145.03994581289396,173.08078450494838,69.77064903677882,rainy,3,18,noiler,64,283
1269,145.33543485226448,98.26081180755159,30.305070559523806,rainy,0,19,shika_brown,77,622
893,117.21848952527785,80.00225631014393,63.765579589287285,rainy,2,20,noiler,33,750
1839,144.10855212082743,85.63710782258806,46.920784554755464,dry,0,16,noiler,69,736
778,135.8078403046348,158.76688428610467,67.42443811701429,rainy,2,21,noiler,36,641
664,144.42524113251523,73.34331087445331,40.35349233702884,rainy,1,17,other,73,346
1217,141.69056592018526,131.1554738190011,37.87754389249227,dry,3,13,fulani,92,522
1723,154.89832965678278,177.8647066215226,50.76714123300787,rainy,1,16,fulani,71,689
1961,148.6209126902616,198.94222293100293,34.387786291848094,dry,4,13,shika_brown,29,1326
1662,118.82552861610517,197.74989606899652,74.97205989122932,rainy,4,23,noiler,69,1108
311,143.60871087925267,91.00331514235745,39.91954757436533,rainy,0,1,shika_brown,82,140
1685,115.31779120258064,109.48453967438381,37.14169378377137,dry,1,21,shika_brown,54,1037
735,123.48748743769208,84.86528860275257,36.679877994800776,dry,0,18,sasso,67,348
430,148.9608896045729,184.8873014646358,48.89338707254427,rainy,0,17,shika_brown,75,196
1665,141.16865344221895,107.91377319079163,45.575011330456135,dry,3,4,noiler,93,740
1618,111.68477717657157,118.8824246993314,74.39204889076873,dry,3,8,sasso,81,791
334,119.84576164806504,181.57938016008052,63.92644259379928,dry,0,2,sasso,64,172
710,153.3866141108995,152.27441208782733,43.751141557325475,dry,1,6,sasso,34,430
1089,101.7157882242893,137.15409469789594,34.10907573987525,dry,1,22,other,30,675
807,139.6032844647446,190.28048454060956,33.72512345090916,rainy,4,17,other,47,558
673,104.39084274600953,65.3612435419983,33.198014186026334,dry,0,16,shika_brown,20,376
1423,131.05516804257778,104.55524927865821,32.176568089400895,dry,1,9,other,66,677
1956,111.03306356120973,132.12619509078797,60.30403887510788,dry,4,2,noiler,59,1187
478,151.90286553325552,66.56637129371431,49.032303086577734,rainy,1,23,sasso,92,233
1036,154.9766204337724,187.21028195668845,42.48255205663949,dry,1,5,shika_brown,22,630
1830,100.25999898896693,92.60821614413717,51.977667303811366,rainy,0,10,noiler,33,1126
1901,127.88625960795036,89.67574721851385,45.867394940991815,dry,1,19,fulani,53,914
417,141.375909735515,169.9797257543509,59.6663851382385,rainy,4,20,shika_brown,53,306
1500,118.65801854698859,70.80306104727593,34.806266457514916,dry,4,2,shika_brown,39,875
1014,112.83890102363014,161.51538226786386,45.043915893044094,rainy,2,13,fulani,68,533
655,131.9398666815219,168.28914514221444,42.89261111889392,rainy,0,10,other,62,340
1493,106.92006260842481,71.80376263114607,75.50097133543028,dry,4,19,other,56,760
1781,143.55343661586366,142.55969851695738,32.561670684126334,rainy,0,3,fulani,88,712
306,118.06445392887112,80.60882667625091,30.373559277180952,dry,0,20,sasso,24,175
1758,136.12502325558256,172.19156435770213,52.63393053797414,dry,2,10,fulani,50,956
403,116.13692680448682,160.8786884551355,33.91818648972682,rainy,0,8,sasso,27,289
1033,121.17706373628644,140.29228588875833,46.268491829521295,dry,0,0,shika_brown,80,422
1332,135.17865909999625,64.75401668244527,49.80737690224217,rainy,2,9,sasso,92,686
760,134.08685086031124,132.1629104244572,42.767645668385,dry,1,21,fulani,41,409
1828,152.77637212367085,83.19434571406737,43.22525449324243,dry,2,22,noiler,80,786
1509,105.65976479570008,89.82030685862037,43.5808399539001,rainy,0,6,shika_brown,61,800
1290,147.8466518476738,108.14331136066932,41.50061360533006,dry,3,10,other,45,810
1509,153.05255215071375,143.3644173826905,52.333415373869066,dry,1,18,other,83,641
1300,151.95908605501666,192.26512157934062,36.2885761889093,dry,1,21,fulani,21,624
1739,133.36713914659447,153.96940882984376,48.554532020786425,rainy,3,20,other,78,976
1401,114.1605156597029,69.4916905770521,42.29494553400827,dry,1,3,other,18,711
1478,146.52681220330385,186.6528437624701,68.20616739825667,dry,2,21,other,41,881
600,148.55084240208305,149.79451824157854,59.03230341105976,dry,3,6,fulani,87,240
1527,111.82215578517815,62.263311331903594,36.59212288961364,rainy,4,11,sasso,93,775
348,133.3358471745981,75.54932212310155,68.82791423380162,dry,4,4,other,76,154
1235,148.83038056216915,164.58095227464923,60.45738690921264,rainy,0,14,noiler,97,574
1186,122.308261593407,195.21081181741806,63.02157545801317,dry,3,1,sasso,72,588
1657,151.61133869704827,81.33213253609208,51.94356095014296,dry,3,20,noiler,83,663
1652,154.87493003775933,90.34410025773653,73.05773080632935,rainy,4,2,shika_brown,85,680
1368,139.9327649770735,132.38731041541436,41.33775082148641,dry,2,10,noiler,56,928
1097,121.5300257100679,178.56638198684635,66.19076547413327,dry,2,1,fulani,78,450
584,147.54573984376526,97.46869610949494,48.576453273500135,dry,3,4,other,86,274
1739,126.08833191426774,144.3216765353615,49.324961266278535,dry,2,22,shika_brown,91,867
648,152.50947688550605,141.79686056294966,47.68549666595123,rainy,2,3,other,31,380
674,143.99400387405666,63.20607175818523,34.49314005587551,rainy,3,23,sasso,19,522
377,146.83798507637283,66.56734144442274,65.25255843871406,dry,2,1,sasso,87,166
1782,106.26722627739235,69.1304787632218,60.003683150868554,rainy,2,0,fulani,44,911
371,103.1122258426396,140.38605781815167,77.94391595592289,dry,0,3,noiler,82,148
1806,110.67744361448524,123.21403983148605,77.37986006141836,rainy,4,13,fulani,23,984
1048,134.92165139227782,174.39513577474793,55.56099578223049,rainy,1,24,shika_brown,38,805
917,145.37576265925676,155.48048778347277,35.28961223957682,rainy,3,17,other,81,422
1236,124.5637858898392,155.7273755010276,38.2801499906617,rainy,1,22,other,38,849
905,150.14499316084738,149.185421341214,52.87455122667146,rainy,0,23,shika_brown,79,363
1166,133.84880482978704,116.87917076960399,59.52555802186527,dry,1,18,other,53,684
1639,116.73849722754832,188.22083012689941,36.26853527939601,rainy,1,11,sasso,88,929
1698,155.03800358724743,95.04155298526614,58.45799086256506,dry,3,0,sasso,67,679
718,128.10355547026296,128.67593368505413,52.99553018101014,rainy,2,6,sasso,98,412
960,115.10299695548409,152.45881166814252,35.846796912533094,rainy,0,10,fulani,71,393
1691,142.28792768859063,177.19593795849204,78.75894955556672,dry,4,21,fulani,41,925
1408,117.56079231403774,66.94579134867926,73.26352364095733,rainy,3,5,shika_brown,96,670
1070,110.64833429565702,148.26895996833628,74.27808118668334,rainy,0,3,other,40,593
583,107.77305766259441,173.49886600423034,64.78942944909852,rainy,1,4,sasso,38,481
575,100.14268185594321,163.27909386521415,58.29725567793366,dry,4,16,fulani,45,297
1249,109.60065251552972,175.09453926191827,47.77434377325919,dry,1,7,shika_brown,82,625
1154,156.16158621397858,89.54927296298371,72.4889784713815,dry,0,15,fulani,87,462
1147,122.05628072714276,76.34990578761912,40.84642289329945,dry,1,13,noiler,66,651
827,147.94183690506745,196.69203970083407,73.01817129648929,dry,3,4,noiler,23,517
1177,150.75129534150182,143.61141638500152,53.84779588788065,rainy,2,23,noiler,88,632
1312,155.65721988744633,60.1906691413909,76.95845574127031,rainy,3,14,shika_brown,83,525
515,104.47018985662139,84.61867583386679,35.69190419441563,rainy,1,21,noiler,37,381
1168,132.16812834371137,111.83393763364433,63.78039540547656,rainy,3,10,sasso,55,844
662,121.01106299148432,115.9385768520579,69.11449774800607,rainy,1,15,other,76,365
927,112.13744926832094,81.74032874648407,66.89153421280349,dry,0,6,sasso,91,380
1119,111.21519611549836,174.34709893848623,50.61250617982835,dry,2,2,fulani,35,613
1931,145.62847508716567,76.39627604619805,44.795028198728204,rainy,0,6,noiler,38,1069
1870,118.718411852989,116.32622905932107,34.98716736144044,rainy,2,10,shika_brown,95,853
1378,119.08887009004346,164.3485250639044,55.50497860881102,dry,4,11,shika_brown,88,701
1118,100.78011398878247,192.07326698396338,52.268191572148396,rainy,0,11,sasso,74,575
735,152.67828979876566,186.7640833570042,32.47402705190294,rainy,4,13,other,38,430
397,113.07663161057417,178.28993169461893,53.29569302587942,dry,3,4,sasso,56,262
1973,121.14140102945149,191.20575704662673,46.88672001138386,dry,3,19,shika_brown,54,1276
1523,102.55730858397801,113.07426686330831,70.3831907847311,dry,2,13,shika_brown,86,657
986,129.56831534728542,116.94080095662974,60.73767955872695,rainy,4,0,shika_brown,20,638
636,125.62696508189077,107.58769854076833,46.91327236050488,rainy,3,5,noiler,23,537
952,147.26314452847998,150.24021318480823,31.900067388781224,dry,4,0,fulani,24,432
1542,130.17575286225735,126.45524071551102,45.0986068870923,dry,3,18,noiler,39,1169
1336,128.6818465464885,186.53218592672036,33.428864092356214,rainy,4,6,fulani,23,723
1940,157.88927078740366,171.90021867453038,54.64339894192076,dry,0,20,sasso,23,996
1933,103.83483854518336,84.62272271031823,35.65126510267811,rainy,0,12,shika_brown,31,1137
1615,105.18320450643861,144.49165071397817,64.37253498000034,dry,0,18,other,84,646
1232,113.60060291436012,176.0176386450754,57.69020425796107,rainy,0,16,fulani,53,666
834,132.85202611055925,190.45295824307416,43.299685410595565,dry,3,24,other,92,340
1879,151.63037552886416,177.59894227553752,65.93608210131171,dry,4,13,sasso,72,982
1345,153.75557907130136,111.41811206721145,50.41934591338518,dry,4,20,sasso,33,833
475,155.8147131348995,185.7205446427771,33.36781082201124,dry,2,16,other,54,214
1815,159.13229279044268,182.60841313980345,44.82014144333083,dry,2,17,other,77,749
871,157.5474313638352,132.82114349957425,79.83398695768882,rainy,0,23,shika_brown,60,409
1059,124.07688924803435,186.76950051511784,34.66722622385307,rainy,1,15,noiler,65,655
1041,142.5137058571589,141.88395702573777,64.22311129886612,rainy,3,14,noiler,40,835
1243,122.9884852573061,176.99349294039718,32.61676094698721,rainy,3,9,noiler,98,716
1407,148.51237557560694,181.6486056338996,62.84752121615108,dry,0,1,fulani,74,563
1153,117.68576368656491,73.2684513169728,61.79340764435398,dry,1,21,noiler,85,559
761,108.94016173754588,67.78293335144426,43.57344315492212,rainy,1,0,noiler,85,383
1335,128.84834765611802,71.76206537556078,33.992914769663216,rainy,2,21,noiler,96,737
649,138.55968450402264,63.716487081992014,54.9835455980742,dry,3,2,shika_brown,34,476
1174,155.86592931435575,163.1269805132086,30.94503636657087,rainy,4,18,shika_brown,88,492
632,102.53476657526879,103.00610742643352,70.19186717312556,dry,2,20,fulani,83,261
1252,157.19212472518632,79.26490258258033,78.93489423955145,dry,4,7,shika_brown,35,689
895,133.87663050784067,104.4288244693764,65.62175687199057,rainy,0,9,shika_brown,50,591
1554,143.35245319994635,80.27598505720626,51.930681247340594,dry,0,16,other,68,622
765,100.21042910864168,184.81636299962742,66.84509615697411,rainy,0,18,other,38,449
367,153.13835820289404,125.94350534729594,56.80718059398349,dry,3,4,sasso,67,174
371,152.78988976719907,119.64459892227535,66.13615752044683,rainy,2,22,shika_brown,88,171
460,115.3490130005539,157.10460786906307,50.25792022000179,dry,1,3,fulani,78,184
933,119.25431181821548,150.76326045778228,55.398806162206846,dry,1,0,sasso,25,542
1628,158.09420115817846,69.25461066435325,71.5194433015381,dry,3,15,fulani,96,651
1564,134.4860736653232,195.21406285860212,69.27883148894807,dry,2,15,sasso,31,1133
909,128.95431722060655,78.73954505327175,43.235528197344216,rainy,3,20,noiler,50,734
1035,147.93357429147602,98.68292670676725,41.804959500446586,rainy,1,4,other,79,414
587,140.91205351158618,80.20003087985143,79.35775702136343,rainy,0,17,shika_brown,38,373
1897,143.16489278741193,117.89700917635317,35.15700314475805,dry,4,4,sasso,68,1008
1552,124.44880507102826,160.59469564094277,40.31039486927256,rainy,0,19,shika_brown,64,957
390,106.02320061961699,85.34166783780972,60.66416853585976,rainy,3,24,sasso,81,227
304,135.42329254855255,174.68257768336088,42.23190215472552,rainy,3,12,fulani,28,189
548,117.10470206660631,179.2171088517914,52.247621812207726,rainy,2,15,shika_brown,20,443
421,135.89154891086633,177.4111957591017,44.06885303563212,rainy,3,23,noiler,67,288
644,137.3396306975106,181.60873119878516,45.24255773661153,rainy,3,7,shika_brown,81,361
538,102.42074552394207,165.30968377598364,71.46422478725125,rainy,4,17,other,18,358
1319,122.32966598911071,72.16459125924673,31.070776933534283,rainy,4,12,noiler,91,659
751,106.47094381503456,142.80871946136284,33.09358024522307,rainy,3,21,other,19,515
814,106.64377066237095,192.87127839923548,61.12350581758097,dry,1,8,noiler,62,488
1633,124.36971691059004,87.54555344642336,48.71003711235724,rainy,1,2,shika_brown,43,1084
774,124.52604162394056,66.30718314320046,59.23911015540156,rainy,4,9,shika_brown,62,517
1666,123.89066707882414,163.2859376936339,31.251056389347887,rainy,3,16,sasso,99,908
350,152.85374820473697,84.46333292976055,75.80961044082785,dry,0,16,sasso,60,167
1401,143.3115791815726,101.78730208260909,41.12180767933627,dry,0,10,other,20,683
1492,150.84921143984698,111.3244433957577,59.08068599099431,dry,0,2,sasso,55,758
685,126.5120399602967,163.32369180119957,68.44342196161867,dry,0,11,other,98,276
788,150.44327715972466,129.85429814787977,33.327318401991135,dry,0,1,noiler,18,405
1449,120.73220546174079,169.38833361345922,69.18053677966839,rainy,1,13,fulani,87,602
624,124.3696895922545,146.82965195853484,50.33319646164968,rainy,1,16,fulani,49,404
1419,101.48433445227299,74.76541665279134,52.26524373227933,rainy,1,9,shika_brown,90,715
499,146.50280892899204,97.50933606403757,53.2723156785081,dry,2,10,fulani,86,200
809,122.28144559136932,90.65340614170246,50.43145068596416,dry,3,19,other,20,524
1263,122.48128124361368,145.7778525826551,32.89872230289565,rainy,3,8,shika_brown,62,764
1332,150.16350342508207,135.76191349073554,74.27588599320113,dry,4,24,noiler,19,960
531,140.98482484279828,149.31085880106917,66.42689649097332,dry,4,8,shika_brown,21,367
660,154.5569608698181,129.6146835387363,40.791081894976884,rainy,0,21,noiler,72,314
1133,124.85372658047842,93.54065993678563,72.17452402634761,rainy,0,21,noiler,48,714
576,125.00563465606206,65.87224344012009,65.99607260852275,dry,2,1,noiler,60,340
1737,148.19910804268838,96.7846162047074,73.96319914426203,rainy,1,21,noiler,59,1050
1475,119.2237927804549,61.64123647753697,48.36070288636546,rainy,0,23,sasso,90,621
1282,124.80353228068793,60.57506188824332,44.71229770405071,dry,2,11,noiler,37,861
884,136.4093553931418,164.3250458898758,75.10805585217236,dry,3,12,noiler,40,658
1330,142.2368605973658,180.4846863795056,45.35244421784162,rainy,3,6,sasso,72,778
1587,100.37932537255901,154.28725892576966,70.5938779278217,dry,2,11,other,37,985
1138,115.84612325926065,107.56257874830408,75.37773896746214,rainy,0,3,shika_brown,53,594
1078,120.25227673788243,174.49035776924904,59.75380347981324,dry,3,22,fulani,51,566
1551,109.43911563767621,171.68534301342606,71.45085669807276,rainy,1,19,noiler,23,1151
1053,137.4377434597136,171.52989672325035,30.164146014410772,dry,1,0,shika_brown,91,421
847,109.13310198125797,168.48653581561672,35.62633951563994,dry,1,16,other,59,467
1472,136.23225727730278,95.91318916138589,48.26117326621278,rainy,2,23,sasso,44,1096
1951,129.37976279350465,96.08739058471704,49.69105847987996,dry,2,13,shika_brown,82,877
803,146.6776380373346,140.95179655031424,59.27513788322433,rainy,2,23,shika_brown,24,598
890,136.8939909342903,74.8162277728234,58.50519212950868,rainy,2,23,noiler,41,689
1001,101.85955479645008,158.58045913031665,31.324003902652166,rainy,4,24,noiler,30,752
1780,121.45014400986747,79.92858965472536,54.705330997967344,dry,3,5,sasso,84,785
994,116.28320819767008,189.175043708925,57.545865378326724,rainy,1,7,shika_brown,59,741
861,155.13136653554497,61.48669254677439,79.4585200383547,dry,0,21,sasso,66,358
312,139.95617906540093,82.00492376680322,77.84981409046975,rainy,1,3,fulani,18,169
1196,121.22223748584868,143.1946008563072,62.27463461807188,dry,0,3,fulani,62,478
1227,156.64866308611698,117.51768601985151,73.02251491881887,dry,2,24,sasso,85,521
1885,106.26720728292298,66.62240124049305,32.25089092765666,rainy,4,14,shika_brown,71,1008
1632,108.37345074135233,173.76597393885692,62.663676047946076,rainy,2,21,fulani,61,753
1892,149.25350410247978,147.65814498972753,40.72019583153129,rainy,2,23,noiler,59,1206
727,158.88772668874697,92.36337431815812,74.77960592506706,rainy,1,13,noiler,49,488
1214,119.73167754655148,121.4182431848183,60.12507145163836,dry,3,10,noiler,64,729
1683,107.8155565631845,132.68796762242965,42.303430498605266,dry,0,2,sasso,53,926
1641,104.88768330375345,70.99642837623632,71.78229688789351,rainy,2,7,other,58,862
1340,153.0502251935689,198.3952860679917,32.49858642214146,rainy,0,7,shika_brown,67,598
793,150.73597204866883,110.87975592526055,38.739147123215254,rainy,1,5,other,68,393
1366,148.49982471275695,139.0550518044136,74.42220358794015,dry,0,8,fulani,65,546
344,113.29887533155781,190.15347438143536,42.12322954669079,dry,1,0,noiler,32,217
523,158.10046146041836,107.16988160160244,72.2185560098548,dry,2,12,other,38,312
1089,142.2614510572049,101.1347159400062,77.64785244499382,rainy,3,13,other,65,547
1048,136.16202426849702,159.39839646359954,60.85666196241995,dry,2,3,fulani,60,489
746,104.50136560437257,142.9790840620539,55.60020182201582,rainy,4,1,shika_brown,37,524
1101,117.62270126705332,70.04903069407985,38.475213628705205,dry,0,17,sasso,25,628
727,102.62805981747287,164.34769534513924,63.99549654044839,rainy,3,18,shika_brown,57,470
315,110.63711922006074,113.88347318101913,40.26938803392372,dry,1,10,sasso,40,247
1077,150.31822293530377,115.56084951630251,52.78375635324447,dry,0,24,noiler,42,611
1209,126.4557081597789,61.829768228242365,30.44692887840241,dry,0,6,other,83,484
1179,154.41047736657308,117.31412166231911,71.83852151379662,dry,4,10,fulani,95,472
1160,152.94198069232385,170.036337933524,71.03745122056445,dry,2,0,shika_brown,76,464
450,139.15191437301138,82.13506095344555,51.553709257825474,dry,4,9,shika_brown,76,255
824,120.99077608144933,77.37129533675983,31.75945422700799,dry,4,12,other,78,352
1253,130.13088759580262,66.12327792130932,40.391865456317944,dry,2,22,shika_brown,89,618
979,122.13444061680053,99.91338723025999,57.81104036624596,dry,2,23,noiler,83,530
1444,159.52049398012016,118.15461827888655,76.38826993443428,dry,1,0,shika_brown,43,696
1968,130.2025679401743,96.91671133353017,31.518658389281175,dry,3,15,shika_brown,61,1031
1492,136.84626248921793,192.04123088954108,36.632151201330075,rainy,4,21,noiler,55,1119
1409,146.92669726782344,186.54620254059742,52.58932748803994,rainy,1,16,fulani,22,910
512,134.29619771416392,87.13397602419396,41.500617000758226,dry,4,17,sasso,87,287
694,139.96070747657117,194.08785934485192,43.6037078011708,rainy,0,0,sasso,47,386
1454,123.2385518834433,160.48742685827636,70.05477882154072,rainy,4,11,shika_brown,75,953
1750,139.5828959868885,126.96125176760745,78.07846357748429,rainy,0,7,noiler,42,1108
1894,118.91417536206248,108.46102071007707,74.63224698985543,rainy,4,21,sasso,97,979
362,133.3677960068287,84.25754749263855,72.85575750125531,rainy,0,1,sasso,19,231
1586,140.77766180151977,129.65719949279693,67.67234881175925,rainy,3,0,fulani,65,679
1147,155.99756755466328,91.47369270894069,57.67509365493429,dry,1,14,sasso,48,628
1799,150.0342370517335,166.7356468564608,64.18792252159841,rainy,1,7,noiler,18,1302
1832,145.42477979590342,190.5573607396805,67.06989680808388,dry,3,12,sasso,73,936
1608,108.14735069457474,112.64741316910133,76.86360527346346,rainy,3,7,noiler,52,1165
1532,109.68240218852938,75.54974080362805,76.74771134938428,rainy,0,6,noiler,33,948
1366,126.15688888241891,125.40370353049813,68.93987779235647,dry,2,4,sasso,66,893
1804,117.62641570251202,86.81936940003868,31.02477481790678,rainy,1,19,sasso,31,1219
1045,133.71417990129694,178.98730112312683,71.4216794016458,dry,2,11,other,44,653
1947,114.1786099944275,156.10500121409322,67.34705243316657,dry,1,12,fulani,26,1088
1693,115.636682248486,68.32629652275664,74.24765263754185,dry,1,19,fulani,65,680
1658,119.54335738998992,64.24637816593575,68.78364035362291,rainy,4,23,shika_brown,69,957
1988,109.21991890996814,191.3977837981869,58.09942936694311,rainy,3,3,fulani,96,874
432,144.97445218583505,175.05048509819875,53.8781804873902,dry,1,5,shika_brown,72,214
1337,121.60572144527951,194.6957299802299,52.01397617074119,dry,3,4,sasso,28,992
992,149.47995403105685,117.57339537969699,58.586835378598394,rainy,3,2,other,98,406
1668,155.1687938483082,99.17319417257562,31.616323218388754,rainy,0,23,shika_brown,99,667
1345,113.34346155937322,154.9005196058835,52.70563431780405,dry,4,4,noiler,21,1011
1218,128.50515451364166,88.59015987121107,34.96171619957405,rainy,2,23,noiler,89,651
706,133.28641970661886,187.105694795808,36.9315613831028,rainy,0,18,other,68,380
1623,122.99526601795384,125.54305506099654,72.74589757402806,dry,0,15,sasso,59,835
1189,138.772008085626,117.52298704083474,38.24940660224048,rainy,1,23,shika_brown,83,639
391,148.97187939404284,199.45353963834262,32.24335831394623,dry,0,6,shika_brown,73,164
1959,107.15084315394179,102.60823352265456,66.67823224816075,dry,3,17,other,88,819
1902,122.61354504875273,89.32156837229454,38.81671363455845,dry,0,20,shika_brown,24,995
1586,131.66607350865084,130.63558488710578,76.04862346055762,dry,0,20,sasso,78,789
1183,132.1161064977159,122.68406291678707,59.181923975882334,dry,0,24,shika_brown,21,738
1477,149.788842211974,112.6821623147479,62.75054970416315,dry,1,3,shika_brown,77,627
715,150.4496187751942,132.27245133519443,73.47529502614532,rainy,3,3,shika_brown,73,363
1422,143.2917082653077,131.50739693106735,77.24468689663257,rainy,1,17,shika_brown,30,1079
444,129.57220197086735,120.32426659730035,41.42945446481577,dry,4,4,noiler,93,233
1117,129.1928365396575,129.81011539224636,60.79348927801544,dry,1,2,shika_brown,96,520
1812,146.10758369593782,158.18245982964737,42.56543619626231,dry,3,24,shika_brown,28,1212
1495,146.976887364073,143.35542696224786,75.3082998656665,rainy,2,7,other,94,646
1223,124.07052526835312,160.8936420922322,77.70172443456784,dry,1,19,other,90,511
776,116.5626094588226,149.18796528639504,65.70868725381976,dry,4,21,shika_brown,34,603
535,103.36829601081394,122.18327211895405,70.51220926820542,dry,1,2,other,87,246
644,128.43617220996913,147.01969171164467,71.91717354477755,rainy,3,24,noiler,90,378
316,133.7703890205242,101.161296935829,40.45423297722209,dry,3,7,noiler,83,179
627,136.51197908687143,65.094052099052,64.83699770022221,rainy,2,24,sasso,79,379
1341,131.9231356229923,76.05542101194459,76.75581205946946,dry,0,21,fulani,63,536
535,133.74507257101425,157.18108542490353,79.77710397961991,rainy,2,11,sasso,97,289
1813,152.18537792352242,170.49791032872008,32.014099426607714,rainy,3,20,fulani,51,900
677,142.50337230618567,128.97162797141846,60.82506743860719,dry,0,22,fulani,54,289
1163,129.36215951612706,154.26804340061918,55.268384141018316,dry,4,13,noiler,84,664
1327,112.580179250474,193.93145378206052,75.6743147864835,dry,0,16,other,31,654
822,100.33413163741967,155.0592272343474,54.461325524500765,dry,4,16,fulani,95,329
1190,107.54713061068287,63.343986580095056,34.06282084893459,dry,3,12,fulani,38,529
1512,145.00067052798946,97.23735812393625,47.394940586684726,rainy,1,2,fulani,57,708
1832,129.50873163824036,93.75441844692888,43.95185375406478,dry,0,9,other,39,811
1735,127.25701172078621,61.61021704579902,65.87539450457933,dry,1,19,fulani,69,694
656,152.2750332649079,143.72310628947417,72.4334922167193,dry,2,9,other,36,384
314,136.00706559808808,80.63294684925509,30.349809273824338,dry,3,17,shika_brown,36,205
813,112.00953103922932,110.10285150105476,47.7153333125258,dry,4,11,other,90,349
1927,107.41356045159412,165.42417871298568,59.96895310670594,dry,2,18,noiler,68,1061
1502,114.63038433134804,173.18678458113152,61.03996140767539,dry,1,14,noiler,67,961
733,128.97455444826892,150.1838616295994,60.12705225303043,dry,2,12,other,61,396
538,151.78218959465505,189.17709188201061,54.12131821782064,dry,4,12,fulani,28,281
696,126.7870054666818,145.6368271547123,76.51118671958011,dry,0,4,sasso,45,401
1600,153.29759785060267,192.57379753519967,76.61314682710184,rainy,0,12,sasso,25,909
1466,117.47124752911353,90.32563214534781,54.20728252215959,dry,1,22,noiler,74,697
1042,137.55172780651,71.35605397515727,67.83664734082609,rainy,0,23,other,71,523
1963,139.98072060548753,120.4556410815766,31.238558781657417,dry,2,1,sasso,38,1183
1404,144.2598189416634,188.27116939581663,64.00176722048329,dry,0,18,fulani,95,562
887,106.72055121767461,108.97788200177033,38.19148042462446,rainy,0,17,sasso,40,584
883,115.64754893317964,164.28033450004807,36.34180500302453,dry,0,10,shika_brown,42,559
1467,114.94781711937927,142.49074207658924,53.54876483004607,rainy,2,9,sasso,90,735
1725,119.10420645534202,192.49624288843785,73.97790466553576,rainy,0,13,noiler,95,743
1699,141.40558732310288,179.71307466312476,60.52146463397034,dry,3,13,sasso,30,1222
904,104.04739887702557,131.12679701914337,69.48209508207121,dry,2,14,noiler,46,658
1012,105.44160545160008,141.41511829779495,48.7957596592654,dry,0,24,fulani,48,433
1269,118.74511643330317,99.8822673568314,32.43151819572838,rainy,1,2,shika_brown,77,637
687,105.52920503205017,88.70442167037498,68.66789408051541,dry,1,9,fulani,42,387
1540,155.90598322459937,103.89894417768976,68.21887259340494,dry,4,6,other,25,808
1535,101.94438184375767,62.29646901591897,55.680972860717844,rainy,3,1,sasso,56,863
547,143.59168972829016,183.80551224488858,32.3105574758813,rainy,3,7,noiler,79,289
1768,149.83042917996346,87.8388157855523,65.96499684907165,dry,0,9,sasso,98,707
1811,157.38158006035204,96.89586002092346,44.72050928575558,rainy,2,5,fulani,56,790
1182,110.11351376321825,64.21955704479106,44.57412155208655,rainy,3,11,sasso,94,606
1111,133.47062036444717,82.81044209179403,59.08764455235728,rainy,1,18,other,66,597
1235,123.73679714812631,160.2798183730486,59.05462515895343,rainy,3,13,noiler,92,679
532,136.79296820482747,189.7375000463812,58.01416228162127,dry,1,9,shika_brown,75,289
1942,135.21085585749802,78.36089007780441,55.04218761873578,rainy,0,10,other,66,896
1573,106.89123750970455,94.48273141935385,45.28430762306113,dry,2,22,other,82,665
1326,145.20213741866365,86.70045586317576,42.910820895068824,rainy,2,13,sasso,18,970
995,133.88509381769694,159.4380595451766,37.662748115955786,dry,3,8,other,79,399
1986,126.76938870631342,107.12350409920454,77.55314048421255,dry,2,6,shika_brown,59,1028
615,146.72617825549156,127.2638248204281,33.78789010368787,rainy,4,6,sasso,57,418
1575,123.0768583507119,144.58002111991516,72.40721236484706,rainy,4,15,other,55,1022
1330,142.81149644655835,115.79395373969425,54.08156306254698,dry,1,3,sasso,22,836
1940,127.02729044370425,168.37656054845704,39.76344105170465,dry,4,16,other,68,1039
673,158.04046470376264,187.94356013159577,73.2248364813461,rainy,0,1,noiler,95,282
322,124.42790949175061,85.7027498426219,78.91113350132446,rainy,3,24,fulani,52,172
1550,118.55100394570218,113.4834492835186,54.90386723865568,rainy,3,21,other,19,1054
1496,157.67754349059607,192.63573208858648,65.58518972726768,dry,4,24,fulani,37,753
748,141.33845776253384,127.93055555276698,56.484250349180655,dry,1,20,noiler,77,392
1093,155.7374972786543,199.24140468133356,30.010158259720015,dry,0,6,noiler,98,437
994,128.55230178735195,178.76441878252416,58.15385475237356,dry,3,8,other,88,398
548,158.64021300986306,113.04802795551635,44.86324602975836,rainy,3,22,fulani,74,221
1466,147.27185501186568,177.9137594705982,72.95043053419289,rainy,0,6,noiler,42,864
566,124.1081836190646,146.28624282840852,49.113968186390395,dry,3,8,other,81,230
1317,136.06306217373344,196.35968262232603,71.63281131898663,dry,4,8,fulani,62,640
1564,113.79532794464144,138.0133645008571,42.691462617972334,rainy,4,16,fulani,96,697
1670,142.03906508138476,195.4801520973333,51.43254712756761,dry,3,7,other,25,1031
1544,101.35986847131545,181.82807437190158,60.51545592340877,rainy,1,0,shika_brown,22,967
692,114.88550836010761,60.60786988653247,31.32787240896316,rainy,2,13,noiler,57,465
1551,110.7645450514974,66.54149611412672,67.24331497442907,rainy,0,8,fulani,26,684
516,111.47142141435354,90.89567855407196,65.40695680839795,rainy,3,14,shika_brown,79,324
525,140.96778260377428,173.11600040822287,75.10105470765774,dry,3,3,sasso,76,281
831,129.6647779328809,157.89422834527022,30.234484167939954,dry,4,13,noiler,53,527
1151,150.01777596743779,134.72127810285087,42.22317991155481,rainy,1,13,other,32,710
478,148.50176915640216,61.71290320325555,68.88976664520285,rainy,3,17,fulani,92,191
631,139.4642878464442,193.23777228610518,68.86964593523916,rainy,4,5,fulani,37,358
1312,158.5486302360416,115.81254930176284,72.17036459363226,dry,0,18,noiler,75,525
1316,148.13597152460872,75.40714006500184,65.86296968494221,rainy,1,15,noiler,36,856
784,136.28487768652045,140.97756114766935,53.717152543337775,dry,1,3,sasso,73,435
1751,138.2890543724234,158.69260241718774,39.310029956312114,rainy,3,9,sasso,57,1201
1850,149.09830265204576,156.35302300370486,75.68389470137319,rainy,3,10,other,52,1108
334,106.7078651092275,90.08757776322125,72.60796419574568,rainy,1,5,noiler,98,189
1254,143.0083213740026,162.41909200146017,58.446153042256014,dry,3,8,other,85,533
1103,150.95826383521455,61.98327653469889,35.93091371899252,rainy,4,4,sasso,33,728
1779,129.9854552633973,98.76594330318807,44.520755176807796,rainy,2,10,noiler,98,950
426,133.56907826581445,109.94432779312388,42.01007629269749,rainy,0,19,shika_brown,41,305
888,145.8420442926942,194.58597812332712,50.88904069838939,rainy,4,4,shika_brown,23,627
1419,145.5963712682556,87.11081849968707,48.01356926349246,dry,1,0,other,18,688
1468,116.23941021342716,187.61156929972282,31.346432347438835,rainy,3,24,noiler,73,904
1115,123.52107535196916,160.14709441703326,35.84535322415197,rainy,1,13,shika_brown,75,644
304,118.34951304750514,145.20014312226795,51.00327994334743,rainy,0,18,fulani,90,122
1376,144.2671533611799,94.29735447484913,71.64582598905038,dry,3,12,other,96,550
1971,129.24089991212307,127.4764399985136,60.92615949246386,dry,0,11,shika_brown,49,1013
1549,155.6529028065583,93.90211995884403,48.273267247544666,dry,3,16,fulani,68,620
816,111.78669715955033,162.76824613567905,31.351941667834204,rainy,3,23,shika_brown,93,417
765,122.39629899376047,190.75597720565779,77.79269154382214,rainy,4,7,fulani,23,457
380,142.23131473893307,71.26007680928795,77.6652038197962,rainy,2,19,sasso,98,211
1388,111.28479430415439,176.35222717034762,39.67105064167751,dry,2,1,other,74,620
1680,126.95516380310718,170.7321932036369,46.59984074133111,rainy,2,4,other,25,1187
527,100.8070917582829,131.3232035487686,53.78180986546383,rainy,3,19,other,22,375
644,138.90891980972268,103.93492327587691,43.7935083913708,rainy,1,24,fulani,38,389
728,103.11208537211043,101.59676612768452,37.37537121488872,rainy,2,14,fulani,99,322
1856,119.67226969495111,145.69385799549593,74.58604378699818,dry,2,10,sasso,43,1347
1919,147.80232992420784,60.090841740811406,65.10216260712184,dry,1,17,noiler,37,1127
1987,101.09449649471988,129.50062912988474,60.156455324647055,dry,2,12,other,30,1110
1849,129.06128209651717,124.83699020347724,56.11943328607384,dry,0,14,fulani,77,740
1540,151.13973012368749,87.2154562527545,50.7943699787106,dry,0,1,shika_brown,49,692
1631,147.59088527734696,151.7461417447339,47.41601886721645,dry,4,16,shika_brown,40,1171
1067,149.3080871654925,99.95581259352161,72.38770807775248,dry,4,21,shika_brown,59,601
1760,103.0224502854365,81.46316827963383,46.02044125261232,dry,1,14,other,44,971
1852,120.84825703015153,126.60867307922528,44.78892779946844,rainy,1,1,sasso,62,1010
1237,120.31584125240036,61.56199097446299,40.035077108718625,dry,1,22,fulani,80,495
1482,151.6373912346442,62.377343554627636,36.76115590669558,rainy,3,3,sasso,36,867
1280,127.75571993709248,145.2076421235754,75.64437715851255,dry,2,13,fulani,52,646
1822,154.61184284779313,149.60350675012984,40.08963978039402,rainy,3,1,fulani,76,729
807,159.47617678853564,94.16281344553147,73.6408473005423,dry,1,10,fulani,71,323
774,157.0650328759062,68.53235773827448,43.733696375242374,dry,3,4,noiler,74,332
1066,122.81878662613173,155.49304390129694,41.81519385363606,rainy,2,10,fulani,77,504
1228,119.57956389957002,117.66161044007069,69.68539163439965,rainy,4,13,other,69,703
1643,116.77477872592226,105.33451810028285,79.94124553576344,rainy,3,9,noiler,88,919
772,114.34932393583351,181.43578615535537,35.29711937399121,dry,3,20,sasso,18,567
1030,103.84774868518824,185.29886282507783,58.72562025931714,dry,3,17,fulani,45,618
1261,104.69447502887611,90.02430827593649,61.678906713748674,dry,0,24,fulani,90,504
1116,122.64414610685874,75.60446256240068,68.87323736099079,rainy,1,2,fulani,52,614
1138,145.4782031476397,153.4887983851247,55.74072147139476,rainy,2,24,fulani,78,455
1076,106.86765015548208,64.99207013713828,75.5116405076756,dry,4,18,noiler,83,546
600,137.56493203747993,146.81127250781165,54.35213971815034,dry,2,23,shika_brown,62,389
736,121.20581789739298,80.04782330955095,77.91851164413596,rainy,1,10,shika_brown,84,376
1241,146.42415307485106,81.16199832792736,36.61370688887719,rainy,2,2,shika_brown,33,778
494,101.2929186833176,113.40660220647463,76.62670157300334,rainy,4,21,fulani,68,244
1191,112.69238218784388,68.7534884938968,39.50733333624464,dry,1,13,shika_brown,38,780
665,158.3470881437463,134.2621910063374,38.296696413114084,rainy,1,24,noiler,30,450
516,151.2923869464866,193.45176586093638,57.615723892145176,dry,4,7,sasso,89,238
935,131.88782349842631,99.5366828225919,62.183155422934,rainy,1,1,shika_brown,73,495
978,124.90274141471173,133.6336034408274,48.69148628874893,rainy,3,6,sasso,24,775
1508,103.02289135191903,113.58253405874733,32.114958351410095,dry,2,12,shika_brown,33,1002
529,127.34298072925216,131.34024671564578,45.4439604063178,dry,2,14,other,55,304
420,151.84612632742773,73.00360620950774,38.72161605059061,rainy,1,19,sasso,55,252
1225,137.35751103461237,169.25409348044468,36.17480520732438,rainy,4,18,noiler,68,835
365,105.26743754313055,143.24649943274693,58.91078406865189,dry,3,18,shika_brown,64,223
506,127.92015171481665,123.86058713977596,55.103186483537236,dry,4,16,noiler,26,394
1987,115.66418558402225,149.40353585668282,71.42190013718613,rainy,3,14,noiler,88,1260
1805,132.50164558209838,86.61076378192524,30.798918601304955,dry,3,11,other,56,858
1167,138.09433225501343,119.09123982083634,33.29450402459586,rainy,3,9,shika_brown,40,915
658,107.52382470804575,161.3935724151593,69.38752169293386,dry,2,2,sasso,66,386
316,153.50596848005955,72.882321835694,78.26084883303292,rainy,4,10,fulani,44,161
1570,129.3720635293692,118.10651850760225,66.28483018774098,dry,2,16,noiler,84,754
1509,113.16386610911668,168.1902928220045,33.02557806705735,rainy,3,10,shika_brown,53,1098
1671,151.20817523750713,128.28106084536313,59.96594848080645,dry,0,15,other,43,677
379,154.95780195425596,63.83367937646417,78.9047454139824,rainy,1,10,shika_brown,35,252
1136,146.80733638365928,189.2242335824599,78.18257575394236,rainy,1,15,noiler,66,656
1885,105.68460805267937,92.97373967602695,76.06374171664315,rainy,4,15,shika_brown,86,872
1972,113.67488446317456,104.70860071600403,75.40159928223272,dry,4,19,sasso,32,1332
1688,102.38756559096251,122.52502876682539,75.91755194816774,dry,0,20,shika_brown,50,824
757,152.76961149676896,174.0223199214479,78.21850131758893,rainy,3,9,sasso,83,325
474,136.67144927154402,155.6941725548951,64.89841316224792,rainy,0,4,other,81,190
485,130.1988062256945,101.44791819709538,41.85264633985659,dry,0,2,other,41,265
481,151.0212869664162,83.97793303552183,51.88893395626784,dry,1,8,fulani,35,232
1569,100.9946483011353,117.22728008417391,39.34150676163963,rainy,1,13,sasso,51,960
557,110.66168133096414,166.57432833435257,68.10055488076405,dry,2,9,fulani,36,325
1853,107.5991683425877,170.32545642269395,56.33492689562932,rainy,2,9,noiler,88,1060
1828,140.92233954029945,162.13666702314623,64.67536365420958,dry,4,23,sasso,70,1078
1052,104.82552899038977,62.57272669203745,51.39616934321346,dry,1,13,fulani,96,421
829,138.84680881130907,66.59841337838282,48.699820311384755,rainy,2,18,noiler,76,525
1872,133.33017709190878,93.45381899236776,75.55495184043286,dry,4,9,noiler,85,888
889,119.68927716858552,150.1773488201743,70.34939741277624,dry,4,0,fulani,43,460
1577,108.14449134054817,98.06345129286333,32.183631478300384,rainy,4,11,sasso,52,1138
1640,150.5406202997492,135.0835831404736,63.016173370665584,dry,4,7,fulani,86,656
651,104.205506692016,140.49670186762202,34.57140501999399,dry,1,16,other,25,405
541,106.72537987504467,162.89086712679847,33.509371576455614,dry,2,24,noiler,75,291
1726,156.81738221643175,97.96587185789008,63.29922443092681,rainy,4,18,noiler,87,902
1884,105.31905042964736,103.57311223238658,68.91913989681152,dry,4,6,fulani,72,754
1278,136.83688340161115,156.36409962150105,46.0979061340191,rainy,3,14,noiler,85,733
1315,118.43697673400631,104.11299983531579,57.947029494117274,rainy,4,16,shika_brown,45,992
705,100.47891270061238,195.87969894206915,71.21566415714722,dry,2,3,other,74,322
1318,118.50885738371075,96.52061324674008,42.16766721946264,rainy,0,17,fulani,47,669
1956,118.640923076918,172.16354637491844,74.29010094108065,dry,1,14,fulani,50,942
757,113.27984875766305,162.89123812090705,63.96306613271738,dry,2,9,noiler,65,458
1552,153.60517363719455,86.67741192896068,44.83229550404444,dry,2,17,noiler,55,907
872,104.17314037837468,133.5949926839515,67.4880044158263,rainy,2,12,fulani,45,531
900,136.63306785686063,152.12574541903268,62.449036359909286,dry,2,22,fulani,97,360
586,130.25192190775348,89.12099364370101,60.64090940555419,rainy,2,10,noiler,75,402
416,116.46314489985465,143.6342488029591,64.6519473425004,rainy,3,10,fulani,43,266
1782,145.6997269776219,156.79080511965074,68.51369444569391,rainy,1,12,noiler,23,1311
1542,120.21538096959014,195.8091620559339,75.00698664128501,rainy,3,15,fulani,64,785
1009,135.48768358487598,163.31132307095191,51.99460357539098,rainy,4,7,shika_brown,56,719
1790,101.95119255592971,134.6162440235481,63.595134099186744,dry,0,16,noiler,61,913
1174,101.00536153312069,80.57270374577435,79.79141871623723,rainy,1,20,shika_brown,42,695
956,150.5382751332182,105.45820096456899,54.5645711272612,rainy,1,22,other,61,457
998,134.90646531505286,94.77260414880894,31.238302396611275,rainy,0,2,sasso,25,597
1284,101.54582428206076,187.272523738038,45.09737139180546,rainy,2,5,other,24,917
772,111.340122478598,137.8487117331966,66.56239020635658,rainy,1,24,sasso,68,500
367,144.8583720031746,174.04293229885047,73.8935713838192,rainy,1,15,fulani,81,150
668,154.10255791616362,171.664550120674,32.84970922601334,rainy,3,4,sasso,35,423
1062,121.60756731964969,149.78470175094384,66.25127116269377,rainy,1,20,sasso,63,744
1998,119.39169228826222,198.7058609928744,69.0809904090963,rainy,0,4,fulani,73,801
668,102.82261987172014,169.7416171759392,52.71088791171695,dry,0,1,fulani,39,279
1902,143.9166721427343,106.29530997790675,59.36569072632739,rainy,2,18,fulani,18,975
586,141.29860861774822,171.264392933206,58.89083819464744,dry,3,8,noiler,22,432
1574,138.61700198638403,144.0921836063866,53.49774317243428,dry,0,4,noiler,68,740
344,123.42536591214552,82.45959708701221,59.06928930273814,dry,0,2,shika_brown,30,197
1082,146.90861991709392,119.92841122611817,57.62110066762463,rainy,1,0,fulani,33,515
1181,155.9558798069425,79.2848987268417,65.24073621157312,dry,0,15,sasso,20,547
1774,115.15827071438939,123.32120626149876,33.14606766654424,rainy,4,6,noiler,32,1427
1413,139.20578615572785,171.08020909529546,76.96169791732243,rainy,0,22,shika_brown,80,701
1568,124.24585151001989,80.79057806306886,34.45221799122278,dry,0,9,shika_brown,96,627
418,112.07266702382411,100.87897191833535,59.72411244130201,dry,1,5,noiler,28,306
808,118.98973852306959,132.36416416884995,47.79107821755569,rainy,4,20,fulani,68,382
768,104.70469258022139,64.08096899089846,74.64596675023392,dry,0,5,shika_brown,74,403
681,146.50352570204498,108.69419695773323,31.584759061497138,rainy,4,7,noiler,30,478
1158,156.91099058617442,179.93404857127675,71.58905780067694,dry,1,19,fulani,75,463
781,114.6533007395356,154.62442603888587,34.846255106835855,rainy,4,0,fulani,41,392
1467,130.8700766575276,150.50629897707174,36.45171691031176,dry,0,19,other,21,744
638,128.62289258202833,101.48739933159135,51.041836186313674,rainy,3,11,sasso,31,532
1615,113.04899758826386,100.09717978933419,49.24230590872072,dry,2,17,noiler,72,910
509,136.21861596699392,135.70971110914724,49.97855003574894,rainy,1,2,sasso,91,267
853,119.900735092284,158.2820187309714,77.17213365686841,dry,3,22,other,23,516
1140,118.25712245752018,73.4357464276582,38.91018027533183,dry,2,8,other,44,624
1618,156.9635962873616,178.53050950677536,30.607026123111616,rainy,1,13,other,83,647
1501,155.58702487882235,124.62414278512092,59.11913063666853,dry,3,24,noiler,61,737
1441,146.99841927885706,103.81566842173163,45.65211310448925,rainy,0,2,sasso,25,841
543,132.16171497375166,170.28464322242706,58.711758044699764,dry,4,13,other,81,241
918,131.2957106527137,132.67399085093678,46.26594139538192,rainy,4,12,sasso,69,619
1644,113.041416367578,89.87416778120662,34.0919826672283,dry,0,17,other,87,658
732,122.60231017852779,127.5881186040959,31.683259825054122,dry,2,7,noiler,45,499
451,119.47737346299235,175.16472391336853,71.40588499965288,dry,1,9,noiler,28,315
1659,141.69296842431697,70.86404297859258,72.47643647440924,dry,2,9,other,18,1002
555,121.75272166339205,82.20244237156709,70.74138306747393,dry,2,22,fulani,59,271
541,134.79584744113268,182.03126337343505,51.04326247575035,rainy,2,1,other,78,286
1348,124.00317186646188,120.29034602063973,47.3971985098829,rainy,4,4,noiler,61,896
1611,156.1610872353259,136.32263258324593,52.79798989975244,rainy,0,21,noiler,36,950
1074,153.17474443821777,179.7348849437543,49.57740649085051,rainy,1,13,other,60,588
346,119.33286727786546,190.51133729767997,52.50506128993769,rainy,3,4,sasso,94,202
917,145.14471731292323,105.20229702478649,42.66592115684264,dry,4,15,shika_brown,47,613
1311,108.10098782264618,175.7464886792074,37.19622429193447,dry,4,7,shika_brown,47,862
1574,142.91881790484976,65.40837247244599,35.79319607439507,dry,1,21,other,36,801
1504,112.31092375253795,175.1692014345805,51.05856275018043,rainy,0,16,shika_brown,55,902
451,108.71833522636145,84.68194381678191,64.96122872654205,dry,4,6,noiler,85,243
1807,130.43590957540727,102.69230440039091,40.36519522030582,rainy,4,4,noiler,81,873
1339,107.01861780207875,180.55196741171983,62.72176105019341,rainy,2,22,noiler,97,756
430,141.08060459575898,126.3324699463251,51.54144008324873,rainy,2,15,other,53,266
470,131.12389090323362,150.54301672338835,71.74989852836475,rainy,4,17,other,30,352
725,107.13663547480297,194.00196913152098,43.51852627252433,rainy,1,9,shika_brown,49,536
707,135.06827219719767,62.41591077654753,39.81244194976968,rainy,1,8,sasso,81,388
348,154.1594804067699,126.12146462872239,50.89693767444482,dry,1,24,other,95,139
441,150.53422489446828,72.88243055471247,34.73811724888657,dry,0,24,fulani,86,176
1746,122.46865327153671,96.61664381240126,38.47589966976708,rainy,3,2,sasso,44,1223
660,125.10809241664298,82.6981890921405,45.985331376120484,dry,4,9,noiler,24,522
713,129.57530676961682,74.96880650086666,77.15306059956293,rainy,4,5,shika_brown,61,502
723,141.61136597224888,60.25712963623459,71.87882155930777,rainy,3,21,other,89,320
742,139.1198973789949,143.7730072654996,59.08412205962631,rainy,2,9,noiler,45,628
939,113.93747058214738,163.72477371451066,64.4311421625455,rainy,1,12,other,22,627
1729,154.67899166716353,115.75243285040825,70.5890261632913,rainy,1,14,other,46,861
1170,152.60958603658497,198.34420589195923,67.09397408735887,rainy,0,14,noiler,84,468
845,114.0963427303058,91.8289681961696,78.37094337743667,rainy,0,17,fulani,63,358
1700,130.78953899919972,174.98744582192774,62.771070131545535,rainy,3,21,other,45,1192
1132,154.6858870450672,179.4515339068127,36.50287009631284,rainy,2,15,noiler,44,809
887,156.64044423419332,161.1786597649741,40.72673891133067,dry,1,24,fulani,91,355
1616,104.13348404315099,157.54196122097977,48.09654378463679,dry,4,12,fulani,27,868
450,124.86070237836634,96.92029640314068,72.48682766108084,rainy,1,1,noiler,36,341
1238,139.87443152535076,169.79240675235184,31.216441028912424,rainy,4,14,other,73,668
510,128.8481066133057,179.321586253504,52.24225138135414,rainy,1,11,other,91,235
489,148.9530119468384,109.69148830460969,59.7681780059291,rainy,2,9,other,79,275
1941,126.0969609204869,199.728163802915,64.78388378566524,dry,0,16,noiler,37,1288
867,104.60937899266267,147.2941579362094,33.76535756306426,rainy,1,15,other,88,379
1294,144.27068262620725,99.59200665870718,51.63901417919051,dry,3,1,noiler,30,842
533,128.6578571256425,132.92121158029425,56.45527210760797,dry,3,2,other,42,319
1110,117.30438299496407,193.10930147408732,43.29578397193258,dry,2,11,sasso,93,550
528,137.3857773239156,73.75646114646177,63.293175104192194,rainy,2,22,other,36,415
765,106.29746965622687,113.04258041555646,30.633925301365096,rainy,0,6,noiler,82,319
1763,138.39767880984996,160.04762367889043,34.6240038775607,rainy,1,19,sasso,85,875
302,156.42843565365558,157.27830923538232,50.460602478617474,dry,0,21,noiler,33,162
401,125.89168397400911,69.56906996969497,66.69866345848284,rainy,3,4,fulani,86,210
1233,107.51455157228813,186.71141693274214,52.61985096105745,dry,0,15,other,50,634
1578,147.976714769431,95.85828387532376,57.635292132309125,dry,1,4,noiler,91,667
391,124.12553591448295,180.94437478690145,57.45888460645307,rainy,3,10,noiler,93,210
1220,130.68911621621703,169.76615761223678,66.74295749773083,dry,2,10,fulani,70,531
1727,105.22828719171802,172.27580904755817,72.55593953879432,rainy,3,19,fulani,45,1052
862,146.4503287173997,95.43421341965504,65.18335284414599,rainy,1,20,fulani,42,487
544,147.88114672396972,135.6054204196476,46.866701103931206,dry,2,22,noiler,42,385
903,123.35332789134061,79.38938178062232,30.1120236536848,rainy,1,22,fulani,53,450
1024,140.20745447702302,115.79729584306563,71.59212815221136,rainy,4,12,sasso,66,717
663,122.3973663523715,67.0880954010288,59.38182573441044,dry,3,12,fulani,67,339
778,136.83875351490653,178.72423591160327,68.27216242244924,rainy,1,4,shika_brown,32,594
1803,113.1556826329191,122.65686483685212,79.69418472885604,dry,3,22,sasso,61,1093
1531,106.36494584820683,133.39096736147442,60.529069839509894,rainy,3,15,shika_brown,67,925
1289,150.20406004359478,109.08994504741895,44.825399514602005,rainy,2,0,shika_brown,35,759
1382,132.57258860121743,142.46800103435402,62.76737963097137,dry,0,15,shika_brown,94,583
435,151.98796883742884,168.9992155476775,77.66184014555311,dry,1,15,other,18,223
1741,159.845224252065,170.85163992751123,78.51467159729823,rainy,1,12,sasso,78,865
1920,148.34709952110506,195.81964604579488,60.582163737815215,dry,4,9,shika_brown,49,1041
1121,156.56144959282324,157.2663496060755,44.698630867271305,rainy,1,10,shika_brown,55,662
880,138.2584437982999,146.95779526816716,71.9204996383005,rainy,1,6,other,74,458
1234,130.59383799765584,172.84349977958706,71.67313334301416,dry,0,16,fulani,33,494
1970,139.75889052749238,167.02325287215368,33.64007569446903,rainy,0,19,shika_brown,27,1266
1665,106.04734190158892,124.31429355456592,60.285650104144686,rainy,4,16,shika_brown,79,906
1490,114.11425164846672,155.31092577994193,74.78955012884407,rainy,0,10,sasso,70,763
498,119.32416165908805,199.41198077280015,48.833631005007334,dry,3,19,other,93,228
322,150.28889162584215,66.87063903626863,73.1697733871885,rainy,4,6,shika_brown,66,193
527,135.88990090375037,131.83534355961456,67.88050582797734,dry,0,7,shika_brown,85,213
1569,158.78751330633798,171.48898826978984,46.453636080555135,rainy,4,15,other,81,735
1198,149.39799446354465,74.70822593799974,37.127734649908135,dry,2,24,noiler,81,502
1510,106.21240971536425,84.58718729859785,72.73417859675043,dry,3,2,noiler,37,1000
910,151.89120964856625,122.5019760361941,74.88801118084834,rainy,1,14,other,20,556
968,103.06538506095131,143.64576729798142,46.704672717563696,dry,4,1,other,24,510
1241,132.9574510191967,77.56442917126873,72.98145982398901,rainy,0,22,other,44,697
1850,130.50692118272787,132.94383836407746,57.73390470090443,dry,0,10,noiler,41,1182
1249,105.35746737790384,122.38774768149611,70.21096261375607,rainy,0,17,noiler,88,650
1157,158.76603667243577,95.18364675471622,39.18473706986568,dry,0,0,sasso,26,537
643,158.2465843646433,195.54512957642393,75.26025659087813,dry,1,24,other,30,343
1897,156.62648053662224,68.51961701471761,61.57464222362213,rainy,4,2,shika_brown,95,856
845,138.63901304031006,102.43052977737875,57.39417722690526,rainy,3,20,fulani,73,386
923,153.04459186027242,116.48467578696466,64.72633661303281,rainy,3,3,other,26,572
1198,154.0782391747074,132.23230395168002,58.228768344856505,dry,4,11,shika_brown,56,629
1522,142.5800169750586,182.95894210924567,53.408990813493034,rainy,2,23,sasso,33,1252
472,135.89523356214283,74.61798997817328,72.72697920218559,rainy,4,9,other,96,219
1618,106.10792443951586,131.6685571920931,66.12300754136847,rainy,1,8,sasso,39,1266
912,133.56138208698565,143.36419198394046,76.00593645951186,dry,4,19,fulani,34,464
1392,148.05133022754342,182.06545344515416,55.760379326293105,rainy,3,8,shika_brown,33,972
1362,122.32512056433465,173.2403332952819,78.66737343536835,dry,1,15,other,83,607
1233,159.0098648019537,189.2943235605419,78.847447255396,rainy,1,10,fulani,32,619
1940,153.00903628356718,114.423948145366,43.931103923230076,rainy,2,5,noiler,49,1263
1709,110.35570884597439,183.56050765160532,33.78242986657558,dry,3,24,fulani,21,919
1903,154.16983690085334,155.9779715051771,43.142311438062734,dry,0,22,fulani,78,761
1714,136.59154363222942,152.2183788693477,37.3634212082606,dry,3,12,sasso,69,1000
425,101.04255781967541,115.56941645258215,46.10921572440286,dry,3,7,shika_brown,35,289
1976,144.4218038823957,87.87766431709349,53.62407358645508,dry,4,1,noiler,95,895
1427,110.73399234396274,117.56525465441769,71.28854311755032,dry,1,20,sasso,27,988
887,146.26520753121858,151.37210444784728,49.87603865078735,dry,4,16,sasso,61,556
1227,126.60472398294759,120.4287983186552,68.6561178118524,rainy,4,21,fulani,78,491
1418,152.32053120999927,140.90804537930524,50.507790358579875,rainy,0,5,noiler,98,567
976,121.98687475517859,95.09939261379961,52.07539654934975,dry,4,6,sasso,86,480
1926,111.47994004199498,111.36346780937595,47.112842836600976,rainy,0,5,other,87,770
1176,139.01065723974776,82.46117535538207,54.07697765717255,dry,0,5,fulani,24,531
359,139.7366980748976,148.7764484948534,75.76862244330236,rainy,1,3,sasso,40,255
701,149.19486102991453,111.84695375973024,61.51859946827744,dry,4,15,fulani,50,304
405,152.4626743079278,131.39556440625466,41.69282539356371,dry,2,4,other,38,219
1539,133.1522392726033,187.91460823320924,36.22201417985555,dry,2,3,fulani,61,687
1012,153.17388270294856,181.91777868671466,78.7955080129637,dry,3,23,sasso,36,603
973,110.71767402512702,76.67589040231115,30.39175865564301,rainy,1,9,sasso,70,532
691,152.30835646584387,166.48402845452796,31.1995786727531,dry,4,16,sasso,79,310
637,133.51141055398404,69.26253175749551,59.41500575698398,dry,4,4,sasso,42,432
717,118.71827606460339,60.073374569867305,46.20467717464546,rainy,1,4,fulani,70,398
1261,101.44615040512966,76.55230144551811,45.5658327137926,rainy,2,4,fulani,85,504
1751,156.55790643626676,136.9220885849079,44.27866292888882,dry,2,4,shika_brown,40,985
888,111.62628574405007,93.12846132897711,77.9264501509866,rainy,0,24,noiler,94,410
1931,111.49416034878793,190.6390801465141,37.47813881663017,dry,4,9,sasso,51,1275
1669,109.79997331090863,77.08811269307606,71.97268579716379,rainy,3,19,noiler,29,1286
343,104.35058415092085,70.90909474578552,62.7066145889903,dry,0,4,sasso,78,137
414,114.98236891509879,163.6278850741512,45.36060452470663,rainy,3,6,sasso,81,251
1767,129.35786688947644,81.3644607413004,58.49785566085448,rainy,1,6,shika_brown,75,827
647,105.77623257512677,73.59367821826875,77.28887065699524,rainy,4,13,noiler,21,510
942,107.1691475860737,104.39580926148676,71.62461899482568,dry,3,10,sasso,89,476
366,102.72752150831325,168.5059232337823,36.629085345178744,dry,2,12,fulani,35,209
1592,157.4841433202863,126.83798516295832,41.06686040390697,rainy,0,23,fulani,52,637
1096,149.74036345836276,121.57756233039444,67.66276959767137,dry,1,4,noiler,46,681
1396,153.9569384364616,168.66687603608278,67.37539860961884,dry,3,17,other,26,779
1178,146.97899787742813,98.32117843153797,77.1300136679341,dry,3,8,noiler,21,775
1081,103.06082467393722,98.55562617001485,47.7601751136373,rainy,2,24,other,24,782
686,122.9718481583543,166.54467106127635,32.379233281891956,rainy,0,19,fulani,61,274
1793,150.19154177366661,71.44631156900846,54.13700747260693,dry,2,9,noiler,43,1066
943,105.10129457795615,148.33692779863634,48.71225533424562,dry,2,1,fulani,53,468
815,116.70067407066912,131.14362640257772,43.35512997045104,rainy,1,4,shika_brown,29,638
1553,139.38941634658013,144.94579535986668,61.83069898578043,rainy,4,11,other,35,1139
1811,135.90346383635014,70.64844633364962,50.70773404409876,dry,0,12,fulani,92,724
1957,153.041071587411,84.29548782992191,55.23084413200628,rainy,3,10,noiler,76,1059
916,150.68562182784575,187.2810029751198,62.087584109298604,rainy,0,4,fulani,95,366
1080,146.20026479514596,60.25820436855383,73.70595710490488,rainy,4,0,noiler,62,561
1636,145.58624185127067,125.40843593981802,59.953125665557955,dry,3,2,sasso,28,1128
1598,158.00897214517138,114.68211295801956,57.83117834777947,dry,2,15,other,22,922
1041,135.0981085195802,88.71549250533192,55.2990679076216,rainy,0,7,other,68,517
1035,127.56787987026695,75.53318336464918,70.86422248180098,dry,2,21,sasso,32,730
1119,153.54976584469244,165.53621098828688,58.23645002536907,rainy,1,6,noiler,93,543
453,123.31132002075012,170.10471434387,56.341754639382856,dry,3,8,other,54,260
863,103.23002196094059,156.50130249977613,43.74068663679984,dry,4,22,shika_brown,62,503
864,155.53366607268987,67.804316031121,55.40858562743976,dry,0,1,noiler,49,403
657,131.68834756301547,99.96284300489575,37.606762609039706,dry,3,21,other,20,409
1429,120.14363196765001,126.66157006780483,71.65464457252259,rainy,1,19,other,28,980
1971,122.97081105600563,83.43478626032818,42.62450631251902,dry,0,22,other,36,989
682,132.78820395524588,113.15240222506374,36.487931330231774,dry,2,3,sasso,62,416
730,141.96347404122838,138.07636635395318,31.551080385298782,dry,3,15,noiler,60,445
885,146.18037031064637,181.82942613223074,78.21560722443834,rainy,3,8,sasso,83,422
1254,105.61203777492722,129.82933403530632,39.52622645132698,dry,3,18,fulani,80,505
1577,136.24532126386447,182.1856325126083,37.299114374042475,dry,3,15,noiler,62,1107
1292,111.75407828238644,152.1769841130454,72.41626587108294,dry,2,24,fulani,23,772
365,103.20086346496548,93.2945897722767,63.99786072225006,dry,1,16,shika_brown,56,224
339,153.04870519175907,121.66708060482024,71.128104563821,dry,4,5,shika_brown,80,148
1754,147.00000600981176,89.80476882825533,66.63969273605385,dry,2,13,noiler,92,775
895,124.80012681097634,136.26753849056882,30.53337053476355,rainy,2,18,noiler,54,647
1573,142.98488277661056,145.36032437286212,33.47856320876449,rainy,3,17,fulani,38,1020
1602,143.8054142883068,127.77484589254054,34.40985960577951,rainy,1,8,fulani,86,655
1824,102.46907441688354,158.61581286592758,62.768813813211935,dry,4,15,shika_brown,52,1238
1534,118.02098816420343,75.59365245014655,64.0758539180458,dry,2,6,noiler,30,1064
1757,125.92033283897624,70.93546113998205,77.77311940177378,dry,3,12,noiler,91,773
946,100.10222968246337,190.9775093937981,67.1086702117772,dry,2,7,other,72,485
853,121.94755111001572,198.16932647184663,33.35043277142664,rainy,1,5,shika_brown,29,663
588,112.02394906965766,197.46775793573462,50.82489059162196,dry,4,13,other,76,281
1201,158.46770899736424,190.62345015735428,71.56640639898107,rainy,3,19,shika_brown,62,676
652,123.95959538843839,162.36631280444007,36.90565895672456,dry,0,13,fulani,27,326
1901,152.1838499043647,145.1824016401705,71.69328213042718,rainy,0,22,fulani,25,768
679,134.19082281682984,138.61305684245184,68.81388453893638,dry,3,14,sasso,47,492
1007,133.0381608008437,155.72430886029775,45.70282805081341,dry,2,1,fulani,90,403
1595,159.30917321921507,156.4623755736037,32.95152884188267,rainy,2,18,other,99,642
1145,156.15231250269213,183.62930814423433,59.703589580336285,rainy,2,24,noiler,23,819
1137,121.8575414449223,81.95565362755735,54.853326289582895,dry,4,23,noiler,65,696
433,135.49460924618546,105.32171378208099,60.46093448013428,rainy,4,7,shika_brown,97,244
1278,139.1872830149735,179.09758718558626,36.447908870127876,dry,0,18,other,72,606
1171,140.20761323293294,102.99535130116952,70.30197250191094,dry,3,0,fulani,92,468
343,156.5288536969835,192.73673287541138,50.91854191095091,dry,4,19,noiler,33,241
1614,105.36464504386709,183.0991766272754,59.820031858143054,rainy,3,0,fulani,74,677
1579,131.17223056340222,149.1263224386588,74.92753488658171,dry,0,5,other,92,632
1609,147.36873317745915,137.6203154058216,70.66737425999376,dry,1,18,other,50,881
1257,143.5017770629525,166.79805953268047,57.10889890321629,dry,3,3,other,56,768
309,148.2827970816196,173.5311264142361,58.44319282976025,dry,0,18,noiler,75,134
1590,158.98245822502173,129.0734609550367,35.46240415780315,rainy,4,0,sasso,92,677
1103,146.94539797002741,79.5206148195735,42.63425697304844,rainy,3,2,sasso,20,708
1446,142.44533762144263,174.79535821773334,66.01943026497128,dry,2,10,sasso,99,680
1736,154.45672710360492,71.1935377542295,55.13539520794194,rainy,4,20,other,81,694
726,134.18032800873868,155.06591222962447,34.42599312062815,dry,4,6,sasso,95,351
603,123.53755512050324,106.61466254704825,45.9464526407976,dry,4,16,fulani,70,249
1031,110.89999672623276,190.7798415481032,49.88891999393644,rainy,0,20,fulani,67,412
385,124.9169441667658,156.72355073451814,37.04820513010716,rainy,1,2,noiler,39,302
948,128.56891231533498,125.85580513179336,61.15526423987511,dry,1,21,sasso,57,567
1887,112.33513239743692,187.9120328744101,30.53502950352427,dry,4,12,noiler,86,970
1573,116.67636760558295,83.81487926241621,45.0578250488353,dry,1,7,sasso,38,968
1309,152.46950750066014,162.8482239406054,47.04164966827699,rainy,4,16,fulani,85,527
1589,152.8247812114145,77.74934093576437,66.7522903213582,rainy,3,20,other,44,949
608,135.41995315548263,73.2968173239782,46.48487657231855,dry,3,17,shika_brown,56,374
1878,128.83690721228248,198.17323608227136,75.73369378369502,rainy,3,4,other,83,854
1208,109.60716667095615,98.71607734130347,53.3778093368731,dry,0,4,sasso,71,528
631,106.16563212650426,189.64494700299412,34.32728086997296,dry,1,2,fulani,68,254
908,146.2839501877633,62.88074374143734,60.796362741779575,rainy,3,1,sasso,94,376
1575,142.81830881904546,127.84532137230408,74.06201894366038,dry,1,16,other,62,751
958,158.96804361178332,93.05933951834668,48.35466672411211,dry,4,5,fulani,65,383
781,113.07069125515957,66.07133697983157,56.9382583715999,rainy,3,19,noiler,68,510
444,159.6885044927048,81.00865076868389,34.24992687922885,dry,0,16,noiler,44,234
1394,145.82062829189147,161.72938579534306,79.57239518645207,rainy,2,5,other,82,616
446,132.6244245219952,125.87492709943422,32.407446251284235,rainy,2,4,sasso,30,326
1393,153.02949440967427,131.2244021743357,60.5125530865961,rainy,3,5,shika_brown,21,871
1826,153.33117332021047,86.86165609609647,43.77623389324665,dry,0,16,sasso,78,730
555,153.43615707814678,92.85373563873753,43.81349082754982,dry,3,19,noiler,25,390
1695,146.3135274629279,149.97212281362255,55.60787407058326,rainy,3,11,other,31,1070
1266,154.43866941919964,81.81569366250113,71.131011059711,rainy,1,16,sasso,95,573
1099,159.28716989461992,124.42205829244556,51.30633193857635,rainy,4,14,sasso,50,783
473,129.93383719491547,113.60922300356098,56.09484218539692,dry,2,20,noiler,28,364
1636,143.5103658680186,199.65451975282906,75.59738903362378,dry,0,0,shika_brown,83,654
407,147.33310021325448,66.79166626518513,65.08773802361797,rainy,3,12,noiler,49,302
1537,111.20832114720103,150.67375880222707,66.21435223188274,dry,0,18,noiler,40,1068
1348,159.17528501306472,102.65766590024589,35.445351766201604,rainy,3,23,other,95,539
414,135.41228004627027,61.07206927157246,44.54648164060788,dry,4,10,other,29,268
873,124.82781439683525,96.6205769647033,47.86461473677412,dry,1,5,sasso,31,612
571,101.11771196098734,89.27912641635675,69.46596261935161,rainy,0,2,sasso,82,279
1328,106.0510460537337,148.40711395583082,63.867396465463,rainy,2,9,shika_brown,78,745
688,108.12456493923366,185.19868529340297,32.124616145952665,dry,2,17,other,34,439
502,123.55315602071676,138.08851672734386,78.83220638413194,dry,4,20,fulani,58,225
1436,115.41041174723838,163.47585593393995,50.85295867856968,rainy,2,7,other,48,977
902,136.2476932360287,88.77434598765434,52.42904860914004,dry,3,2,shika_brown,56,570
952,147.37129722867698,82.6058674126665,43.635092490177,rainy,4,11,sasso,52,653
1283,111.9716419778932,89.91089510732914,41.5385113219644,dry,1,14,fulani,35,650
470,158.43123070894399,191.90097956268178,67.51296030693376,rainy,4,10,noiler,81,230
1873,152.65739221395108,181.29538122919888,32.865379626422964,rainy,1,9,sasso,70,941
1527,116.75253026483796,166.9031409073234,53.573742363633784,dry,4,17,noiler,83,837
1717,137.6107131100398,152.38657680356863,39.48612923649421,rainy,0,13,sasso,97,825
1022,153.5839665317166,109.28547746273836,47.647796686305355,rainy,1,23,shika_brown,43,654
1532,138.61198351224257,102.66356587003222,52.065409557756894,dry,3,24,noiler,36,1001
1734,133.41767261838748,184.46147264813328,58.50426547608099,rainy,4,3,sasso,50,1320
554,128.27642070626038,94.02810485302402,41.13348081324254,dry,4,4,shika_brown,97,283
729,127.16370449216552,166.09923815483322,68.74004663257432,rainy,0,6,noiler,42,489
1725,108.97594534989412,199.72932842877273,56.576826014130376,dry,0,9,shika_brown,81,714
1197,109.08818818317955,99.1213587811499,72.47960551064443,rainy,2,24,fulani,91,593
649,131.86269546733874,190.71101565361823,34.159447894280454,rainy,1,21,shika_brown,48,459
1368,120.0241182404218,129.79643062190968,55.25846080159745,dry,1,22,fulani,86,594
1348,159.14562054713946,151.54248223182267,51.988867360190234,rainy,1,0,shika_brown,25,831
1367,121.36051486728334,79.71560959623807,77.89213394886545,dry,1,23,noiler,36,848
1532,124.4336634361432,135.52055645732287,50.50623560756958,rainy,3,22,shika_brown,64,997
1898,124.92931420037736,150.47784355578065,37.180972213731586,dry,1,22,shika_brown,83,861
848,150.1844399262505,112.7130551001209,66.44877674399945,dry,2,6,sasso,70,456
502,132.0995840372102,151.44154532574407,44.037520086489955,dry,1,12,sasso,45,353
897,139.99905293177986,135.09943718668328,70.2594988735665,dry,0,14,noiler,96,443
488,137.55991038118904,164.71753270624566,65.64868448215611,dry,4,16,sasso,40,380
1903,103.8583192210568,111.35632209795875,59.83262703632148,rainy,1,18,other,80,887
1395,119.88166643481554,77.67836680398827,76.07812932269377,dry,3,10,sasso,27,949
1499,119.54096989246105,85.84880127327168,69.31366566156046,dry,2,2,fulani,32,744
1905,140.1240189676593,106.52235815059267,62.81620762186676,dry,0,19,shika_brown,50,910
743,159.23782176052532,146.15082706347522,52.02727540386469,rainy,0,9,shika_brown,83,297
1579,137.6321768817832,93.5786881427826,33.02992065044235,dry,2,5,sasso,97,709
1935,137.81251760674508,87.8660591508831,31.504549336389633,dry,3,13,shika_brown,68,1038
634,126.30978603271369,151.15024439167956,38.096014033219724,rainy,3,14,other,30,448
1105,136.4316964625901,109.65109457442423,65.38560792094108,dry,4,1,shika_brown,47,708
393,157.34335767863436,146.77572334069822,76.7231587653684,dry,1,16,noiler,50,212
915,140.48032979227332,102.486869853129,52.91715087461398,dry,1,17,fulani,24,534
437,119.8486668929329,139.09321918666967,39.16776473370923,dry,0,24,fulani,60,188
762,154.16836116949875,177.72699390605982,68.15543361955153,rainy,4,11,shika_brown,64,450
1353,134.27362091427895,92.12100509800449,62.54106513506129,dry,4,9,noiler,73,805
491,152.6002659557862,149.95057019282672,52.49542345175334,dry,1,11,other,43,285
996,104.65846465276132,65.22847894284364,38.70531021338693,rainy,2,21,fulani,96,399
1204,143.1851936553914,140.90629086876424,56.394004019104926,rainy,2,18,noiler,43,953
1324,106.44954239868822,187.20890708629514,65.66060489914047,dry,3,6,noiler,43,959
1126,119.75237552959268,61.41481232555262,60.751789651795775,rainy,2,9,other,94,496
704,119.77480409792443,71.81053088846508,38.56555632038754,rainy,4,22,fulani,61,398
1658,105.93054950011556,187.08705122920355,52.89281446314546,rainy,1,1,fulani,39,878
1970,133.90376924482572,138.1774829185996,30.80970879984808,rainy,0,5,shika_brown,77,1024
1208,141.83668562919843,86.39827430804583,34.55524396876315,rainy,4,0,noiler,67,610
1586,130.20958513437904,88.76893802967341,67.52054493256335,rainy,0,15,sasso,32,945
712,114.48435199269508,79.99742036483507,61.46592053284863,rainy,0,1,shika_brown,99,300
1984,137.77302197540428,109.2787487160716,51.270599529590925,rainy,4,22,noiler,72,1261
1828,111.5862256881843,145.11200194209192,74.18790329434466,dry,0,20,sasso,70,858
1296,127.99821701758805,99.93918808922898,67.13243289975829,dry,1,6,other,34,801
1795,152.64066869944082,148.97703606800633,76.98632241195591,rainy,4,4,noiler,43,1112
949,145.47396473523668,179.08847055964497,50.83844440578968,dry,1,11,sasso,52,617
1927,145.03146786620712,196.50227397047354,51.88257540537204,dry,1,21,noiler,92,921
653,151.87394897559253,106.4208541496514,41.62668945302347,rainy,2,11,shika_brown,88,367
403,120.79342854496328,139.56823306557783,40.00753990734021,dry,0,21,other,42,222
594,141.19678875812053,199.49875466389636,46.75214998324461,rainy,3,6,noiler,22,493
549,142.2805890106207,131.3470574680581,39.44869453985613,dry,3,8,shika_brown,59,326
555,125.7571673802583,181.99565294435416,72.73636530475756,dry,0,19,other,72,222
775,123.94818418562218,78.47124786629841,53.30448082146016,dry,2,10,shika_brown,74,435
1708,152.43190507151303,156.37170553739142,40.04693600736717,rainy,0,7,fulani,30,745
367,132.01041034220472,118.99881345919198,52.01672830819278,dry,4,3,fulani,87,147
1144,128.97214232605688,130.5936602172563,38.88488515032142,rainy,1,10,sasso,29,925
577,105.36248667309522,76.67770169732279,64.97115570932735,dry,4,22,shika_brown,19,411
1732,151.03855288884097,69.11080905767164,50.36389120391573,rainy,0,1,noiler,57,810
763,116.04278567733196,169.2894171573186,67.12916504118778,rainy,2,6,other,99,383
713,145.95649518302366,190.12025054057966,33.6115336656825,rainy,0,6,other,74,306
1989,111.30243085695051,108.50728537595424,78.5734044639004,rainy,1,12,fulani,99,796
1096,121.223823853431,87.40129279201318,76.73899537118155,dry,4,1,sasso,67,519
494,146.76482597177932,103.61411632690293,75.89743331880356,rainy,4,19,other,83,203
1575,141.57571568565967,181.8662930094941,58.452627111089534,dry,0,5,noiler,33,909
1002,150.52676631579004,180.3666244014076,61.38962391001702,rainy,3,22,noiler,43,765
1925,143.86779991633802,160.79267340450025,34.94952683443513,dry,4,24,other,36,1166
551,111.08464809435901,64.28606705888716,38.097087733558936,dry,1,21,other,76,284
345,105.06133562923418,135.38412652093928,43.3430385403163,dry,1,21,other,22,224
458,122.55390119579943,176.08308823931387,71.87770375214993,dry,1,10,fulani,55,224
1116,116.661506178976,73.36041486696324,56.53838049204619,rainy,1,16,shika_brown,33,800
1396,145.65698997306671,101.73023446094325,57.37924052815828,rainy,4,4,noiler,47,932
1841,108.62461679399543,63.66902268880218,55.945277098073106,rainy,2,6,shika_brown,22,1264
1938,132.0742125019283,67.34928617709735,65.57926425573379,rainy,1,5,fulani,77,793
1881,107.42135546822884,129.64228575482915,68.16594578540287,rainy,2,3,shika_brown,77,1054
737,133.57268426293805,186.71227465301808,70.73960922524357,rainy,2,8,fulani,80,354
627,103.08524514905768,171.88974743562193,56.19797149049712,rainy,0,4,fulani,18,285
544,126.1172222460737,184.3873764403109,37.38560110575542,rainy,2,1,noiler,32,401
1242,122.73854963633977,171.97780110990584,78.44923335870067,rainy,3,3,sasso,42,897
581,119.80938728626754,121.84138924665383,30.64864956030235,dry,0,20,other,54,241
1696,155.43975883767064,178.56553750247625,49.89963937712179,rainy,4,17,other,88,678
940,116.30406407956269,186.92109359232526,47.19510063282701,rainy,3,6,shika_brown,68,631
379,151.84123498532838,123.34242493917338,34.7269777306885,dry,0,18,noiler,84,152
1063,152.65206127309932,153.812441868979,47.35761800871816,dry,3,3,noiler,39,718
1502,102.28953841324241,149.01708991281646,53.530946214724764,rainy,2,24,noiler,99,860
1327,154.51444376285457,100.10531308012361,36.80180200025782,rainy,3,17,other,33,739
854,156.73656102869734,97.80925001725291,37.269182747542985,rainy,2,0,other,36,432
1691,139.01634620282658,191.1637598390772,32.4528724602033,rainy,0,2,other,65,724
1135,124.31247168747257,191.86105666997375,37.782782063470314,dry,3,13,sasso,19,814
1294,135.0418528265878,136.1950399719966,78.78698257990332,dry,2,1,other,99,518
1215,115.63469297100653,171.89731111335414,45.04665990499276,rainy,3,6,noiler,64,829
397,142.6048249301722,62.06900303784488,64.74332462722217,dry,2,18,fulani,82,168
1136,127.38212709284466,108.18340355983824,54.95312319279772,rainy,2,18,other,93,574
1828,147.6249128022669,137.4089143592463,75.23139629000819,dry,3,5,noiler,38,1133
1599,158.66865863842636,149.9315931671749,52.62129414466284,rainy,2,9,fulani,19,799
1713,157.27509336127162,102.15888600238043,36.2398466181545,dry,4,12,other,59,748
684,150.2748698416282,152.76524098373858,50.829278783214164,dry,2,19,shika_brown,67,357
624,119.3763657129863,72.50442920731489,39.86067584195263,rainy,1,0,noiler,34,451
393,155.4940421116926,130.24355207898475,41.01875912379395,rainy,1,21,sasso,98,193
1911,147.7345328665911,89.31500581072807,50.24709541414003,dry,1,7,noiler,99,810
603,100.08653499909744,140.5567678116194,45.07633006643594,rainy,0,2,shika_brown,40,404
410,106.51118972834048,184.7134771607968,70.47792562374686,dry,4,5,fulani,33,232
1102,104.95438621307902,75.33395748774085,74.5399417580239,dry,2,13,noiler,28,732
1711,145.72128774392303,60.085805132738166,51.94920819484226,dry,1,1,sasso,84,719
1535,134.23512987188815,94.6715644327804,68.27559485355295,dry,1,11,other,82,656
1143,149.95092295957826,79.95307143898879,38.44459451103033,rainy,2,16,other,66,584
717,120.83280662332257,101.85586827403556,46.76482828418335,rainy,4,23,other,39,510
1937,127.64948583392388,167.1321763717105,55.11458239460145,dry,2,6,other,83,775
1926,136.7141842910812,60.29659303511063,63.52566373919689,dry,4,12,shika_brown,72,931
1788,150.6565893993508,140.12754546634682,44.84507236126121,dry,1,14,sasso,47,1040
656,117.10553595737748,125.52528019341918,56.46735738212297,rainy,2,1,sasso,69,437
1338,113.8668977308073,95.50880485933516,79.33925394082763,dry,4,20,sasso,55,845
1536,129.54538513410301,193.27222942239402,75.22468478753274,dry,2,8,sasso,45,1063
893,122.15843121989917,193.6600114717415,77.57211123722513,rainy,0,17,fulani,90,357
1787,158.95038862659817,153.485836553278,67.24333427132163,rainy,1,0,fulani,35,718
786,134.3286623392392,166.82933949484686,71.35654348794284,dry,0,10,sasso,33,530
420,136.4217729707961,154.1932406680526,70.95543999582043,dry,1,2,fulani,18,232
752,148.04768754115653,81.19292784846462,63.09209924189513,dry,3,15,noiler,31,502
1151,115.2187049319377,96.27938821067578,66.89937178080024,dry,2,13,shika_brown,58,671
1668,138.6868658243258,149.13897368190385,32.69443571062777,dry,4,9,shika_brown,98,801
788,100.12283865122092,109.1865324718028,30.560857816484972,rainy,0,3,shika_brown,77,347
1619,107.92973104082228,81.83262835389104,32.121973834507315,dry,0,12,fulani,43,648
387,141.3310531072003,99.19554674539557,62.15916698972405,rainy,3,2,fulani,68,194
1411,148.554509008009,105.61766537971656,65.25661078291444,dry,4,4,shika_brown,57,722
787,121.19819883614292,118.71197761965509,47.38993066570163,dry,2,22,shika_brown,28,599
371,121.70901636616114,61.94873051342371,58.950312297623924,dry,4,3,shika_brown,38,261
353,131.99088682811322,159.01447555410056,73.97913659386231,dry,3,7,sasso,85,173
1478,156.79875088694396,115.94291005625259,57.784134225409616,dry,3,15,fulani,75,591
554,131.1231075424547,78.59139624873927,65.4207430040257,rainy,3,22,shika_brown,22,437
1653,120.03766601950207,74.49965841796691,74.15589121415456,dry,4,21,sasso,35,1144
1828,158.1898383788875,93.51108167245643,52.38713407186874,dry,2,9,noiler,50,1017
337,143.86840238520097,92.41884782865463,51.63982667561485,rainy,1,6,noiler,86,176
1309,151.39727001047692,86.98995523827496,60.38696628598113,rainy,4,5,shika_brown,39,901
1508,118.6195372643248,198.99340190292378,61.54847510928357,dry,1,14,noiler,20,1188
759,124.12806721316527,109.59294804742481,62.22590455940363,rainy,2,21,fulani,55,449
1247,152.4829794113557,147.2824578174763,70.30980680546023,rainy,0,21,shika_brown,47,770
1319,141.85117783528926,91.29240194253502,31.69305726836454,dry,3,0,other,86,528
1817,144.7051040870815,125.52236600080631,60.01439353470643,rainy,0,14,noiler,91,857
1321,111.63955822156274,143.27548264913378,70.4769303009599,dry,4,11,shika_brown,84,599
1501,109.92376944648953,97.30625403337797,74.56589368593623,rainy,3,24,noiler,86,802
1847,102.7120998386362,79.88487095885543,59.46852379659951,dry,4,6,other,19,1106
1972,122.88010765653476,105.74219087686009,75.66213909839936,rainy,2,1,fulani,60,825
1588,143.46473471920413,153.81557755430302,54.81012250206984,dry,3,22,shika_brown,27,1189
1822,133.5701793023173,104.16499892980147,60.911394811267286,rainy,4,2,noiler,85,979
675,141.0636854742455,97.3764802281988,42.862447220930086,dry,4,2,noiler,49,446
1103,115.30566599191805,166.3086116541429,76.31230988063365,dry,3,18,sasso,41,795
1316,131.03666217755952,140.28673900102288,68.06217298138955,rainy,2,17,fulani,92,617
1442,130.6591604435451,106.62818393283422,41.743689137649525,rainy,1,17,shika_brown,66,991
1705,151.0066662370702,60.178130637271295,72.60940381278286,rainy,4,10,noiler,25,1068
910,153.25581505649322,166.8061165625006,73.37028097962134,dry,0,5,sasso,93,364
1501,123.06583399934169,91.02506082373722,44.54755341471392,rainy,0,3,fulani,91,600
1388,100.96568269043347,160.25232486675637,49.98011711355677,dry,3,12,noiler,60,892
648,112.10804372826476,100.59087378071146,64.99850550898807,rainy,0,21,fulani,39,357
1512,105.18554203579544,103.57939066131063,42.939605033266226,dry,3,20,shika_brown,84,668
1352,156.5548763333874,118.81423994777165,35.70566325986341,dry,2,2,fulani,24,542
639,143.2671359548,170.87250646237484,49.71424609578,dry,1,14,shika_brown,20,460
929,141.77910714796977,190.03929528568025,49.72583713381374,dry,3,23,fulani,70,372
1260,155.4470082271665,167.17780094577654,71.77178233805836,dry,2,6,sasso,90,530
499,106.23382690774199,183.69121971475735,33.685358859579594,dry,2,6,sasso,29,363
1868,138.7449616186319,97.23636924789135,77.16393022570483,rainy,1,20,noiler,60,1078
1342,114.68514693864473,75.11414467575447,76.47736421624157,rainy,4,13,other,51,805
397,147.46730622023858,188.62054409608024,77.54924100558296,dry,4,7,other,83,159
1133,154.8762915633573,90.93668607373884,73.30882007703434,dry,3,23,fulani,38,531
1578,140.99686090353282,107.47835268872191,73.73496239598666,dry,2,11,noiler,33,997
1493,159.39663546102156,191.56748379149508,71.79779497480449,rainy,1,7,sasso,62,757
1574,116.89348966184023,95.74614741718156,49.846192954613514,dry,4,1,other,95,630
1314,106.05450025875363,67.70551512214031,46.93372571496575,rainy,1,1,other,80,527
324,156.07212823148973,164.4468909573854,50.63652398830948,rainy,1,6,noiler,67,185
1171,150.24887203609197,146.85470463165385,45.826839266585246,rainy,3,17,sasso,59,708
1472,124.1419805811641,80.98388163261183,50.66202877639464,dry,0,15,shika_brown,50,813
1456,132.80510563441726,127.0811096597555,74.65350957575367,dry,3,22,fulani,87,582
1871,137.26416232315512,66.43073298780988,74.23245486988066,rainy,0,8,other,22,927
1379,151.37251135933366,88.3808383729369,46.316207948553455,dry,1,14,fulani,80,552
1756,143.43720379865636,66.15944421019104,56.135085211968274,dry,3,0,noiler,69,702
1938,122.9862926295031,105.91241101482741,47.21043869363285,dry,3,13,noiler,19,1415
523,125.19895648441769,166.63613981590453,56.39918626392496,dry,4,4,sasso,48,378
1255,149.20882393806653,79.41895671867458,45.0373524558202,dry,0,1,shika_brown,80,502
1254,105.43202550214943,172.31384708573384,70.22343762311684,rainy,4,0,other,82,547
1408,118.34375983813327,167.30617389990485,36.264200740012285,rainy,1,3,shika_brown,99,679
1480,122.71696529930418,146.06036950032842,58.454338112621585,dry,1,6,noiler,57,856
1971,144.8913358958989,177.90482612905734,70.23642966607666,rainy,0,15,shika_brown,52,1034
1342,127.4648439113358,62.290363531313815,62.16920543069252,dry,2,19,sasso,58,774
1851,149.48070608535627,166.66594471221006,39.05368515000816,rainy,3,6,sasso,78,948
1332,135.58055368447907,110.09991615609488,58.08385727129575,rainy,1,15,fulani,87,619
677,150.7403107829037,90.41043610157148,57.1819778760245,rainy,0,17,sasso,63,359
1481,119.81555421997024,101.08325190083724,65.27987428506785,dry,2,13,other,56,815
1173,142.71570622690408,65.60095390033241,54.81085548514077,rainy,4,3,other,43,698
1266,152.19580950876752,187.30655622047732,45.4718347364501,dry,3,15,fulani,85,506
305,134.1033620191927,191.74796738904217,31.955509169625447,dry,4,6,fulani,34,170
916,128.75500937346396,160.79292115025626,38.22192674677338,rainy,0,14,noiler,29,629
890,105.74702953152976,178.71352952861523,62.46837187610535,rainy,0,6,noiler,51,577
1518,105.02327401889681,98.30508649275953,62.61311627993283,rainy,1,19,noiler,58,963
708,107.2367963895352,116.49223970838071,69.82771597637574,rainy,1,11,sasso,38,574
1384,115.11894349570991,119.08331773960325,58.28272389016108,dry,1,9,other,99,642
1370,115.30172820473268,170.5840472710276,37.6904851241457,rainy,3,21,noiler,36,1198
580,139.29394829101562,93.58800245107753,61.55176862923358,rainy,0,10,fulani,40,310
1218,120.46589514527682,148.88517090974545,67.02367525987177,rainy,1,14,noiler,40,983
533,131.8790344168009,100.48832227665046,63.07977206182432,dry,1,0,fulani,89,213
901,144.09280880184667,177.93630207836634,53.12255377478238,rainy,2,9,shika_brown,75,494
527,157.45080924671836,91.09346911010948,36.07809843458717,dry,3,8,shika_brown,78,237
1530,152.41873755070728,169.4168444515896,31.12117920234127,rainy,2,17,shika_brown,27,1067
908,106.68633393253127,144.2928761563872,44.25020731953783,rainy,4,9,noiler,73,605
692,135.01093560834875,132.8075365940354,36.75097423608435,rainy,2,3,noiler,89,404
1504,129.8012662606072,110.38612455828698,62.85221370363505,rainy,0,5,noiler,46,937
1288,104.9456572045547,130.62812017412577,52.54420265000435,dry,1,2,fulani,66,520
1027,115.74591273192306,126.12505308133963,52.32730760488448,rainy,3,16,sasso,66,744
1290,104.5125992300801,127.30385718774507,41.9484601982995,dry,4,14,shika_brown,64,733
1866,141.16056968988923,72.54889013787516,73.64030966444221,dry,2,13,sasso,18,1158
1472,128.0733884791728,185.8366304352885,47.809904935378995,rainy,1,5,other,70,779
619,109.4888155445702,72.98236060900369,65.07911716638338,rainy,3,16,fulani,35,383
1503,156.9393288579818,165.3972622642412,42.69025026559915,rainy,2,3,noiler,27,1035
1962,144.6994031570051,98.70556146427762,30.85076168448644,rainy,4,23,other,81,840
845,110.16363534159274,143.4845527719603,60.34857139806169,rainy,1,20,shika_brown,22,643
1669,124.3975401221752,183.60890811544255,49.31570087298047,dry,2,17,noiler,66,1019
1781,114.78788587415109,111.83953530324145,42.0979230268347,rainy,2,13,sasso,22,1411
1624,153.04628852798146,124.49276610995891,36.35266116458332,dry,3,19,noiler,84,743
1543,155.30687749471952,97.37415927655906,48.97966872637364,rainy,0,11,fulani,26,658
1237,138.63861826181437,154.0101756342824,31.988068779689545,dry,3,1,fulani,99,495
846,140.98494820542086,158.6227933733731,53.679144982114515,dry,4,11,noiler,64,511
1383,151.83891119825535,155.5295917185309,48.00750585505796,rainy,2,7,shika_brown,88,699
1043,130.09205613795174,70.25839449807022,71.92484851644673,dry,2,16,shika_brown,37,675
791,125.69756924814638,117.22522759956561,75.81488735782897,rainy,3,21,noiler,32,649
945,105.18958454756925,188.8688671060381,73.82497842060877,dry,0,14,shika_brown,27,568
1589,136.71212511997027,128.88613278408906,71.69102266033406,rainy,0,18,shika_brown,61,917
1585,156.28962769150382,197.73946506939043,62.63524304558722,rainy,3,8,shika_brown,85,699
406,154.01815223104788,70.76631522887754,36.572193402987004,rainy,4,14,shika_brown,76,211
1147,114.37362640037061,167.51866556514244,70.37880471285564,rainy,4,2,other,84,566
1163,113.36000006684392,132.39583498718392,79.47666118378183,dry,3,21,shika_brown,31,788
1075,158.04344194296908,107.60736551640406,60.9453462063083,dry,0,24,noiler,39,651
720,147.85172377164454,79.5870893620708,64.95757138361333,dry,2,9,fulani,60,325
699,141.40900397713568,132.58700423325223,61.210694611071006,dry,2,15,fulani,31,370
749,152.83558327923006,76.45235612772963,53.801396393203504,dry,4,2,sasso,85,313
979,128.7757293913348,124.20771848492164,37.30282069454061,dry,4,3,noiler,83,475
821,146.91372987438078,198.42015754383627,68.96761869651398,dry,3,12,fulani,56,417
667,141.6009129549775,186.01145574849778,64.15040754308993,dry,2,5,sasso,67,383
609,117.80844680714637,89.41971623875354,65.84474673732855,dry,4,22,other,30,407
818,151.97306968566733,122.79425787583565,61.302907114986134,rainy,3,11,fulani,31,469
1309,138.56292128632415,90.46508081949472,78.891982713521,dry,1,17,noiler,36,792
1733,110.94991685185688,169.60310426642673,41.1099968546823,rainy,2,22,noiler,34,1433
1855,139.28380337483398,64.4773285523552,52.1521216272432,dry,3,21,sasso,28,1184
838,143.75361580465676,109.287364365274,75.53954467373677,dry,2,9,noiler,20,586
1271,156.34402689882404,166.20133868529823,47.4949548421011,dry,0,18,fulani,80,508
581,102.46432969161884,61.61205049458951,60.90362965684663,rainy,1,8,other,31,392
976,140.5302185402769,92.08177094042944,74.41320781395112,dry,0,24,fulani,78,390
1052,123.41238037915525,156.56267076044426,39.2642162193254,rainy,1,20,shika_brown,90,518
693,136.16206450832783,118.78045964370438,61.46134393661538,dry,3,24,fulani,33,424
682,126.30953165493409,188.52938819199903,71.60981345989984,dry,1,24,noiler,39,519
1908,157.16991980956718,90.93583391036742,66.4284797859496,rainy,4,5,noiler,75,917
1295,148.60000206241887,97.89659520012992,71.0431458146385,dry,2,8,fulani,39,640
960,121.77337335861229,96.22644026804251,60.96693155463355,dry,3,0,noiler,54,525
787,115.95212497715198,119.03984827608252,34.28934902003008,rainy,3,15,shika_brown,84,397
424,101.94796115402214,118.78462313935357,39.45666561379626,dry,3,16,fulani,39,244
1741,152.2039212242506,106.06719080883603,72.72127814665298,dry,4,17,fulani,80,696
1081,127.97216226219727,194.9939089152035,56.9277913726558,rainy,2,7,sasso,26,910
1978,140.48605436539768,117.58082524406716,78.60090865757225,dry,4,11,fulani,42,1019
634,158.65722539652643,102.54083072838768,49.843552552238876,rainy,3,16,noiler,66,365
1526,122.46149979211262,122.5665822341507,55.4984373023516,rainy,1,5,sasso,39,1110
1680,123.17379487327361,126.56928525179434,61.779505150193316,dry,3,10,noiler,42,1216
661,145.9198043675821,190.65977981714124,52.15408410617252,rainy,0,10,other,27,365
1180,156.50568659440972,180.47176651332788,54.12867853770928,dry,4,5,other,26,598
703,113.8185746251782,164.85380002263463,44.72748499056956,rainy,4,11,other,98,354
985,104.08930933907034,151.96244679628794,47.50526910075441,dry,3,12,fulani,56,477
1749,150.7197349822738,176.94375954653884,63.091815450439924,dry,0,4,other,68,731
1400,109.1508569979725,151.9514260403049,52.93705486148458,rainy,3,22,shika_brown,93,711
1735,151.06146664586146,182.97745405755825,52.27157710178769,rainy,4,3,sasso,79,936
977,119.86310886100307,61.082189183458645,72.4285514654065,dry,4,11,shika_brown,49,540
1571,112.31211682352196,84.71957584866826,41.87176796425448,rainy,1,20,shika_brown,91,824
851,157.04754866702427,116.54858346970346,32.47342673932774,rainy,4,8,other,48,505
1942,107.88884376278375,91.94743651745816,63.80235752963374,dry,4,1,other,36,1053
716,122.3679508984136,85.69895217470659,58.08765225943981,dry,1,18,fulani,78,300
911,117.2093227073093,179.45413104337013,46.49662029381875,rainy,3,13,fulani,57,523
997,108.95691143479306,98.98111846111179,79.05351504181243,dry,4,4,noiler,37,714
1259,103.5046828470592,108.40911167292069,53.827679089571944,dry,3,15,other,37,811
1776,104.93964157430503,81.6858476461618,41.42264999359266,dry,4,23,other,46,920
577,129.99364714269643,182.5960260103762,56.66330117961908,rainy,2,19,fulani,85,264
912,142.85134254872915,183.94056364912274,77.97994972215115,rainy,0,6,sasso,22,595
1432,154.8391467167226,193.6557855521522,64.25621558549818,dry,1,0,noiler,34,778
1183,110.21436979770348,88.16504630357285,59.47024674062757,dry,0,4,sasso,70,531
1403,126.90486843717332,80.11924577655216,56.57407367263825,dry,1,12,sasso,37,927
608,101.12566719954363,162.58640095906281,36.994177148128514,dry,1,21,sasso,53,396
790,145.13294381949623,67.38330548047004,30.407729722971485,rainy,1,14,shika_brown,62,468
1482,112.66941288354151,78.24781185586374,64.44843846963306,dry,1,0,noiler,41,837
1794,147.1875532967728,187.25725675767572,66.77884584785943,dry,4,17,fulani,84,718
1810,136.3162866805173,162.23871040851336,72.90265601747794,rainy,2,2,sasso,46,1334
1943,131.4521617453328,192.39825064129448,65.21286335969086,dry,1,16,sasso,22,1424
1769,147.3960671376269,173.7507479199522,62.54125090919597,dry,1,5,sasso,38,1067
924,121.05574531840625,171.57895971951865,32.523684885538344,dry,3,12,other,26,550
1844,112.00168407985281,169.41952973675586,53.753402504298315,dry,3,3,noiler,30,1360
847,124.918900523196,118.38515368945272,75.52381816120867,rainy,2,1,fulani,84,339
511,118.38460301719549,101.71003173137018,49.78063987636274,dry,3,9,sasso,55,341
595,111.95735293783342,101.62629315637426,54.21422484268581,dry,0,7,shika_brown,57,327
1654,114.61367495343026,180.42596208097268,56.941469728246375,dry,4,15,fulani,80,662
700,126.63517769869077,129.79601334266061,69.07490542926563,dry,3,20,other,50,422
1730,108.30037010841444,90.48205461704528,46.41648867320619,dry,2,7,other,23,1034
812,145.2540410253505,149.52326923773887,40.33155146834289,rainy,0,4,shika_brown,65,387
1876,133.69156550061768,109.9474939103458,44.22873883179988,dry,4,3,shika_brown,84,876
1342,152.00451134876707,96.67475617997187,42.39859173695499,rainy,0,15,sasso,39,781
653,131.02072035501695,168.37839537390866,58.51472821599404,dry,3,8,other,41,427
447,154.243201345967,76.59409819883373,53.603869426456285,rainy,2,17,fulani,35,252
1198,111.34900242130338,67.75548978764758,47.79618583807471,rainy,0,7,other,99,520
1369,125.65845882611524,190.31017867896801,43.56341942156102,rainy,0,19,other,48,807
1988,104.06381457826161,133.61889907021737,38.68096247407788,dry,2,17,sasso,73,1110
936,131.43237636205535,169.4453234251921,65.61298755558141,dry,0,6,fulani,73,374
1924,121.02857228816544,167.25565678109552,78.87997071098104,rainy,3,9,shika_brown,63,1322
548,111.19393728399952,187.30148595143822,74.93746685275289,rainy,2,10,fulani,42,300
1071,119.483998658531,131.62123636361534,66.55055252964489,rainy,2,11,sasso,47,837
826,107.66144332739164,72.36160375333735,59.48083849257239,rainy,2,12,noiler,53,617
1290,142.61571634687562,137.32654413404185,31.04705108876529,rainy,3,12,sasso,38,927
1358,153.0005205268244,133.93252902025887,49.702224493376875,rainy,1,8,sasso,23,961
1546,109.2625103316787,184.1524932046231,57.27012825119941,rainy,0,1,other,56,814
445,112.27209353049732,63.13559526710103,61.20055978261884,dry,0,11,sasso,51,255
1192,142.03743993546425,94.64535393431666,60.43853094470939,rainy,2,9,noiler,89,679
740,148.6890654763692,117.21388075122194,60.52663703570648,rainy,1,9,sasso,68,408
1685,139.13032800045198,150.93210433800638,50.699469651910256,dry,0,11,noiler,93,813
640,119.08360422915312,79.56257839653374,69.71340730252311,dry,0,14,sasso,54,399
600,114.80063861400271,177.76883977014478,37.162760219538924,rainy,3,22,fulani,83,288
869,152.72486165380855,165.99852316176523,64.58036705820155,rainy,2,1,other,95,351
574,125.74197263443061,73.52007189650115,35.8226891936276,dry,0,5,shika_brown,60,269
1187,108.91686176120812,185.84986221512952,51.37217132536712,dry,3,4,shika_brown,44,777
1475,102.85169313553052,125.30640064559499,73.638877760269,rainy,3,14,other,22,949
1283,153.30782152129132,138.6938176204922,48.085692171498664,rainy,3,16,sasso,25,944
381,118.2639267814336,145.84315011154564,57.897099083179285,dry,1,17,sasso,65,238
1596,109.1022785252207,195.6788204346961,48.270367162481655,dry,3,14,fulani,98,638
1802,127.67211974657035,141.84925006789376,39.07233796715097,rainy,2,23,sasso,25,1415
581,118.99084970058476,152.13069848583092,45.910058297153306,dry,3,3,other,63,323
1803,130.78484553239048,78.46805370440191,36.792472786913606,dry,2,1,sasso,74,846
1465,108.04124677780274,156.55748631541834,50.35356004285218,rainy,2,11,sasso,73,960
603,151.96367089981854,116.39606692261472,77.6833809645077,rainy,2,10,sasso,72,306
1690,157.65688275926752,173.90827202715522,74.07185874711746,dry,0,20,other,78,676
1556,111.44573445787363,177.63875179877948,60.58825049737048,dry,3,5,fulani,81,622
618,106.75279637682519,126.98902652804921,52.26600791699556,dry,2,1,sasso,56,352
695,132.36110810069403,61.45342026235647,63.84715646034706,dry,2,20,noiler,83,351
1010,110.69571570358478,144.37245973568662,51.215440105208174,rainy,0,16,shika_brown,62,587
1016,141.33797492041873,174.02748690890922,36.536117706781944,dry,3,1,noiler,77,493
1376,138.37119263815777,81.96655547652638,53.62146938592447,rainy,2,10,noiler,47,1029
377,136.95719470023272,62.18644165035048,42.17632183593976,dry,1,5,other,28,238
971,154.0104923042214,133.900270346034,59.957192957825285,rainy,0,13,sasso,63,509
1231,143.41876137055277,104.81201931808116,71.6316136766896,rainy,3,12,shika_brown,72,765
406,138.4958263631408,178.90229266604024,36.33085482653847,rainy,4,22,other,75,219
776,132.31908701648393,73.05668627848539,76.86080869222144,dry,4,15,other,77,353
1283,127.63146327130376,98.4187606243262,44.25013649755149,dry,3,10,sasso,93,641
578,139.15653027546387,168.47007296032444,67.41704573227668,rainy,4,23,fulani,37,376
421,146.96449031326284,67.21839760861918,63.010053427799576,rainy,1,6,other,23,261
1634,107.53747104513201,94.81984447635227,77.30594388859586,dry,4,22,fulani,39,869
1453,115.1991602003438,101.62072378954514,56.669665957547515,rainy,0,20,fulani,96,581
891,125.01501090792709,166.23211880227353,74.03565497226953,rainy,0,5,fulani,81,356
581,158.17482124280917,76.77652142858346,55.5081391289075,rainy,3,4,other,80,256
385,144.5940720160747,142.9268279860838,74.91494731783827,dry,4,2,fulani,92,154
1032,133.0278249072174,139.31461518336062,39.49423913184006,rainy,4,0,noiler,81,546
1055,141.75189874637366,196.523653305751,70.09701173237036,rainy,1,17,fulani,49,570
926,125.53497124216074,142.06664967142962,76.12122703058793,dry,1,17,shika_brown,93,393
661,139.3627041862705,156.78920406471178,51.4997456729684,rainy,2,13,shika_brown,28,577
1107,155.4816671074045,115.94605158386611,45.36871636200144,rainy,4,13,shika_brown,33,778
1337,156.14189245633756,89.25557797532286,37.42187018123202,rainy,1,15,shika_brown,91,657
1780,154.32833286093648,97.88129978154839,61.87823427714303,dry,2,12,other,50,802
1575,104.10294855471003,194.82251955306486,68.18507429969695,dry,0,5,shika_brown,98,630
1003,123.79053977665737,140.89088857347724,35.327966071553455,dry,0,16,sasso,25,643
1062,103.7604555294471,167.71198962763128,34.188351717995346,rainy,0,4,sasso,37,694
1737,134.41518172589264,185.18924275775123,54.05538362196573,dry,2,22,shika_brown,49,1069
927,119.91299427522068,163.56529553837953,65.26574876109125,rainy,0,21,other,62,516
1096,142.14450320419894,190.84030050320737,71.1557360878267,rainy,1,21,fulani,99,438
1708,105.51770467659354,94.34147249486715,62.00485280360926,dry,0,16,sasso,47,928
1472,103.53199645367654,160.99402307526498,72.4342348677213,dry,4,5,shika_brown,66,763
339,109.22695377866464,124.68357403862589,76.05099279132179,rainy,2,9,fulani,30,201
1432,134.60759898218478,160.0146057593904,50.575373191427516,dry,1,14,other,77,619
533,155.89932243197472,114.6978044149846,76.31999388807185,rainy,4,20,other,61,267
1645,147.09151356667266,98.27688123055023,69.40239182027925,rainy,1,0,other,20,797
486,107.94555717968538,194.6760692267806,34.074655060641426,rainy,4,17,fulani,39,300
867,138.26366618011588,154.20559894906677,66.51658224388841,rainy,4,12,other,29,607
1486,156.8813102744915,152.62783791584758,62.73921835637819,dry,0,12,shika_brown,97,594
1072,150.90851490563205,195.0127413901255,43.949642375013525,rainy,2,3,sasso,32,798
948,155.75796883194886,148.66242554863823,68.2167406426723,dry,3,9,noiler,53,556
1380,153.68288966893618,84.91663936735111,44.735151641583414,rainy,2,20,noiler,95,592
609,101.74516778735399,193.7298567940173,46.274816212448414,rainy,4,12,other,78,356
1823,110.13252699561622,152.99848004063014,34.91992961322962,rainy,1,23,other,30,1232
1682,124.99738161522288,131.91257062473235,65.61628995240429,dry,1,11,noiler,75,858
1083,149.24470470357608,85.16507696555614,35.710521109705915,rainy,0,2,sasso,90,433
944,122.6838075062148,186.49853195959037,52.61873008281131,dry,3,0,sasso,97,479
1387,141.5502581666722,113.81737160359901,68.39000866741554,dry,2,6,shika_brown,52,871
1480,152.85508155711065,83.16187882522513,36.316275249018666,dry,3,17,shika_brown,55,775
828,123.9319648396679,72.04995066907479,57.65311388472763,dry,3,3,noiler,28,615
692,124.20463602030304,133.50072408874104,63.1424601384267,rainy,1,13,noiler,81,407
1144,127.09299989579155,68.871435504052,35.792526123913525,rainy,2,18,other,66,593
1737,122.83382280315952,89.90857249151435,35.111617870659515,rainy,2,8,sasso,34,1268
1844,108.00399102170509,173.24618207844298,62.780986771632,rainy,4,12,other,76,960
452,140.64937452356554,148.76977479812797,58.00286734596578,dry,4,16,other,40,265
1535,131.50753930678968,154.5300347371475,40.74245168482524,rainy,3,19,fulani,31,1008
839,154.757250585085,175.95931461638384,57.43731392200893,rainy,1,23,noiler,56,507
431,129.6222462943264,130.53697523605308,57.52934837701399,dry,4,3,shika_brown,44,312
1151,120.9615483741626,80.77801035556197,51.08633978436576,rainy,4,0,noiler,71,620
471,123.41411012001632,116.87465933429874,43.09323346904914,dry,0,17,sasso,52,267
580,133.81637116816177,79.86230934805003,30.126015003764785,dry,4,6,noiler,62,313
359,150.44052949373622,192.05386092345512,78.3053811578383,rainy,0,19,sasso,64,171
1567,109.04288189195272,154.0003345061477,31.246626733251478,rainy,1,8,fulani,31,921
1447,107.46149328208983,151.09771807926472,45.99429840866691,dry,4,22,noiler,27,1086
563,135.36008494587782,163.70533558400024,79.12522617617239,dry,0,13,fulani,19,260
878,115.59217075779473,103.79214332216515,60.69385099980149,rainy,0,12,sasso,31,604
709,146.43586421286878,122.560115385303,53.49680669221361,dry,0,3,other,41,364
513,102.94176917047494,99.90014281204775,72.32020422098171,rainy,3,16,sasso,77,321
1753,103.70978916185253,114.3637500666207,59.54853604881092,rainy,0,12,other,30,848
1020,159.21211946380976,118.15539888384531,33.393505151489116,dry,4,17,sasso,68,511
1868,105.75282250953349,99.64066253481116,47.41613157665538,rainy,1,21,shika_brown,32,1215
1715,124.46116999189483,189.87475044551454,55.93625443634824,dry,0,2,fulani,99,686
1761,132.33981251708735,81.26073752857982,63.73767112892489,rainy,1,22,sasso,64,1038
939,124.13670233041337,75.28568478185812,75.60802748004738,rainy,1,4,shika_brown,97,393
578,142.6885034201239,88.62646131282443,44.13638375753535,rainy,4,2,other,58,343
1647,157.68429556549654,156.03229807244378,65.84366105336554,dry,2,4,sasso,22,963
475,147.5809726749531,168.4549344791842,74.93853313999122,rainy,3,12,sasso,88,224
1180,144.38755459001956,119.26649547154831,49.72427585521815,rainy,1,14,shika_brown,80,705
306,139.50672417401663,192.38439085221498,38.16438777513966,rainy,2,6,noiler,73,184
1599,145.31483918492958,178.32965009298192,78.24934118114601,dry,3,5,fulani,85,640
1732,144.26134699123836,63.17805120561283,31.42284248459918,dry,4,1,shika_brown,26,927
1682,106.48681945356451,190.63292021501348,76.92852825012201,dry,4,7,noiler,95,866
1240,144.23961431155877,132.1841090551075,59.533817240297665,dry,0,11,shika_brown,80,507
1268,106.25334826240879,125.38128906838499,64.3036768958995,dry,0,7,other,83,507
1593,106.77465022426685,126.61154845544945,72.11828214278984,dry,2,13,sasso,43,1071
1615,149.13783686904264,118.18881977333163,61.47775709700192,rainy,0,13,shika_brown,31,1003
814,117.01283359068213,77.60055260990947,47.90996117869633,dry,4,11,other,52,535
1167,115.28914517796153,195.00326787977235,50.170420729498844,dry,2,21,fulani,43,667
545,127.08371335962144,198.81520610479004,62.001453226276446,rainy,3,2,shika_brown,30,427
613,134.99423823173214,145.0581035419492,40.5750382407233,dry,3,23,sasso,99,313
1489,138.67022220452526,93.78154907916681,48.42643334868572,dry,0,20,other,23,826
1471,124.15462825432584,111.29500744418287,63.43821148314646,dry,4,14,shika_brown,70,866
933,155.2772549140601,105.39006498096258,44.593878469081844,rainy,0,11,shika_brown,48,510
1953,103.15311011697338,138.59722329502245,42.74944809458914,dry,4,11,fulani,57,1069
1422,132.9577977848977,76.1132985855066,57.662866962164216,dry,1,3,fulani,65,569
1075,148.19847983577264,87.79487386905751,30.2737109991854,rainy,4,9,fulani,90,430
1861,128.22208797255988,139.27890664633276,39.329258265135586,dry,1,2,noiler,38,1288
1519,157.0275745917328,129.46132349651748,44.41651812421054,rainy,1,16,shika_brown,96,740
1086,118.77525879031703,120.39142057221639,64.52396406996004,rainy,1,7,shika_brown,23,820
1029,124.02442566620428,109.04013793093601,46.74845174664978,rainy,2,13,shika_brown,45,820
800,103.47096434816639,123.54729258201777,30.69993608151236,dry,3,8,shika_brown,66,448
482,146.90531681493016,66.93677999360736,58.186285396430364,rainy,3,11,shika_brown,51,315
1700,124.45296580516508,191.7257592043032,78.54014942092707,dry,4,23,fulani,63,680
1820,123.69906851781509,80.46189523889927,70.35617086845272,dry,3,18,other,36,1072
911,148.22633808113773,150.30956297045543,41.538577223202445,dry,0,20,sasso,35,577
595,130.7133100015369,76.93159801441249,51.63846988485564,rainy,1,18,sasso,46,463
1180,156.22330564828914,93.84182794357662,45.02506438453888,rainy,2,1,shika_brown,21,659
1322,157.72095861920764,61.10017273833714,64.62405671149388,dry,0,7,noiler,99,529
866,122.41375091126945,71.56831092859942,51.427071894118406,dry,1,20,noiler,74,431
1829,153.32117967802088,156.3859235307429,36.38732100767979,dry,0,0,other,96,732
1609,115.56183631583708,124.13788135726372,51.93839835781442,rainy,4,13,noiler,47,1251
1406,112.4692802357163,118.95756623659538,42.82103675424443,dry,2,22,fulani,81,591
1033,146.0060269452104,108.52445245083247,43.88409544533326,dry,1,0,noiler,37,637
1860,116.21340064281314,176.83581216676168,59.965368964933,dry,2,13,sasso,60,1229
1715,154.58812030963674,193.31834824439295,58.129931391890196,rainy,1,21,noiler,58,1089
909,133.49809507700996,117.75612159149114,68.7111528832931,rainy,4,6,noiler,99,510
337,152.12993098002255,161.25412423229713,65.6346952676281,rainy,2,22,shika_brown,84,172
840,107.28341482235452,118.85509881941174,30.84697509611843,dry,4,10,other,79,341
1725,116.8774422505297,129.17834722563805,38.51939743509581,dry,3,4,fulani,21,911
998,146.45624679923108,90.98766327528483,67.39890343806238,rainy,4,7,fulani,37,538
461,100.705357883656,181.11000879316964,69.66502387051555,dry,4,14,sasso,52,332
585,111.17425677446677,189.29669897739709,72.12022140124762,rainy,2,3,sasso,43,434
659,119.64131013963974,109.06917052938522,43.29226417207722,dry,1,0,shika_brown,80,287
666,143.81241828985677,150.3336731261793,36.69328608349155,rainy,4,3,shika_brown,87,364
709,123.03892467468512,191.57695947876536,73.01328845633982,rainy,4,5,noiler,30,581
1975,136.93402932016645,178.8106382775827,44.13437154509016,dry,1,11,shika_brown,19,1276
1633,128.16234357757997,192.24543023912776,51.70910953698316,dry,4,12,shika_brown,94,828
1563,112.96696733748158,188.02845118194983,49.2969825718584,dry,4,23,other,43,1018
523,128.79282810213314,157.98190954737015,39.696549039532044,rainy,2,21,sasso,93,315
1593,113.22255916125336,169.15837128753202,48.36925803764645,dry,4,7,shika_brown,20,1187
1579,136.0576770379502,127.24464280802533,69.52886467253595,dry,2,2,shika_brown,24,1055
1865,127.4008273627454,112.96811665154104,46.580001539771544,rainy,0,20,sasso,68,1101
1271,150.90145255778015,180.4124418581115,72.30966683446339,dry,0,15,shika_brown,53,634
1136,138.7062785593092,97.48297990481426,75.0969063791115,dry,2,19,other,87,496
324,129.43929414717525,174.43452840357637,44.98277995568566,rainy,4,4,shika_brown,96,176
912,113.46162999030591,106.69166305423347,61.25805583835908,rainy,4,20,fulani,89,394
1802,147.93939319776092,159.7033147465777,71.57751771273283,rainy,4,22,sasso,97,1005
1600,125.02027396387888,80.76542410007542,46.630649765072974,dry,3,17,noiler,87,790
1967,101.74874678526257,191.98936471424867,77.22700219975206,dry,4,19,noiler,70,1127
1830,139.30789414767793,186.93164148436472,51.7800645892775,dry,4,14,shika_brown,22,1359
1578,118.689968111679,63.266372216804626,56.98443435552937,dry,4,8,noiler,58,986
1772,123.06969846208807,113.14877760470935,40.01726247289423,dry,0,19,sasso,94,748
867,120.60933189628808,64.03582972414904,45.7481273105307,dry,0,21,sasso,53,485
1700,153.40768680838238,77.98670047002781,53.76146746063542,dry,2,19,noiler,81,702
1268,120.39027805214785,61.6445653312382,36.11755168392374,rainy,3,13,other,28,796
579,148.3292651375251,154.80958009065907,70.55544448653534,rainy,0,23,sasso,55,361
1981,107.57909147041282,163.98760818921366,46.632488907204134,rainy,3,3,shika_brown,28,1497
1770,103.20195612619935,103.96031246966336,74.31225744707282,dry,0,1,other,95,708
938,121.7378743300759,173.36958501025882,57.04415014750508,dry,0,11,sasso,79,423
1032,145.2957413468906,146.41073222795362,56.55965083749183,dry,0,11,sasso,58,533
1721,152.6558294714878,69.61644931634662,70.85598372942523,dry,0,10,sasso,18,746
883,108.83866946767412,155.39192248417868,36.407514763170354,rainy,4,24,other,64,490
349,157.97104223302767,114.65324240952833,42.2301227765937,dry,3,1,noiler,31,202
674,133.72710426176087,161.00481580267936,32.49951514965417,rainy,4,1,fulani,68,280
1534,147.46233522255238,122.26725647230651,40.18643474067568,rainy,1,11,noiler,19,1029
393,132.08491733599053,88.5073129259005,63.985116145002166,dry,0,9,sasso,65,207
1755,123.19194791088528,155.88691545452605,65.82905997190969,rainy,1,12,fulani,28,1079
1429,114.85579381437938,166.67308309104737,62.445297725099714,dry,3,21,shika_brown,71,879
1722,122.10700702545653,71.629443981538,66.30599883846061,dry,3,19,fulani,58,752
312,131.11541704184512,126.71969072566132,40.43402113873134,rainy,0,16,sasso,88,151
1186,137.48254163573853,189.4197736596327,62.26724702035409,dry,3,18,fulani,70,556
1308,138.021725451717,61.32786781317025,53.48590801655564,rainy,2,21,noiler,45,1057
1831,131.94427654145224,131.84464198923666,79.6041390621926,rainy,1,18,other,27,1119
496,120.5159419605663,194.77871604524734,64.02939884938668,rainy,4,11,noiler,73,329
682,123.15645322928047,155.56197759952698,35.39000704478636,dry,1,14,shika_brown,40,479
1322,153.58318054076616,142.87892359549653,55.471467439519,dry,3,16,fulani,80,529
1119,120.91530911263783,67.10677923389598,50.88740596590717,rainy,2,5,other,48,729
740,153.24404141538662,92.93177342280357,61.04869408987898,rainy,3,1,shika_brown,36,458
638,159.5803273790073,184.95993647157422,57.47749249998869,dry,2,8,shika_brown,33,350
1400,147.15656772127298,130.85110860994976,42.68550630903525,dry,0,21,noiler,95,560
738,128.62511770976633,112.0180183384567,69.82100091296792,dry,0,15,shika_brown,99,315
1650,137.5147030270398,60.77245571979701,49.383871040450934,rainy,0,16,fulani,80,660
1422,115.15440401788827,160.4176416575495,48.79420702705965,rainy,1,2,shika_brown,46,1019
1836,135.56423956112533,156.65557830779144,71.17769686886152,dry,2,0,shika_brown,31,1091
430,138.03996990132373,125.69545638124661,46.582160028265804,rainy,3,5,noiler,95,243
414,145.67438990426245,70.40234073267474,58.914842937768526,rainy,2,20,shika_brown,33,290
361,112.07804712847853,194.6603370770609,34.60267403130593,rainy,0,4,other,18,200
1787,139.01798036506852,104.37548991748704,78.29698475655208,dry,4,14,noiler,36,1208
1876,122.87568503296774,139.507708047975,75.0459139659158,dry,4,2,fulani,52,823
1319,115.75403505610981,160.09409984589666,51.93848898093161,rainy,0,12,other,93,631
805,151.7009300104349,88.69740647083799,51.70351656020735,dry,0,15,shika_brown,58,398
1378,146.06610586060052,71.719005435391,76.40109278191159,dry,1,20,noiler,43,822
978,102.02852979052928,65.89920250213787,32.72928901065117,dry,0,14,other,91,391
585,108.96111520886608,78.97483126480802,36.104752776705894,rainy,2,16,other,82,309
1716,115.42292388398768,147.07714756488997,46.9136815350272,dry,0,19,other,67,765
1895,140.56968818712696,96.54737795138152,34.73927070017427,dry,2,21,other,44,1044
513,116.03211947522688,178.63744793698635,37.1442339040063,rainy,4,5,noiler,44,370
1394,100.58697614763011,86.2606918439094,47.2782460839006,dry,4,12,shika_brown,46,790
1323,156.43249277312367,63.75022039845101,35.0464338294712,dry,1,9,sasso,46,662
1189,157.26384149601955,111.26747493750989,34.84364445365216,dry,3,11,sasso,56,683
878,129.32040944039753,139.4697686677698,37.69746773250532,rainy,1,11,other,67,528
412,115.67384923133271,179.21702630678925,35.28304240702067,dry,0,12,sasso,94,176
1422,149.7036710422097,87.8452302001726,52.63946965682831,rainy,0,2,noiler,47,696
1780,109.57474000103578,172.89847914888884,47.96836379655962,rainy,1,13,shika_brown,45,1322
841,149.92411527307118,122.0965445596987,41.65200661731301,rainy,1,4,fulani,63,376
1377,150.79303309830746,61.43379893867932,43.28465807031523,rainy,0,10,fulani,79,551
1476,104.17189121769589,71.35978214623435,59.886185272531634,dry,1,4,noiler,37,900
774,139.13157549724818,85.04063257115709,72.60044467861218,dry,3,8,fulani,75,339
1266,104.15052042220505,144.01159280997075,74.73124344043347,dry,4,17,fulani,44,645
633,112.13747597044005,117.25704075912988,70.3793009581937,dry,0,8,shika_brown,66,330
366,114.65866772438602,87.87754934839013,78.81961123695629,dry,3,7,noiler,55,221
1653,115.45385601930062,133.23640774673652,69.77757869742081,rainy,0,21,fulani,82,661
1115,105.91708117934517,197.4955967412972,73.75446337250034,rainy,4,4,noiler,99,631
1459,130.63848212165897,86.38320890876649,37.762026443727734,dry,4,14,shika_brown,55,911
1689,112.3462982362894,163.74463430903057,65.35923287407672,rainy,2,22,fulani,58,892
1322,124.4034305679341,60.65489426734734,72.24379640284285,rainy,4,7,noiler,25,984
1550,138.89270145934287,167.07763254915687,53.72225788535153,dry,0,7,sasso,24,939
1072,131.76657415574027,109.04735652923767,52.28799640238532,rainy,4,18,sasso,64,765
1463,121.95148517515288,190.7517258136223,30.58648111634394,rainy,0,23,fulani,86,585
1481,152.8451979465945,118.07027034301497,56.53946172211052,dry,1,3,noiler,24,940
1675,159.22527904322922,105.67389434987916,45.09475112164319,rainy,2,17,sasso,24,1072
397,147.00834200643354,110.75353289109742,44.870032558349365,dry,3,8,shika_brown,47,268
980,154.87680695088653,93.90247900480398,65.68198133886006,dry,0,19,other,93,392
1040,118.17969138323053,87.89189492061006,53.93274936548204,dry,3,6,noiler,75,524
1866,133.4830345239891,169.74736746205298,40.59050570015619,rainy,0,24,fulani,76,748
1644,140.89822178208442,198.94417987688658,50.487260974979094,rainy,2,10,sasso,56,1149
1323,133.05357162428845,64.12686450248833,54.586348180219005,rainy,2,21,noiler,22,967
1095,137.47509427331758,157.28287889402446,49.82814502128048,dry,0,18,noiler,69,587
1833,158.78852811544277,175.96037495342995,36.232337445846255,rainy,0,17,fulani,50,733
1212,107.41958333076592,183.84558268913855,76.59765613561538,dry,1,6,fulani,74,485
1087,142.09268081561999,155.8721398302526,56.67814834122335,rainy,3,16,other,42,762
1011,113.81415119859247,142.89690074489823,37.525392474923706,rainy,1,13,sasso,34,894
924,150.5072949895222,157.3998085100671,66.03366829283763,dry,1,8,noiler,80,427
787,129.75423453581774,106.16008972316918,51.34458879697107,dry,1,3,fulani,42,425
500,138.18942903287402,142.38169320855704,66.84240864502905,dry,3,13,noiler,36,376
1869,108.68005990351267,173.7994815851269,59.211677485459006,rainy,1,13,fulani,99,857
406,117.51864093381546,154.1820850027186,70.34564409024472,dry,4,5,noiler,77,222
1148,100.83146732617294,147.44364734270965,62.86223232434647,dry,1,11,sasso,55,725
1475,101.18456487387391,190.79174478151035,53.65141996965322,rainy,1,16,sasso,34,1121
1556,119.1320003947335,177.55093280394067,68.9233637988606,rainy,1,1,sasso,18,1144
696,134.27883029897401,198.7701412475167,56.77872336177873,rainy,2,10,other,65,405
317,122.02317458983298,70.752374864461,57.59741366297908,rainy,4,4,sasso,58,228
1035,115.55080291646482,71.34013291349925,77.92871779591621,rainy,4,7,fulani,96,414
527,102.7668993404359,88.43328968367906,77.23318754669722,rainy,1,19,noiler,46,387
1006,140.27996653783507,135.53076751409742,76.18768994803301,rainy,3,4,other,20,673
894,153.64358529568693,178.33904448502602,31.151167539415198,rainy,4,12,fulani,54,442
689,118.95257685351827,144.25935454056128,56.942958888386364,rainy,3,15,shika_brown,76,408
1440,104.96468576224387,156.3637965563866,34.741989169195136,rainy,3,15,other,86,660
589,146.32613649569691,62.44907892000731,56.3142279288828,dry,1,18,fulani,41,317
1351,151.96716580179196,69.25033067156168,73.04918495891198,dry,0,17,other,19,546
1417,129.2876172082217,120.95903208025899,32.42821259106578,rainy,0,2,shika_brown,80,567
1863,134.04484979146198,161.05906162446357,50.41993916636224,dry,1,18,shika_brown,45,1200
1267,115.5184650336227,159.298827451779,53.48915883244814,rainy,4,15,sasso,66,863
988,139.28056507696672,162.6947771100662,38.632677392750715,rainy,1,10,shika_brown,45,782
1536,116.36401105446708,141.86354391081932,37.57260164817563,dry,0,4,shika_brown,63,725
1009,106.54004417044311,95.79652212592362,69.74802229677664,dry,4,11,sasso,30,792
754,129.75254889717442,105.49820302248938,79.79825185254612,dry,1,0,fulani,48,326
1500,129.54046370096694,193.8722919422736,41.98172151221715,dry,2,22,sasso,32,1147
1949,145.44120170158655,175.21088974304917,47.87636911643787,rainy,2,18,noiler,98,1175
1993,140.63147303443017,168.85866966952318,31.507025888165114,dry,0,9,noiler,43,1153
1021,111.84600074054126,110.84825903952982,76.83588482738134,dry,3,10,sasso,38,707
864,156.39531355679034,171.73715314583612,72.63645113795643,rainy,0,7,noiler,98,346
1876,154.75119827397788,162.80702293013888,34.53514484690451,rainy,2,11,noiler,69,909
1835,140.49414560399694,177.95229082090268,40.19215876245825,rainy,1,4,other,66,1003
614,133.7238630542555,83.3532357086484,38.7395938086478,dry,2,12,other,37,402
857,125.01116297582476,101.73113768824965,48.43141409423418,dry,2,14,sasso,91,466
1452,114.55627688317438,79.39373621297898,48.67982594568492,rainy,0,0,fulani,37,581
1999,147.31712804832472,86.84010581735879,52.28617193117236,rainy,2,18,other,51,1126
1914,117.25383774969234,196.64331799486158,67.51056865552843,dry,0,3,sasso,70,923
580,106.36883067323606,160.12357609438482,33.14737170939421,rainy,2,15,noiler,23,459
1998,116.73091746001626,66.80462871595518,62.26814264335784,dry,3,15,noiler,79,954
1980,120.53925732888572,181.64016490583526,72.3090775430991,rainy,0,20,shika_brown,49,1085
580,142.14283119394875,150.05172463639644,73.84089701611461,dry,3,14,fulani,91,245
780,132.92000681812922,187.05195697082408,40.786494962509806,rainy,2,17,fulani,25,499
764,105.46030451237772,179.30730874589642,38.21182099616885,dry,1,10,fulani,81,306
1490,154.41874079465867,189.81091113747377,67.53848749560407,dry,3,6,other,77,596
1393,117.10390650115207,134.0065269564527,56.97476944892584,rainy,0,6,shika_brown,34,999
1892,107.70226918582966,95.89653290822982,79.2226303140844,rainy,3,5,fulani,76,818
1546,134.40685984494846,92.46252373986962,39.65543829110643,rainy,2,21,noiler,57,1043
1137,133.48208821842,111.35311936378214,50.00845617302811,rainy,3,8,noiler,20,937
1291,120.58800007860845,172.05890372284222,71.41602085247644,dry,1,5,shika_brown,60,805
829,150.62640735748175,95.5943287050994,47.50865221250615,rainy,1,19,shika_brown,53,524
450,159.02401783743062,121.45821211928182,72.12252855931234,rainy,1,13,fulani,33,240
1034,151.23309261912593,177.05492879576042,46.79849537934048,rainy,2,19,noiler,97,547
769,138.74512553044684,74.20830077169995,73.03515864548015,dry,4,9,shika_brown,43,544
1600,119.4068917711378,118.89598832988732,30.91463034753524,rainy,2,9,other,99,742
1179,104.41895574770263,199.44911119224702,77.80053901934399,rainy,0,3,shika_brown,20,742
1254,124.16252164062101,76.3466659369376,42.52549467777517,rainy,4,17,other,99,578
641,138.88759098568588,132.10022959280025,79.09473385476633,dry,3,23,fulani,24,365
486,127.41307334335029,112.10542416986144,32.730683691215006,rainy,1,9,shika_brown,30,365
481,119.74434888578776,165.97029141280183,31.962212234828336,rainy,3,1,other,81,192
855,118.49715082477117,75.70396736730375,51.3494050884172,rainy,1,0,sasso,42,549
386,148.90068407660365,143.6826835097645,47.65749981276511,rainy,1,3,other,58,204
1751,143.87299913348915,150.45524382603236,48.63356842116126,rainy,1,1,other,48,1050
1386,158.20837859169973,62.161248328735624,79.91733906943114,dry,4,20,sasso,67,586
1212,145.63896834201918,106.76482004309864,46.220511751190145,dry,3,17,sasso,87,592
1521,125.1708967512937,98.45436048230415,63.2665321932271,rainy,0,15,shika_brown,93,687
1324,117.1644373260989,140.11533444437248,43.72225534821851,rainy,3,11,sasso,70,845
405,141.836110593533,194.2940855091604,62.93794038240658,rainy,0,20,sasso,71,212
1899,158.00241495477513,178.10477974948935,74.46805775733152,dry,1,10,fulani,84,760
1286,151.86802968023557,164.62337926332535,66.82548826705252,rainy,3,17,other,87,527
774,114.90937521097588,143.7474979783854,60.70625822229345,dry,2,12,sasso,99,401
1333,157.71324029150725,161.79747817184682,78.76719040087792,dry,4,21,fulani,35,589
316,136.81518487271507,132.7130632301985,50.79777408416716,rainy,1,19,other,96,157
1745,101.68786264233354,60.20003258337639,33.645369486126945,dry,0,4,noiler,27,881
303,137.68303927705037,195.34621707591623,66.49714675534108,dry,0,21,noiler,19,180
1473,117.01883200325261,140.9579602864482,79.17172518980959,dry,3,13,fulani,54,666
1741,143.42882867728875,76.83544412748856,46.5021971150288,dry,4,15,other,29,998
402,135.9793320652384,76.54052718913448,67.26117745632573,dry,2,14,noiler,53,283
555,144.14115875404224,90.03423204215301,64.80400758309914,dry,4,22,noiler,66,335
626,121.60963303200245,96.1163637543959,41.2310851389214,dry,4,12,noiler,95,343
1055,120.49415344138822,128.7944342396434,76.28568905038604,rainy,3,9,shika_brown,99,525
561,153.21714634353035,134.66335579586112,57.04828822701617,dry,1,10,noiler,21,381
726,134.9550317858833,167.0827079827647,50.78041569403118,rainy,4,0,shika_brown,93,327
454,102.37412701130837,64.45462329325368,72.10345866890658,dry,0,14,noiler,74,213
732,154.75230996394782,152.20753096467564,47.97473246113513,dry,3,12,sasso,84,306
1277,113.39856266284254,157.66295919644412,68.8861373502865,dry,3,14,other,23,888
798,129.18709203750342,82.18846824928688,65.93394728040317,dry,0,20,sasso,47,478
1579,153.3201235658057,157.5994765769199,45.788137893513216,rainy,1,13,shika_brown,38,1126
580,119.96046566489991,188.08764893147318,56.863979790391255,rainy,0,23,noiler,44,413
1555,156.0729519078413,174.88536614131303,32.32170303073332,dry,3,4,other,98,622
1096,111.66425314708297,66.84864203273082,67.26914781554967,dry,1,7,other,26,667
1487,149.39065480363905,148.03238279278526,65.70726105198305,rainy,0,18,shika_brown,55,802
463,111.44675041000468,69.90034983542763,30.43207001685354,dry,4,2,noiler,33,323
693,138.93030157565536,162.57210836758634,69.55709347107302,rainy,2,22,other,77,368
664,159.1381810509537,187.47918193190452,72.82101358427082,dry,1,16,noiler,44,434
1076,100.04230071016913,194.2747128911564,38.72437054884725,rainy,1,12,fulani,87,438
1171,131.10709202293555,74.66058596361306,33.68369493105145,dry,3,21,fulani,42,641
348,109.77588732421728,107.89897908737024,48.17199888254673,dry,4,1,sasso,32,240
1230,106.57070471423565,153.49519959340816,44.02184085590426,dry,0,2,noiler,72,600
1595,141.63908817010764,185.38096757767266,43.98746691935946,rainy,0,15,other,49,940
1406,154.18058243566463,62.522686727021565,70.16338302112806,rainy,3,7,shika_brown,83,656
472,144.62072416817972,95.58466451602968,65.96779559375761,dry,3,4,noiler,26,341
534,155.4345178454462,81.86711706830943,43.466066010655204,dry,1,21,other,43,290
1928,116.24548859952034,100.0291016790674,58.52072917579757,dry,0,23,other,69,817
1230,135.9811272747273,95.43876504212513,55.761047264546434,dry,0,4,noiler,61,616
1998,128.0819699408558,151.16913270304707,73.67161385947949,rainy,0,16,other,69,880
955,140.0492962933099,67.88789100016704,30.18023295786451,dry,2,8,other,71,434
1932,151.0115092761233,99.53411225733403,49.44980062565173,dry,4,1,sasso,86,773
797,101.16400177129614,184.3100325823798,46.685942878493364,dry,1,22,noiler,74,485
1043,121.38621000441859,131.33584406512657,59.134576589895424,dry,3,5,other,72,493
1470,119.7370042466092,86.29955834145412,32.30681293925185,rainy,2,6,other,51,921
1334,136.9830700119536,70.47877703790662,55.449647481657166,dry,4,24,shika_brown,32,968
1343,123.90016641638749,148.3657126403368,61.437886407977004,dry,2,17,other,56,736
1619,102.2186111742747,79.81269590309475,34.90880245885297,dry,1,9,shika_brown,55,863
1496,104.42583305397588,139.0053359978556,56.01298768926838,rainy,2,17,shika_brown,51,1139
571,143.79027951438025,166.78324547758666,41.87592753743144,dry,0,15,fulani,92,228
1613,108.21279938478726,140.65947329307983,45.2938380965504,dry,4,12,sasso,42,1080
1543,140.41602197579203,197.3243100403016,57.78326396644283,dry,2,1,shika_brown,92,754
1656,120.47726726154274,134.92500962234408,62.493468812692846,dry,3,8,shika_brown,55,998
1212,156.44638699682545,64.29886235748614,43.01136292442537,dry,4,14,fulani,50,513
656,101.045527714534,79.91062096093394,41.15605205154816,dry,3,20,shika_brown,50,402
372,114.34425616022705,175.19356498906495,38.13884923403379,rainy,3,20,sasso,80,210
360,148.76440267163113,64.78413610906995,67.01510542741636,dry,1,14,shika_brown,37,222
1927,147.36760511439107,193.97982182179555,43.33247583674031,dry,1,10,fulani,94,771
1204,147.6677777240704,66.95260751129966,50.88312913694554,rainy,2,12,sasso,81,561
497,158.64389289420822,163.98118509969186,66.38516611556929,rainy,4,8,sasso,57,315
1652,123.83944182056726,99.84943020434127,39.98179282318252,dry,4,1,other,85,661
1600,156.40119277857158,195.3065027233747,45.23269241481845,rainy,1,23,other,97,735
682,101.47342946117526,82.93718409514302,75.81356040144024,rainy,2,4,other,84,294
1524,142.54793278962336,111.82932076177269,52.102475863775446,rainy,2,9,noiler,56,1019
1003,137.47106801247443,181.727561638321,68.29503144929723,dry,2,16,sasso,23,738
1345,109.93754453461918,192.17855584111854,71.19886750591682,dry,0,9,noiler,47,759
1339,110.18580640645354,106.08113506483369,59.35512471072653,rainy,0,1,noiler,59,734
747,156.97433773811903,148.18193233020168,48.15403556050475,rainy,0,1,sasso,21,392
907,118.95211088138076,128.64329266191197,70.44237947193824,rainy,3,17,shika_brown,54,616
1890,116.61752001384872,166.70143275610678,78.47109345392168,dry,0,11,sasso,44,1059
748,120.721978884956,122.77718992598913,69.89189346406872,dry,1,3,sasso,28,514
870,142.65666883750748,88.26724451039682,34.54327546458039,dry,1,11,fulani,96,348
351,133.46129232477497,131.3331693500012,32.87818990778487,rainy,0,9,other,36,219
1318,150.5661902235351,85.26578068158638,69.96397116374285,rainy,2,13,shika_brown,76,620
1892,106.46053936416303,116.90507569850433,63.845967044276144,dry,2,15,fulani,84,757
1569,154.56021507875238,175.63852355561121,79.1527619678746,rainy,0,2,noiler,97,628
841,101.48309132154212,162.18267515190166,50.3532391327632,dry,2,11,other,29,576
1756,151.69966131198962,131.2828205235304,30.86491298938191,rainy,2,17,noiler,72,922
1042,114.83129011087527,117.69308513822436,61.15727557399603,dry,2,13,other,84,438
546,120.89442260376714,68.74880492729129,44.98600689063767,dry,1,21,shika_brown,33,383
1958,118.01508516708826,88.0516703262686,44.89701415638571,rainy,4,0,fulani,64,783
603,144.28002588266202,194.2377874803659,79.0075838417132,dry,0,17,fulani,33,261
1640,141.32814534063652,126.26278200195927,34.74841966078793,rainy,1,5,shika_brown,74,860
1372,124.00832830899924,187.57034150064052,32.53503058545097,dry,1,2,fulani,36,687
1698,109.21184594318625,173.3005428953745,68.05364536120832,rainy,0,19,shika_brown,32,1194
728,154.6889906903712,149.70710975907025,53.185019713643506,dry,2,0,sasso,22,366
908,144.22109630178795,160.81969789786268,73.64362319127645,dry,0,14,other,69,390
721,145.36874284938926,198.55761501943442,59.670517482074914,dry,4,6,other,21,465
403,137.09287572681515,133.79780236210786,30.18638172951291,rainy,0,1,other,71,166
542,118.90215227583296,133.77310382938595,76.52263954039938,dry,2,23,noiler,54,361
707,121.16420724609995,66.665718340216,63.49326781651319,dry,3,1,sasso,96,369
1614,142.85884278101446,185.69697969121663,72.42420651550991,rainy,0,20,noiler,72,835
1220,137.4775356122986,81.92709988272836,47.621384872396575,dry,3,13,sasso,88,625
484,128.58059453708316,73.38177136334505,66.33032612526515,dry,3,5,sasso,84,226
1752,107.35062690778844,132.58072441555564,73.03138529689836,dry,2,8,sasso,60,1066
669,112.0756290733448,99.04863141825155,52.04189454619066,rainy,1,4,fulani,94,268
1331,138.8574032210216,99.14567898063984,75.96211909707958,dry,1,5,shika_brown,21,892
1696,149.04710876043012,82.70336295732847,47.34092075185967,dry,2,12,other,56,814
912,132.38508736088824,126.7415791269089,37.88579601440024,rainy,2,23,fulani,59,526
1782,147.13762136982874,167.20267250230324,58.95076756833036,rainy,2,0,sasso,23,1134
446,102.00916904604986,115.9793694339775,79.28901658359763,dry,3,3,noiler,99,234
1485,148.95454724244004,104.39187626790124,76.07299342319229,rainy,3,8,noiler,52,959
968,148.3583213307142,119.08739027728497,50.65934169155163,dry,4,12,shika_brown,70,485
1919,143.83757002722797,106.10204699128644,59.301927815561456,rainy,0,13,fulani,86,768
1244,115.43900021134358,128.04444270211587,63.16734157211519,dry,3,4,sasso,32,934
1971,136.8932729788117,154.0789109592368,78.4849050056726,dry,2,5,shika_brown,25,1327
315,116.09219521449883,129.73536790810175,59.86115079249089,rainy,1,12,sasso,85,162
1450,110.22426819706007,113.40661087519051,74.3934895864411,dry,3,23,sasso,40,1005
995,133.29690262370661,73.56581680238517,72.68205067652057,dry,3,22,fulani,38,565
1860,102.90498692978126,106.64313325680281,51.24295175804403,dry,3,18,fulani,89,763
1391,154.75957020944253,115.85952767359073,65.20288754384467,dry,2,2,fulani,90,556
1842,141.11136734143997,108.22923360545079,67.41441828809343,rainy,3,10,other,62,1048
410,125.51628059371782,130.03886583470637,57.15964872048307,dry,1,4,other,92,164
1240,149.26223431143592,92.47232259160342,54.99590002813259,dry,4,9,shika_brown,35,709
670,108.22446527473033,104.84756107416894,68.4851815700793,dry,1,7,noiler,53,408
1746,123.18506271549728,148.8289867200936,56.06547259405728,rainy,3,9,other,82,825
301,120.23689166277288,188.6153542600068,52.07968612568456,dry,4,4,fulani,53,142
1601,146.63231839962174,69.10032190199155,30.741870675238854,dry,3,9,fulani,65,640
771,134.9119165011612,146.35747272832293,65.46454707952579,rainy,2,11,fulani,66,416
1026,122.1457718543488,176.6422918649564,36.69055708067825,rainy,1,9,noiler,92,570
1151,144.59906167499662,83.63409504399145,77.85334375312209,dry,4,5,sasso,30,721
1628,107.723038367851,98.59281053846072,41.712347616436304,rainy,2,7,noiler,57,1161
1819,130.46571017579635,131.2147654307173,33.18373739177812,dry,2,1,fulani,18,728
1141,133.6370681122244,131.2072194761613,63.158262031834205,dry,0,24,noiler,64,575
1534,112.67874754170623,112.92417783575506,51.59816178118872,dry,4,17,noiler,84,794
771,145.62959890862103,139.72635795328222,49.2431002292309,rainy,2,10,noiler,84,452
351,110.59148571683139,96.68994920903273,68.32122462920185,rainy,2,19,fulani,62,176
376,103.13119779234296,158.05920143916853,42.7455377484379,rainy,0,1,sasso,33,235
454,116.74419386695178,77.70815822389211,56.2951153738966,dry,1,13,shika_brown,92,241
518,148.19571965414139,156.05670825148155,64.34812186641615,dry,1,21,shika_brown,21,337
1525,122.39008269210362,181.51366508312373,46.08489348483835,dry,0,22,noiler,42,871
1416,107.4698683188883,75.6176542730576,62.545691785524596,rainy,1,1,noiler,73,702
1338,143.68181507232765,138.91573673763205,60.579526342636456,dry,4,8,sasso,61,836
422,142.0053001767885,124.43829784015041,35.44199807799255,dry,2,24,noiler,25,308
1254,134.21583534000672,98.37156729255372,77.21817956402577,rainy,3,14,other,71,693
496,142.5882185867012,199.0299882257228,42.31783868162602,dry,0,11,shika_brown,40,300
966,124.44577153998476,132.76986611806535,51.14878494051723,dry,3,2,other,43,549
589,134.2917949134247,102.93147487746424,78.14351009966413,rainy,0,9,other,81,236
1621,143.1437975673593,120.12758487135832,30.05061148684628,dry,3,19,fulani,26,869
479,133.8354588460389,196.9472819367654,63.57262824794695,dry,0,21,noiler,84,192
1054,144.9450040695213,177.40646080825454,42.67902211595792,rainy,2,13,sasso,67,660
1035,113.15629264084592,158.95445150194007,56.36989824575829,dry,3,2,sasso,69,581
471,153.7803979129306,164.957162236018,71.4233759941451,dry,4,11,sasso,39,291
1535,114.61972280559102,162.69034978839858,71.47272017002803,rainy,3,13,other,48,993
1528,152.03639318255156,151.80234804333722,74.16566517364333,rainy,1,7,fulani,47,784
1923,100.95952129489459,143.89653805028223,37.31399042793369,rainy,0,18,other,48,995
1562,115.37007916803259,60.12015133588643,43.789488347868314,rainy,3,19,sasso,37,1145
1240,124.06757765959412,134.37429424201372,69.50928091519933,dry,1,18,shika_brown,96,535
1991,140.95302956777238,120.34540371020165,59.78998387109074,dry,3,23,shika_brown,58,1166
1050,107.73407506980686,61.63126792905355,49.22057043244406,rainy,1,12,noiler,64,706
982,120.80765314625017,152.51916083065424,77.42509430484026,dry,3,5,noiler,81,460
1158,157.29062351025215,199.22910368023096,55.441122652597016,dry,0,17,shika_brown,24,528
1649,113.27551049670113,109.1778185233085,60.11677909753949,dry,4,18,fulani,71,691
953,140.09022565728372,180.95673211967355,35.70801446767321,rainy,0,13,noiler,91,406
368,100.22881332352608,72.59470440734464,36.33651763243775,dry,3,15,noiler,69,200
1464,147.55648819313495,165.68679906358605,59.35691047538377,rainy,4,7,noiler,67,967
1272,139.36157917107425,75.8238150223635,70.99108139430523,dry,3,15,noiler,40,887
1160,128.99823220098202,186.8341079305058,51.85150046293146,dry,2,8,shika_brown,99,642
902,152.0752895404995,120.01979046891734,51.07342635870186,rainy,0,5,sasso,28,540
765,110.87336714445058,157.64962924108755,74.36471785861033,dry,2,14,noiler,35,532
1193,129.9864572137816,177.66105593141674,42.5934026900376,dry,1,16,other,63,624
980,116.20170338721434,76.5486669233579,36.5381994305496,dry,1,15,noiler,44,664
812,138.03819736846103,147.95230578411866,40.11881986471025,dry,1,3,other,58,463
661,115.16036544489427,67.72131840339718,68.38919046032277,rainy,0,21,shika_brown,58,396
1049,113.41680632373846,94.684874689081,46.21660001828619,rainy,3,17,other,27,735
733,143.0302515709541,66.37842338225302,36.69521753875227,rainy,4,18,shika_brown,80,367
1618,113.18355182427405,133.69664414645166,60.70353812531336,rainy,1,11,noiler,74,963
506,141.63046996813966,125.10963761001676,33.501962426596016,dry,1,1,fulani,99,202
1279,127.5358345207628,108.956552471815,47.82945223930327,dry,1,19,noiler,42,898
469,110.05865435858519,176.7621611604598,31.693580743889527,dry,2,8,other,22,285
779,126.45091424241144,83.91021157693606,78.6111974559825,dry,1,11,noiler,35,539
1794,134.85507917676662,105.6043742245445,68.90674421979026,dry,1,12,shika_brown,62,946
1991,102.08605618787469,89.82793321915904,61.688929572828755,dry,3,16,other,74,1048
1477,132.63788596510108,98.11278661735054,57.16103703742614,dry,4,9,shika_brown,72,786
816,141.5887285357324,89.0922426414598,63.92703711752789,dry,2,0,noiler,77,443
1403,149.1476399248124,135.35267894209173,78.55246011818441,dry,3,10,sasso,24,833
1538,142.4423104414794,108.37137376315621,41.59011971494193,rainy,3,0,shika_brown,23,1047
593,156.29669492391838,111.05331412647985,75.72645963701913,rainy,3,22,sasso,52,387
488,143.94631640290152,80.68310231306053,76.89915541933358,dry,3,23,noiler,57,322
1094,125.51542438597804,166.23552693918393,75.84274003361892,rainy,2,17,noiler,56,880
543,125.92991942295144,80.98157901521893,69.00505736984633,rainy,2,10,shika_brown,62,385
1031,135.34163157291388,86.72680494073491,42.625005441594965,rainy,4,13,sasso,21,868
1979,129.31885782695645,153.03265069526358,47.162460894100796,rainy,0,23,shika_brown,35,1278
1398,156.16328622493083,176.71409989507094,58.2582987794584,dry,3,2,noiler,48,887
1742,150.4140248662742,66.36976282039788,60.35317517054655,dry,3,23,sasso,68,845
1768,133.29011403671745,167.42481736312453,35.53092840746747,rainy,4,3,other,65,1055
1056,105.63328625327098,192.9292125330429,35.27357014842969,dry,2,1,other,19,554
1758,130.7425116093723,170.6562312955072,78.55041509674194,rainy,4,7,fulani,33,944
1718,111.0085629385854,102.84218326332523,62.78998546599565,rainy,4,2,other,42,1073
1901,109.35309509180345,106.18816004774217,59.56038149276107,dry,0,6,shika_brown,45,990
1559,141.78002168307347,165.37577005361828,75.7940362363218,dry,2,24,shika_brown,28,1049
1264,134.45555115151467,109.53660506623162,76.05245882041397,rainy,1,19,sasso,54,840
1414,116.01963375863795,103.87230827849109,63.39894208195886,dry,4,5,sasso,82,734
526,128.6194925530255,195.0382558930564,67.74203006183942,rainy,0,13,noiler,61,344
1463,120.64431015999185,198.26462233695474,61.15363835956086,rainy,1,5,other,38,932
600,120.76763602788756,139.08775348999114,37.73078418497343,dry,2,0,shika_brown,42,350
1228,138.08378017922828,127.1397592649315,49.84297941971716,rainy,4,24,noiler,61,905
1778,114.36808231096379,132.24032981746518,65.67986297124907,rainy,3,8,sasso,87,968
1953,130.60807394633323,64.14975522313107,59.24551853934433,rainy,0,20,shika_brown,25,1252
737,106.51436360908038,62.03464825249324,47.009370133252276,rainy,1,19,fulani,54,342
1013,139.99802445092752,126.03091757822837,38.37593543258785,rainy,1,6,other,31,652
1121,145.8755350267503,127.90803511293552,72.17017149165845,rainy,1,11,fulani,35,670
1429,156.84241493268854,177.052579408606,45.5945886577487,dry,4,6,sasso,96,631
1554,145.30813964133262,103.26059476653325,46.22539893178654,dry,4,1,fulani,83,622
1241,106.10131609309224,166.28399629960614,44.75303354989454,rainy,2,14,fulani,27,791
565,147.862816407957,156.07533175290712,44.45702561526542,dry,2,9,noiler,55,375
1893,117.4011184151026,136.4984622065327,61.249625877173116,dry,4,15,shika_brown,87,931
1260,114.77312290318375,96.24552262501999,76.99051262879274,dry,2,6,noiler,84,650
1163,152.11458474424774,112.20474046823898,68.24136370242718,rainy,1,11,fulani,66,465
940,110.72711698084629,132.9853256442724,64.8388227354184,rainy,4,9,shika_brown,49,681
659,148.25298645010525,117.86805421633372,43.32317124111229,rainy,4,6,sasso,82,366
518,151.94387121296842,82.33629845017101,68.34967330765593,rainy,1,7,fulani,52,255
1651,124.31753001483361,103.54737673673479,64.08409491585512,rainy,0,17,other,38,899
1340,118.0589896708658,112.9379410748536,43.69587675729864,rainy,0,14,other,40,813
571,147.30019981113819,180.4934780518896,42.40824417452909,dry,2,17,other,42,336
455,141.06144414162299,134.1306519140999,74.43062497317081,rainy,0,14,noiler,81,206
343,119.54297776664316,153.11295251168522,72.01798802883391,rainy,1,2,other,99,172
1011,124.76445639900871,90.01721873958124,49.12276908934857,dry,1,11,shika_brown,91,506
407,139.63734778729585,74.55212859434332,72.37890156086775,dry,2,21,fulani,95,166
1728,104.01350264809848,112.46957999651883,76.84073549654667,dry,2,5,sasso,57,968
1719,106.24860815410655,113.59951010793651,36.57340843647477,rainy,0,23,noiler,30,1108
735,112.71475875880496,115.08957735216984,65.05274821368155,rainy,1,0,sasso,53,487
1735,114.57867430725759,148.1959339561286,63.83386399335863,dry,3,0,sasso,36,951
1125,130.38807825030813,135.8844968905638,63.38749197754494,dry,1,3,shika_brown,85,521
342,129.99969681764296,137.1834911166266,54.75931523790422,rainy,0,2,fulani,97,138
793,157.90286914503287,71.24315668748058,49.40449857790286,dry,1,15,other,76,322
1995,132.34779573705018,117.08515917858138,56.35208763259225,rainy,2,20,shika_brown,18,1493
1417,100.32195947303919,116.21392382095674,67.85931805453677,rainy,3,23,other,37,935
1215,117.83762343791409,134.71694460495962,67.19355024023548,rainy,4,2,fulani,27,749
1103,155.50057994549644,135.57347881005472,47.568965143750624,dry,1,18,shika_brown,40,686
1675,124.07918262691014,130.670816330158,67.50794017501752,rainy,0,20,noiler,23,1066
1378,107.53451587632219,118.56792370416545,61.410652492600846,rainy,1,18,other,66,778
953,127.64507840248214,131.2236809981431,51.223855591745945,dry,3,14,noiler,91,491
633,157.36652010088713,171.29816995781815,70.7451564464177,rainy,1,6,other,99,264
1240,114.56295620186174,144.69626900939195,59.45433019678627,dry,0,8,sasso,44,748
547,114.67077433245677,142.4371043871389,51.596731010121566,dry,1,16,shika_brown,99,268
1078,115.40381750298343,188.52262931836415,51.89063022891766,dry,1,2,sasso,38,770
304,119.47532974899903,75.58002097407149,51.906574240069325,dry,3,24,sasso,73,197
634,101.79375926811488,187.74329983840903,36.29445162570925,rainy,2,24,sasso,45,490
710,101.01808669644622,158.43771625424347,38.854538192184734,dry,1,12,other,63,392
1035,141.70076800569922,131.17429919610723,56.69036378035669,rainy,1,20,noiler,65,662
997,117.66887324749558,125.56334985808878,71.20629169182743,dry,4,10,other,87,424
1547,107.95919017781185,116.57507916208415,56.02040857844595,dry,3,13,shika_brown,92,745
813,111.87800866196432,175.71879157225322,63.03477455891857,dry,0,9,noiler,98,374
1443,105.34324487012135,190.290428061849,37.210062219398246,dry,4,18,noiler,22,1085
1545,118.20537662597053,94.04172708443608,58.60804351128755,dry,4,12,noiler,98,791
1811,150.35192971340143,143.84231399263854,51.782523079253714,rainy,4,1,sasso,63,1042
1105,159.86274891159889,123.3249283709343,32.5861111670576,rainy,2,20,other,52,588
1973,121.68054009097342,144.3409397822699,60.802234113965184,rainy,2,7,other,75,1016
1044,134.69239847929776,125.62802098800093,37.09407880076586,dry,3,10,shika_brown,67,553
1081,115.03071246554488,155.6513206039898,57.29082619733926,rainy,2,3,fulani,87,477
835,111.72793663793115,163.129850125413,50.93390678416479,rainy,1,12,sasso,76,470
1574,125.94583856561484,154.9253729362028,61.38637677869205,dry,4,13,sasso,69,884
461,116.96671246756233,108.95690776319066,61.90152374338633,dry,3,23,fulani,57,241
1847,137.19167602946038,76.05517553388123,46.07101205784835,dry,0,23,noiler,56,931
1259,127.74234125179576,154.6100888800226,66.42349579706234,rainy,1,23,sasso,60,951
924,142.24772946278293,115.31612416880111,74.64301187303622,dry,0,3,sasso,45,504
1430,146.60282817665552,114.19486536351693,64.55587663256651,rainy,0,19,sasso,48,762
1778,105.18109967923363,184.25853018401676,38.75123614488768,rainy,4,13,shika_brown,48,1350
1256,152.14411103684358,71.54023877253319,77.3664281814309,dry,3,1,fulani,43,502
665,159.6812730932565,171.7391158492416,55.76046957323514,rainy,4,21,other,69,331
1580,100.41884748351914,108.5996289629855,60.24286660846241,dry,2,20,sasso,74,794
456,159.2228002115965,116.08773325927962,38.53146768507178,rainy,0,0,shika_brown,58,184
840,131.73008019416807,158.05782228393227,77.59882105006605,rainy,3,21,shika_brown,84,394
603,133.64108791053735,183.66036706320028,38.046217026893196,rainy,2,11,other,84,303
1022,107.47014270328906,147.97290218455277,57.316617723400725,dry,0,8,other,74,409
1361,135.04593237784505,67.05523333306405,39.92128335358517,rainy,1,8,shika_brown,65,792
1850,135.571182103776,89.52994133609633,73.08942988561353,rainy,2,16,other,33,1167
336,133.23054787850526,75.50716870828798,49.728699085950666,dry,0,17,shika_brown,18,199
1317,155.84933443941208,182.05773980965682,72.3175601886821,rainy,3,22,noiler,49,940
633,139.35900110141836,159.0083670550885,51.29394456458257,rainy,0,3,sasso,68,338
1283,150.45009860759615,192.6520332702241,51.41160787831683,dry,2,15,shika_brown,93,664
1332,115.2282832051376,180.35300291239275,45.909886385257806,rainy,2,21,shika_brown,32,1115
1576,116.67670397232479,92.81528401669668,75.59792948393026,rainy,4,4,noiler,81,783
758,119.98824427824215,157.44220420391844,43.03993176311749,dry,3,9,sasso,71,429
630,113.16479834753939,106.64660009790167,36.40286775343759,dry,1,11,noiler,41,448
840,151.37448787721164,84.93932795545867,73.55548530353977,rainy,3,17,sasso,99,391
731,157.19097515439023,69.21664474185835,75.37556211292579,rainy,2,2,other,68,302
384,113.60601210132002,187.25570607274875,59.57623022355814,dry,3,14,noiler,41,323
1743,154.59109536632715,143.51368587912606,65.81160655110673,dry,0,4,fulani,52,697
735,148.54611670795873,173.64222806384743,33.478358156977094,dry,4,19,fulani,56,336
616,129.32834533714814,137.52811484139255,36.360705741034685,rainy,2,9,other,46,403
1617,137.93702203847573,165.24431808075525,77.7261504898035,dry,0,9,noiler,41,1026
1615,114.30575623217938,162.68218600303044,69.24433892020647,rainy,4,4,other,76,847
801,159.6586152440055,119.91514389488049,53.986828783571355,rainy,1,18,sasso,96,368
1660,102.84579766223963,147.35243934187824,53.70718780158926,rainy,2,4,sasso,35,1238
757,113.26316850773834,88.19822938683333,35.05973021155854,dry,0,15,shika_brown,81,345
574,143.24621570346366,87.43455158868055,41.49829217000416,rainy,2,12,sasso,48,419
1336,110.29041134258011,75.59975391275538,73.99787684406311,dry,1,6,sasso,95,566
1989,134.9851049291134,183.8949744828423,73.36222513208206,rainy,3,7,noiler,26,1567
666,120.03916438706129,161.5640720837476,34.06857512016213,rainy,4,23,other,49,430
1378,103.70621519207072,62.04664777334117,35.26241179261903,dry,1,3,sasso,20,821
1994,146.3876208636081,174.95225708634032,44.55262080090258,dry,2,23,shika_brown,47,1287
463,147.2744598246668,130.2297157315191,61.806026182296975,rainy,0,13,other,43,269
301,102.61941949618652,82.33782220914986,55.34748654919994,rainy,3,24,fulani,32,185
1488,109.2869630716595,144.92235630116045,70.83842582719868,dry,3,11,shika_brown,52,1017
768,118.37727491346709,110.01050460083972,72.31868048048257,dry,1,12,other,86,337
1715,154.18391841043456,105.15826491121773,45.68139647854222,dry,1,23,fulani,24,748
856,124.04641692217544,161.157708091198,34.92481532198577,rainy,0,4,noiler,33,542
429,129.64732142952954,128.02075032437213,46.09266998955822,dry,0,7,fulani,44,191
1845,117.99437285560916,97.71368289279286,54.88906397366401,dry,0,24,fulani,47,802
308,100.94447555490876,104.2412929153931,30.251731804689094,dry,4,13,shika_brown,34,219
1054,153.16054678753025,83.59179815386442,60.8742427504138,rainy,1,10,noiler,90,498
805,112.84181548365007,70.00411508069166,33.42709710932784,dry,0,15,sasso,26,438
1156,110.95240313397039,199.6070254928223,77.95340247822251,rainy,1,22,noiler,72,663
815,153.16479494749674,67.41283169820653,65.86877588023562,rainy,4,6,other,18,454
1344,126.67767858999194,183.27746005482615,61.92233996357389,rainy,0,23,other,48,830
424,138.65236893436483,188.20723021424814,52.21150941601033,rainy,1,14,other,88,209
1873,106.55163250026266,77.55969320290981,51.28838317740234,dry,4,18,sasso,98,940
882,109.91889285534936,82.52667683354181,38.34904053184592,dry,0,17,shika_brown,49,496
517,110.10936029952337,75.3367531802611,37.490828648488026,dry,1,6,other,64,250
1237,153.24341950140098,174.25449006487958,77.90278845230151,rainy,2,17,noiler,45,807
776,142.40358056325798,157.85672104603344,34.35971419624387,rainy,4,3,noiler,37,541
618,119.71148189148417,179.06421094163068,42.45211428227714,dry,3,17,sasso,55,409
1425,132.81533774470304,100.59754937599229,51.33319932669164,rainy,4,16,shika_brown,90,832
813,116.40818572628865,68.43603021572717,70.04349857534004,rainy,3,5,sasso,28,593
516,158.79501759030455,69.508490054441,69.5490570449717,rainy,4,11,sasso,35,358
1804,110.78254726815761,145.4682462652143,69.9727059343584,dry,2,0,sasso,59,967
470,125.14474002532283,152.43189762268872,74.56825189498767,dry,0,11,other,42,253
1614,100.14302842972354,110.92237407725626,75.34281180582119,rainy,3,10,shika_brown,77,866
504,101.93118159285738,146.14825756494525,50.58540830575119,dry,2,10,sasso,61,291
509,129.55679356579444,141.72419584590227,75.217473336678,rainy,2,3,shika_brown,89,282
503,140.16264790332457,89.60888620543435,59.67888875599729,rainy,0,13,noiler,42,376
1267,156.87024129983223,173.42771333619064,73.93740565913846,dry,1,22,fulani,71,507
910,152.05453060709027,131.64557206698964,62.44305255538936,rainy,4,15,other,50,537
512,112.79880975311266,188.7021829151269,31.41487726734478,dry,4,14,shika_brown,96,226
1656,118.92282825010906,75.00975001360925,47.06706804170058,rainy,1,19,sasso,36,1248
1158,144.47173455882938,167.5541557963274,79.24042886776306,rainy,3,16,noiler,23,904
530,138.90945557349244,122.97933177469974,63.96527421887938,dry,2,4,fulani,88,212
323,133.1041079308646,70.44731263261069,73.65658343040421,rainy,4,19,shika_brown,88,178
1428,131.54013046379302,63.06396450772887,50.31355379355958,dry,3,19,fulani,75,571
649,132.00326829804422,109.10025758983316,62.00077718967626,dry,2,15,fulani,63,317
686,120.8744692987919,65.29639672173649,77.15259846345356,dry,3,14,noiler,61,393
1437,157.88722031020075,120.55542560419497,61.16014204837748,dry,0,18,shika_brown,81,575
708,141.48844271415328,140.43241645239567,32.72383195190094,rainy,4,20,other,69,346
508,154.0424040545198,162.72197464515347,34.40141885739034,dry,3,24,sasso,80,241
764,117.7269884893895,139.83420077659719,70.2615369673436,dry,4,10,other,75,373
800,142.54286329616343,181.3035390027199,78.38226080710943,dry,2,3,other,40,446
721,129.3952454476708,173.52600569684904,76.99491384290343,rainy,1,0,other,74,324
958,126.51877911045784,143.71787746856683,70.82481839547832,dry,3,17,other,46,622
608,148.5560288735284,120.63107493587319,71.46888133415699,dry,2,2,other,70,265
1732,154.03568874433054,102.52380502347063,46.34611891540193,rainy,2,11,fulani,31,946
542,156.14968758029386,105.83445621421352,48.13452975195712,rainy,4,3,fulani,37,275
1054,118.81245912575409,96.38164416030357,56.76205938136084,rainy,3,23,fulani,44,566
1415,128.69564367718576,141.48290987991174,42.05204988778404,dry,0,18,shika_brown,22,883
1607,100.04465889334486,86.5905236099765,38.78250100955155,rainy,0,5,sasso,94,643
483,149.16060262484132,153.47528363963232,65.20401350136216,dry,1,14,noiler,21,334
1632,113.31762735244268,135.4639245362984,30.89423710433964,rainy,1,23,shika_brown,53,1156
1799,120.70985720364403,83.0162473635611,51.12167969493844,dry,4,5,noiler,44,1111
841,119.49197988026376,141.86665228165361,66.16086916051785,rainy,3,5,other,76,443
515,122.27205418324485,189.76479020075988,62.03818167224044,dry,4,18,sasso,29,388
904,144.29078340951736,160.2742622762252,56.506251350190865,rainy,3,9,sasso,98,484
1747,100.87057885270224,146.52893698893567,60.627962283513966,rainy,0,4,other,35,1088
637,141.90549964892102,156.6967327728371,60.66459973027997,rainy,3,16,noiler,69,414
1648,110.32204634231195,99.26660732012263,35.51587613835632,rainy,2,7,shika_brown,54,1025
1934,101.44389715650873,112.39155906855248,45.25471305754934,dry,0,16,sasso,26,1186
1820,110.14447003586582,199.58531394942494,70.28462830356835,rainy,3,4,shika_brown,98,1060
1963,149.5321985695236,156.17307551816754,47.17750097094632,dry,0,21,other,53,871
1190,156.39984333933413,72.73078394265539,32.60018979960472,dry,3,3,other,70,476
658,143.40821039875325,102.62736006358654,77.63340542091831,dry,1,17,shika_brown,44,394
907,130.45295453136902,199.05580594441275,77.85739790172775,dry,2,5,fulani,96,363
520,155.66851941736087,102.55795261533743,76.36876317179542,dry,4,4,shika_brown,97,213
1959,128.22964231034854,106.6444218194026,65.9296463832327,dry,4,8,shika_brown,41,1414
746,145.7154870437209,97.36097754302156,49.2315135937819,dry,4,23,fulani,23,380
499,109.8549647485905,180.9796489759805,66.15599215169723,dry,3,3,sasso,99,249
1719,150.4652402184243,149.58561327407654,47.28260543213288,rainy,1,6,shika_brown,94,827
1692,137.98550664104988,125.0095024494906,54.555652617191654,rainy,2,9,sasso,81,889
900,133.4701493694608,89.97970697413561,59.175287883047986,dry,4,6,sasso,19,589
880,158.69334698848996,191.0670302012906,44.05726209530995,rainy,4,18,noiler,77,416
1660,146.49086927119765,178.5654794028763,74.30663752191305,dry,0,8,shika_brown,92,664
1372,140.69499258737983,133.67747588950806,75.5212941827935,dry,0,7,other,48,611
648,131.00886131395154,135.27862355701285,72.17611855719821,rainy,4,3,shika_brown,78,359
1329,115.34830054243022,158.07966318074477,72.90026656180277,dry,1,11,sasso,82,722
1753,118.12186569892785,89.67219420371819,57.73144333372299,rainy,4,3,noiler,85,937
1582,103.83181957754633,64.19167191945266,75.02807175011446,dry,0,4,other,61,633
1899,117.08334572302877,65.2111038629286,66.54192363994574,rainy,0,20,noiler,92,906
1869,136.9395433112865,192.3321026451204,34.697042281146395,rainy,4,1,fulani,60,842
785,137.46178253890912,127.64804493218361,46.883175611658785,rainy,2,11,fulani,27,503
1991,127.0266541585472,128.47525690328683,43.591759986097706,dry,0,12,shika_brown,82,812
866,110.32872605689371,63.30151047575788,56.462389863132614,rainy,2,21,sasso,95,469
519,145.63447664122984,134.22355323859261,51.51723826889163,dry,0,13,other,40,255
631,110.32075087027359,191.56246426574654,68.64575269109424,dry,1,15,shika_brown,57,339
1258,138.89814770354891,174.25227440730333,78.85689478207843,rainy,0,4,fulani,36,629
1783,116.87946571367962,122.66550950720219,45.95461771462013,dry,3,3,other,59,911
1688,150.75673203914437,74.08944486907723,63.86031926017554,dry,3,3,fulani,62,675
444,121.37362572484884,189.46886907604693,49.826902651729014,dry,0,13,fulani,52,204
515,114.19672128161915,176.09271353678344,79.25101860964048,rainy,1,14,sasso,98,269
454,130.41284999552917,146.8738240252978,30.647535880648974,rainy,4,13,other,61,273
1675,101.83981205450003,157.98528318987675,42.24855435184924,dry,2,20,fulani,72,791
1325,148.94850220505123,155.88487632775178,31.28711281930707,rainy,1,16,sasso,54,879
583,105.52489242813543,86.55519292435238,56.88526955396865,rainy,0,15,sasso,27,410
1146,153.91649020296344,180.0050089261179,48.87754643321221,dry,0,18,fulani,62,458
401,157.21335593906767,139.65315268712283,64.8036311584003,rainy,1,3,fulani,35,191
1171,126.72860112343335,155.6317595722885,53.541929686348354,dry,2,13,shika_brown,30,880
917,129.42328349239625,124.25626679334282,56.67102454516703,rainy,2,21,other,19,615
1007,134.26683000387408,119.69114621052302,69.40406141238392,rainy,4,5,shika_brown,79,546
1617,153.15365986394747,113.89384769096381,36.09497422509159,dry,0,22,shika_brown,71,647
404,121.46069999411844,127.50982145205639,41.682722582859654,dry,4,21,sasso,52,294
851,133.51605315662562,70.790949327955,32.36625284838243,dry,4,22,noiler,96,387
696,156.19278103083974,181.52278772892078,68.50940680972707,rainy,4,19,noiler,35,502
1499,142.12031623451264,68.14115641790963,31.987575576492766,rainy,1,20,fulani,28,775
1015,100.27803969510134,114.95773904945293,78.14957583583,rainy,1,18,fulani,43,551
1533,100.24182436823794,156.18305885890447,59.865102408827106,rainy,0,11,fulani,49,736
1472,155.66866042261518,157.85775847004612,77.94706302735084,rainy,3,8,sasso,91,633
1176,110.72183181583247,178.3036520428979,62.85945299950688,dry,2,18,noiler,54,902
1899,119.88926520977748,136.3200742917079,71.57932335021141,dry,0,23,other,94,760
390,147.2275968001351,177.255753646568,43.810628832711465,dry,3,1,sasso,63,210
1245,108.18698523972616,143.59589071364024,48.75840997993109,rainy,4,24,other,53,872
1534,127.3065291391842,157.2763553149062,30.659904119061128,rainy,3,9,other,25,1096
1357,140.66523895393024,159.22489720669432,31.963028055261308,rainy,1,16,sasso,93,726
394,109.01276855001088,61.00221570334796,35.39164244967077,dry,3,13,shika_brown,54,260
1003,144.56704825970976,171.2089721252587,39.36361560997626,rainy,1,18,fulani,69,469
765,118.44303156616094,181.2710456772649,49.15925859910506,rainy,1,15,fulani,79,366
1782,108.47512613917984,140.5694014844397,48.38978618152541,dry,2,22,fulani,88,716
825,108.90235996938466,178.32012562473753,76.25216009945915,rainy,1,19,sasso,54,589
1082,136.2077982231182,142.84561939098035,50.61774805156983,dry,2,21,other,42,660
759,102.42229272633134,186.13021547517812,51.463290369224374,dry,4,13,noiler,93,425
1498,156.30253498264773,167.3505487594832,41.10126864068208,rainy,1,5,shika_brown,19,995
981,117.72142841562298,162.42975673143707,43.39343038920901,rainy,2,1,noiler,96,496
506,120.66301046496943,180.1671771579883,50.116451340693615,dry,1,12,sasso,77,277
1989,110.88352800977759,61.02092262886204,79.10651513958362,rainy,0,11,fulani,71,796
1452,125.56890877599386,145.93561972540613,63.37782460340166,rainy,4,6,noiler,62,1114
506,152.46497964191678,93.67976548615235,67.22443906161972,dry,3,15,noiler,29,312
1888,101.78055199959428,61.591466925251595,72.87800491686491,rainy,0,24,shika_brown,95,755
1895,116.68802140401309,175.5057470325749,66.92232268454384,rainy,3,19,shika_brown,53,1311
1627,152.72116926288464,112.36557754031881,51.588716790062676,rainy,1,9,shika_brown,48,936
1512,149.90222058678336,118.60725424348897,37.17169178990773,dry,0,18,fulani,71,605
1850,105.01453234930672,136.4620281797796,73.61753933976604,dry,2,5,sasso,38,1221
642,147.2963618680912,137.7925295961822,62.809171392569034,rainy,2,20,noiler,69,419
958,112.25055955387671,198.77692999820113,65.06647710000033,rainy,4,24,noiler,95,564
1215,114.68494144015138,92.96312433294698,45.68510300067718,rainy,1,21,other,63,723
1055,140.79695040698502,73.28903556076462,57.08785976444911,dry,0,3,noiler,48,596
480,144.47667859989883,81.3622854123638,59.7498881628708,rainy,1,9,fulani,30,264
1665,125.31403632509272,102.73542376015395,77.14457066851078,rainy,2,18,other,27,1091
1442,158.65422643309603,120.63634893320975,56.252487549404805,rainy,4,21,shika_brown,22,979
539,102.67386015324429,110.73866900569664,30.179905083782682,rainy,1,3,noiler,40,370
537,101.95472086775204,188.76553809876026,75.15046360576201,rainy,0,5,sasso,83,248
1796,104.98527750365791,159.8754864451759,39.85045054230322,rainy,2,23,other,31,1282
1761,148.92448600196434,65.7212102759129,44.852659026345705,rainy,2,14,shika_brown,70,917
1543,126.20184308501624,60.232815172375425,41.499891383528926,rainy,2,6,noiler,98,791
513,129.5744097094377,178.08104210996413,55.44282446661785,rainy,1,8,shika_brown,62,363
1599,159.1176835059032,191.08685541115136,57.12207543203216,dry,3,4,sasso,37,914
909,122.27383414435886,108.35645264139922,41.54812535253861,dry,2,4,other,55,504
1177,157.34268828506472,140.73123074538807,48.61368115686119,rainy,2,5,sasso,47,766
1017,103.32099622981099,142.43074567132942,70.10154937616161,rainy,4,13,fulani,60,529
1890,104.04994121957965,83.17107954359327,36.423430262275865,rainy,1,13,other,69,890
1857,128.62637930470544,86.883526875825,47.51108879805341,rainy,2,3,sasso,85,953
1656,109.6145368105733,94.09914181693114,33.563098212905466,rainy,3,8,fulani,92,662
574,133.406371096489,133.8174468706644,55.488713990090346,dry,3,15,shika_brown,90,288
1341,125.85202220168559,77.81546498452879,67.45822301935951,rainy,0,5,noiler,43,797
1049,127.79910914113914,182.43335798975875,55.78081410879388,dry,4,4,sasso,65,638
1163,139.86599734909885,81.90867465594997,52.66267341884053,dry,4,2,noiler,56,713
509,147.32175708471726,138.9404383754572,59.805016860866274,rainy,1,11,sasso,74,282
1953,132.82316085433587,65.1471564793833,39.00348361190922,rainy,2,0,shika_brown,96,847
715,109.39950460133707,75.06227995018367,77.73409918893066,rainy,0,17,fulani,31,372
731,143.70719294260584,74.21682185163144,70.79534774097026,dry,4,4,shika_brown,32,491
524,124.83128856251402,74.77379055632827,37.89392607560236,rainy,2,14,sasso,75,331
907,133.3898150994039,90.12562590615025,33.923934904801996,rainy,0,0,shika_brown,78,371
365,102.63331615343976,77.7826516390694,51.01202913378771,rainy,3,4,sasso,31,299
1198,136.74238141383987,107.80192828227433,53.19841394276246,dry,2,21,shika_brown,46,853
905,124.79708582290905,108.70516189805267,68.88749582212466,rainy,2,20,fulani,94,398
461,134.89060298605835,157.2087318979643,66.57530240583466,dry,0,24,fulani,93,184
1761,139.99034662188012,184.7500071519346,33.711208349648814,rainy,0,4,shika_brown,84,822
1569,122.15710558604972,69.48625764664962,69.02981942495303,rainy,1,13,sasso,52,982
368,140.2054138266451,171.36361490746657,52.39318518652962,dry,4,8,shika_brown,88,174
636,158.2620785498933,119.50598706805647,32.02868382882015,dry,3,20,noiler,97,284
1306,103.43764121769237,77.93245142673189,45.14495913798337,rainy,4,4,noiler,90,720
1724,120.11122608789006,77.1855728344222,45.52403635758819,rainy,0,14,noiler,65,867
1508,108.02381469490474,74.554036977238,50.00438767198466,rainy,2,16,sasso,71,763
1359,158.41575917622725,163.35798944295746,79.6172345154495,dry,1,11,noiler,68,655
1976,159.6666400391092,146.62353980476166,50.73048037383021,rainy,1,17,sasso,18,1230
664,147.32495000341214,139.34841669584597,76.02814985863554,rainy,0,21,noiler,22,406
682,147.52152252865707,199.98061506915332,52.840223198254876,rainy,3,19,fulani,40,394
1995,129.61134309495108,84.74856124121553,38.842167726284266,rainy,1,17,noiler,94,909
700,146.3275761415786,127.69599946290751,49.14781444089788,dry,0,19,other,51,327
1069,148.79190478810358,68.87318388364294,35.4986800398939,rainy,3,19,fulani,22,558
1631,129.02962592026256,88.17434369364886,65.08819458574962,dry,1,2,noiler,77,743
1389,155.83088399813994,160.63786383907103,50.77840022139202,dry,2,0,noiler,21,753
1234,126.12204887732545,67.6669451224559,68.75606030501832,dry,0,14,fulani,45,519
315,147.26470564409777,78.25138184413296,72.85073602602583,rainy,3,20,shika_brown,68,185
432,153.44149793322492,184.99464481790332,50.84587295964783,rainy,1,11,other,20,265
1872,146.72463080543577,152.65216122084533,72.41608357558883,rainy,3,24,sasso,80,876
896,139.2833761422529,173.73208192089248,36.01679994223038,dry,3,20,sasso,37,638
1806,152.2399606012906,123.06609601004854,57.12089059473307,dry,0,1,sasso,75,722
647,138.7200416008668,108.67590431918237,73.38516668659324,rainy,1,19,sasso,60,471
507,153.26181103425813,172.8699174256044,79.2154258056159,dry,4,17,fulani,46,250
351,158.58129003961477,152.15680218635725,50.52280404617042,rainy,1,5,fulani,28,166
955,144.77626404726152,98.24276227732491,32.44092649952545,rainy,2,20,noiler,87,507
1673,150.37656900955244,157.11533634563952,53.160447736134174,dry,4,9,other,20,1008
342,115.28237126091429,178.94953021814246,71.92641863444427,rainy,3,16,fulani,64,175
1161,148.0298183624613,181.57016360959045,72.02555688085184,dry,0,20,shika_brown,76,531
1614,121.84415218269774,183.22916602093258,79.04065693541858,dry,1,1,other,87,679
1487,119.1877559857665,138.93583223819445,64.5605834926467,rainy,4,10,shika_brown,33,1147
1790,143.82448506902284,107.23891760592056,76.80787407284724,rainy,4,4,noiler,29,1274
1313,104.76324985456009,119.12383290026116,41.06747348129593,rainy,1,22,noiler,87,747
1655,115.41658175503828,151.39430034849465,43.02792267256842,dry,1,16,other,25,983
1603,133.27239126534354,123.66017875707273,45.388944347533354,dry,2,19,other,71,792
692,146.3528093507254,181.633948917376,45.5737557019447,dry,3,5,noiler,20,525
577,138.89014449940026,73.56732797452858,79.89601848204434,rainy,2,9,fulani,65,259
1425,143.04057198866923,80.12165200857382,57.62501748977776,dry,3,6,fulani,25,642
1329,140.32917340943422,114.57811553014258,48.08439916313974,rainy,1,17,sasso,88,764
1723,151.24017807833528,170.7812874628492,46.60484633602435,dry,0,1,noiler,81,689
1639,102.73531987164809,130.01265916639562,49.0132266620193,rainy,1,17,fulani,82,656
1878,100.76668879803182,164.9948682540814,36.51020136375768,rainy,2,8,fulani,55,915
518,158.73159491927473,136.17063898935982,51.37216626957027,dry,2,15,noiler,93,224
602,153.49647860827875,68.14443198221976,55.499328418502955,rainy,3,24,shika_brown,96,275
1011,159.98555118947456,159.51689860668395,74.39961546772278,dry,3,18,shika_brown,46,584
1415,100.71985884809091,112.77461778357281,34.65157925297001,rainy,4,24,shika_brown,63,822
675,103.89060577893689,94.96230982292369,71.37793530017434,dry,2,20,shika_brown,48,455
1551,115.93708238207415,107.06926171029531,59.93433188340607,rainy,0,13,sasso,28,1024
671,150.35192292135238,71.44824076384087,59.05905268290337,dry,2,0,sasso,67,304
947,122.68517829144042,67.7451077790244,40.34335876921503,rainy,1,21,fulani,84,436
1615,110.76556630570252,84.37535834515512,66.68734374097758,rainy,3,22,shika_brown,80,800
1531,145.7460073916259,182.85051114744334,44.62092277194253,dry,3,16,noiler,87,802
1883,146.9014302796522,142.94766561364844,59.89685495688893,rainy,2,20,shika_brown,67,1060
1156,153.8852337004452,182.4770506367818,78.00866666996882,rainy,0,2,noiler,82,462
781,105.36429795408775,175.45705762837844,35.958788053213425,dry,0,8,fulani,83,312
788,108.3312082615638,76.66531035147769,67.80392250224597,dry,1,4,sasso,46,519
1117,118.65544167915212,102.74685273409999,64.98532139752686,dry,1,6,fulani,83,447
527,134.2071400628936,178.47968703272244,32.19889056044782,dry,4,20,fulani,63,242
1686,130.3797614764364,192.97951899738754,75.91258493629476,rainy,0,6,noiler,89,928
1006,112.94255688686542,146.41536047217807,75.80311009918574,dry,0,11,fulani,65,402
1124,153.50803869481373,199.09009202967167,58.36022666101039,dry,1,19,sasso,45,679
1762,159.00807205177915,198.74095409814004,69.96070691404432,dry,0,12,shika_brown,22,898
1477,132.24110142531666,77.45211561195045,48.43115131917965,rainy,1,6,shika_brown,38,1029
461,104.45019528305266,127.2592696564487,43.25570066873715,rainy,4,24,other,46,311
1318,154.43033884196572,177.23993692861293,79.892156394179,dry,3,4,other,80,527
1618,120.86139130536357,103.11881160980968,47.961173169580334,rainy,1,0,shika_brown,25,1103
350,134.52443434093854,174.93039205188444,44.47367596121759,rainy,0,19,other,46,186
1845,144.59778313495596,196.44036732430666,39.30715862887138,dry,3,13,sasso,39,1414
961,148.62777138860235,185.31025850049596,54.112175746423205,dry,4,12,shika_brown,49,571
1753,103.12289228930766,199.02785531153611,74.89529851890353,dry,3,18,shika_brown,89,903
1094,135.64446263700978,118.24858104669903,59.76029212776741,dry,3,0,shika_brown,18,681
1428,152.2029579408119,178.50151175948574,73.56825222785909,dry,0,2,fulani,89,571
1305,135.5146783780668,179.5383135217561,76.8591997261367,rainy,1,18,noiler,98,670
557,137.00662407957833,68.64209058945279,69.3327254929734,dry,3,17,sasso,25,418
804,153.07852744268854,74.98625207588877,61.561474262732,dry,2,8,fulani,29,383
1663,109.62312002231707,95.57516542851488,34.919265481069644,dry,0,17,sasso,63,693
1480,122.58259718335532,120.80851108510822,52.75056267171848,dry,4,15,fulani,18,761
1738,141.75454623049214,157.2067726652561,48.40514268773481,rainy,0,24,noiler,72,934
1787,148.20448094082604,100.48125003948208,67.02621270309531,dry,1,15,shika_brown,42,1025
1128,153.70744135860684,100.1558861872908,54.445492278561446,dry,4,22,shika_brown,31,698
1185,154.349910543721,181.80213219774473,35.3222773373394,dry,3,18,fulani,77,474
537,116.60763821783846,153.40343549072946,65.46552243893663,dry,3,11,fulani,64,261
1463,111.69511542521676,136.54882861176267,62.32687869865368,dry,0,0,shika_brown,30,747
816,152.8943191566075,81.4044792011624,59.40328835719396,rainy,4,1,sasso,78,345
435,127.35157246292556,70.93232824979734,54.89844944172424,dry,4,22,shika_brown,72,260
670,136.63893094766414,69.26755512152674,39.50683779962626,rainy,1,22,shika_brown,35,558
826,154.94695041677835,178.87792822995158,49.16346134565674,rainy,3,13,sasso,99,455
1409,139.00504363718173,187.98167041204124,45.16377384459772,dry,2,10,noiler,88,763
1325,119.75587014254214,74.74903344913058,51.733528298205556,rainy,3,7,noiler,54,872
1024,119.72523565530892,156.30054181670187,49.143373262958505,rainy,1,23,other,77,584
745,126.08809727176956,133.10800124233288,67.31912530675046,rainy,0,3,other,28,410
783,138.69427350342397,115.07535321737876,60.29613679642513,dry,0,0,fulani,20,319
1112,113.93850441318918,141.90445369756242,79.9149914236443,rainy,4,7,noiler,86,597
373,157.98064645974233,162.72069005419536,47.20014579901308,dry,3,7,shika_brown,32,223
1584,130.02541706321392,68.74566916055124,52.64728234391829,dry,1,9,sasso,35,1037
799,104.30132119005088,146.33157805901735,30.16144425761256,rainy,4,12,shika_brown,32,589
1850,105.51347459623052,135.73740644249102,39.225978933619075,dry,1,21,fulani,41,941
1532,156.9162035868539,191.67708122479277,56.24005483249907,dry,3,12,fulani,54,656
1396,137.46418045465626,183.49693602549848,71.36612316615714,dry,1,8,noiler,41,967
1292,134.39877186679908,69.7824734256385,39.08188996477283,dry,4,4,sasso,23,805
1813,102.55505572563008,106.45617811081149,53.9180796991592,dry,1,7,fulani,52,830
855,122.10966025865488,165.3009173102491,48.57936779689673,dry,0,3,shika_brown,50,459
1290,120.17795380280525,103.73558690752832,33.89163080258358,rainy,3,4,noiler,72,821
1978,103.15547992559002,187.70864867444453,43.55817104456454,rainy,3,13,other,30,1459
1959,141.68366236122293,183.87822025162353,37.36293328497994,rainy,0,6,fulani,43,960
853,147.52716296152207,91.20037313346864,47.42974874511123,rainy,2,0,shika_brown,35,536
979,152.29067569789325,184.8956996892873,59.33321015220409,dry,1,21,sasso,57,586
1588,147.2074522151206,181.87536511973246,42.14936370131353,dry,1,17,shika_brown,74,731
498,131.78287498071884,64.40913761057526,30.955345322437367,rainy,1,6,sasso,38,344
1744,128.19448176412092,97.21185960816857,59.5207097405857,dry,3,16,fulani,92,698
1343,152.36646757869522,116.39145003968368,48.73315341121132,rainy,2,17,fulani,83,537
615,133.79858160859686,170.2016514342526,60.53573933851958,dry,0,15,shika_brown,18,405
1983,126.98043675700796,108.7301465570042,61.90134727546766,rainy,2,17,sasso,37,1452
1320,143.1133256643021,191.79492893058247,68.97957804998336,rainy,0,14,shika_brown,60,795
1869,125.95749449644872,67.21474231072234,64.28429696384534,dry,2,18,fulani,20,1039
376,155.64549961389676,141.44372364429177,39.80143015229351,rainy,0,24,other,86,150
1398,116.57614417050434,151.39471988867584,51.671690633649646,dry,0,16,noiler,61,723
1393,146.5569786589475,129.23493958493526,78.30406363314427,rainy,4,5,sasso,74,781
1925,109.72403378272836,126.45730970537024,72.37007294325429,rainy,0,22,shika_brown,90,822
706,155.2439024537204,83.6373598685459,58.47206107541029,dry,3,0,other,20,318
1460,139.2079281622786,100.35217663303476,45.78391854604761,dry,3,12,fulani,37,812
1485,111.95991371469496,65.19906177170668,50.56573257215454,rainy,0,20,noiler,61,847
671,110.61553684262832,111.9481937815049,75.68528712808184,dry,0,3,noiler,74,290
524,140.78819267842402,120.32794508133182,78.65340506014512,dry,3,20,noiler,46,368
1808,110.95320095302536,151.29905906248612,68.65722256563375,rainy,1,4,shika_brown,32,1311
1309,141.12299736276498,194.22156734861298,48.68978122635862,rainy,0,21,fulani,78,524
977,142.2586617795828,188.61731499311813,70.30068490018675,dry,3,1,noiler,77,503
594,134.79679789016103,195.58618440590374,74.33465379886866,dry,0,14,noiler,94,243
1447,110.12973294046799,192.91542048393228,40.79960540738788,rainy,3,10,other,84,775
461,101.51799696489778,134.5723282886023,62.576559596134345,dry,0,2,fulani,43,185
1471,138.8523126717701,167.61748645373598,39.491355932698085,dry,1,23,sasso,35,1124
1983,111.57254118573559,186.13591681916017,57.450613511420315,rainy,4,23,shika_brown,49,1600
784,141.16326318780838,70.35482805407169,76.63602387697867,rainy,0,13,other,51,412
558,147.380343023056,197.81515412998607,75.42929885820834,rainy,1,7,noiler,93,327
1534,118.30854421501787,153.6279893929954,31.995385655235083,rainy,3,2,noiler,76,912
429,133.07132693600565,63.280885760243706,50.4868876576998,dry,3,3,sasso,71,228
303,124.78567780166455,150.40563903592772,37.653453044063134,rainy,3,16,shika_brown,24,242
724,151.6069152249741,88.01674952309426,64.18569843379265,rainy,0,23,noiler,66,373
964,159.27251383481845,137.91678276338462,66.16688666342182,rainy,0,8,shika_brown,79,386
1592,144.54161967216092,141.5401672060799,46.82156468214471,dry,3,12,shika_brown,36,1078
1167,117.07385069676596,186.20886189685132,55.57544134371602,dry,1,14,shika_brown,27,893
719,143.37467422481524,191.30985522731868,68.99367458496643,rainy,1,14,shika_brown,50,502
1870,134.49132935508197,61.176858733161644,38.33003526711181,dry,0,15,sasso,90,748
1776,111.45899660277487,117.72949561013918,50.47089131352162,rainy,4,23,shika_brown,36,1439
1369,121.20428699315958,185.70662275262498,40.01707418518435,dry,4,10,noiler,42,1074
1937,135.13034532092465,75.31735300958073,50.13450742022041,rainy,1,10,noiler,83,938
1190,122.19518215175978,198.6746463713769,49.90099844024176,rainy,4,24,fulani,87,540
1635,136.37995783619346,173.85560687786133,53.12814615636643,dry,0,8,shika_brown,34,1039
305,130.11891865325865,110.84281724106214,65.52059301917066,dry,4,15,noiler,22,233
995,155.83102814571288,72.24447084905671,36.15962826836027,rainy,1,8,fulani,92,398
1852,120.5630140699849,197.65556333465258,39.59948643282317,rainy,0,12,other,27,1133
1505,137.85437992446106,119.2891835240718,78.12658442473162,dry,0,12,shika_brown,26,923
795,149.66197792581536,173.4669076620548,33.65379748036401,dry,4,7,sasso,53,457
825,133.22280574740645,146.2080320539471,55.16756409314698,dry,3,14,fulani,99,348
1167,153.6266540353637,137.73975790731475,70.61494403119713,dry,2,6,sasso,48,678
1432,109.94828980269025,180.6330957056408,59.99229835687357,dry,3,1,sasso,51,836
855,126.86720230126569,162.8610338495102,50.17712156097059,dry,4,20,shika_brown,65,516
1369,137.75474825585968,152.5065924221607,67.72728440664926,dry,4,1,fulani,43,778
1051,130.36589143116043,60.35850423480295,31.54898217340288,rainy,3,17,shika_brown,76,557
1055,133.08233537523842,153.42901578749553,34.187332617478006,rainy,0,24,shika_brown,32,737
1557,132.53467383437402,152.39255708821665,73.96369804585439,dry,1,12,other,86,638
382,156.0329163958003,74.57151002041685,68.30277861068838,rainy,0,19,shika_brown,31,244
988,103.16282360340956,86.82773407362737,62.01119612694862,rainy,1,21,noiler,70,597
732,150.65258831399558,172.72763594837733,66.44238219158525,rainy,1,20,sasso,25,515
671,147.99091854022905,146.48042779635085,66.51966684677978,rainy,4,17,shika_brown,45,473
1893,122.19308414134404,189.41035894795704,69.78991275035128,dry,3,10,sasso,62,1247
724,141.73814571881496,151.27805136581173,63.6382266499766,dry,2,8,sasso,54,492
1677,107.28643938916736,144.2551544668869,32.099417504755294,dry,4,7,fulani,69,770
422,121.93300917442585,164.45888421772193,58.74915790730434,dry,0,17,other,20,253
1620,153.92882651200352,144.22382016123174,56.91563002891539,rainy,2,0,fulani,50,697
1816,123.84256022932466,108.91700656723326,63.580610794379005,dry,4,8,noiler,25,1201
1254,124.21096446881371,167.72719156773826,56.47652773629713,dry,3,2,other,39,774
955,123.1987138600349,164.43205628158103,52.945759400361425,dry,3,19,sasso,63,583
1563,119.3937474443834,163.9763975116399,64.4209072542474,rainy,2,23,sasso,48,1187
320,150.76261925508624,199.81310059305744,54.969304370956294,rainy,4,14,shika_brown,92,163
1378,129.61937108078985,123.00841977972854,67.4043594935886,dry,4,20,fulani,70,612
1303,127.34733264095368,80.1818554680785,53.77617250479925,dry,0,10,other,61,521
1423,100.29355547178844,132.97953453874368,54.93878547402895,rainy,2,12,other,89,708
1011,125.7467726201184,145.82196870662895,36.134743141979285,rainy,1,9,shika_brown,30,751
722,143.05658469297865,79.8962576288528,52.877127486526476,dry,4,11,sasso,55,478
1994,129.75641164284923,72.88511798792582,49.3347342608067,dry,1,3,noiler,57,1040
1637,144.92705783107328,99.30396385744793,52.32130790344889,dry,3,3,other,68,706
912,122.55419640028731,134.52881456519404,71.7505709329238,rainy,0,1,fulani,77,365
1049,122.76266782839494,84.26665489982148,70.55305366493121,rainy,2,17,fulani,50,629
1433,137.38139857456179,102.47389579315715,51.80457018133631,rainy,0,3,shika_brown,72,716
614,146.95926006461508,153.42222909092783,40.35563227021718,rainy,3,23,shika_brown,30,455
1789,147.60980548823258,88.40994238145335,54.680272118006144,dry,4,6,fulani,61,716
1310,132.96589575077223,169.25686983052702,76.9185185674014,rainy,1,9,shika_brown,37,1049
1793,101.35087357655152,95.93841250771928,59.23673036206293,dry,2,23,fulani,82,717
978,143.6561753148252,169.97800257715005,33.75712476662135,rainy,4,6,fulani,71,442
1737,139.70754581226421,122.53479662084298,39.566530586236084,rainy,2,5,other,33,1170
1149,121.4009130325719,169.66044459774335,51.71933515997003,dry,3,8,noiler,28,912
425,103.46479841991867,65.66832653595594,31.45885434079192,dry,1,10,sasso,59,240
734,152.43003617450952,102.77074067525473,44.45718033781753,rainy,0,18,fulani,25,368
1905,143.12550630891786,111.42515815974093,77.05976386897765,dry,3,2,sasso,77,791
1412,133.32711732338765,186.09345250378857,31.68956093114641,rainy,4,3,shika_brown,18,1039
1570,148.48300714004773,133.33110297545602,79.34354047757286,rainy,0,18,sasso,65,719
989,124.74380331187291,67.40212671040821,30.924795371526976,rainy,0,0,fulani,78,396
491,107.90182959105442,153.6080902987824,59.83436170463732,rainy,3,7,fulani,19,324
1750,135.25824884730557,125.31090824686724,67.59797003694973,dry,3,1,fulani,86,700
950,143.53075702149926,161.80361974972936,61.035324953068525,rainy,0,10,shika_brown,44,669
986,153.14126495742215,78.45567454010632,30.180155277539928,dry,0,24,noiler,67,394
1241,111.55942429445777,165.53746162823302,60.5234467314979,rainy,2,18,fulani,74,654
1742,158.9649809430562,133.27060011820873,57.92220046066589,dry,1,11,shika_brown,44,967
1921,155.33751102966679,130.8936256708383,76.9613793807647,dry,0,7,other,66,768
952,146.27028483197063,147.24212688174634,37.49508323510823,rainy,3,11,noiler,69,578
1143,107.51588012213736,151.2143798851872,63.577683067541656,dry,0,13,fulani,76,457
911,129.80401930193173,188.59968622012855,72.7921631978466,rainy,4,21,fulani,20,578
1908,153.56923120832073,65.39521010353162,46.62718568526046,dry,1,13,sasso,51,994
998,109.60113047852053,191.07889767195806,40.66949353738615,dry,4,6,sasso,23,757
1244,140.35375777921251,89.824321623921,73.39465854483376,dry,1,13,noiler,22,847
595,147.06084371772965,179.08865292945285,72.19670806795659,dry,0,15,sasso,64,296
782,103.36014682860275,194.53251536181202,72.21004954003834,rainy,3,17,shika_brown,29,624
809,141.62817484010904,61.30355333699686,50.91014326284454,dry,0,0,other,44,330
1588,111.46609605719829,156.1254679979228,42.88502639869872,rainy,3,17,fulani,39,989
643,124.2817784028679,117.84391796948677,68.50171961783465,rainy,0,8,fulani,74,267
322,111.27736651939382,78.97792988996721,31.60699965900771,dry,0,4,other,73,129
401,112.14420181160186,118.23472551577791,59.184784312036484,dry,3,24,other,31,268
1393,133.59171552289772,144.30297621928602,47.589551204164394,rainy,4,6,other,38,998
1425,151.45401497936945,184.91319791812526,47.253520103525176,rainy,3,22,other,76,665
471,118.15876079184298,114.08138707639115,78.71845353205143,dry,4,9,noiler,89,221
397,124.9745016121623,182.91951221482847,45.41372964452114,rainy,4,11,noiler,75,254
1155,115.77581156314523,106.2845251157348,60.86763172871076,dry,2,24,other,62,615
1582,119.52133701251533,105.11652003834196,46.822434631451316,rainy,1,15,shika_brown,23,1202
1918,106.80305062173055,157.4049189889365,56.678947873465,dry,3,22,other,71,850
1171,104.13384163063522,90.82411457137421,58.15605010932772,rainy,0,14,other,26,721
1785,101.05766629541003,122.58951982570404,30.713679895341322,dry,1,4,sasso,53,956
1531,155.47443421753056,155.94792727857075,69.11263359384037,rainy,2,16,other,70,843
1446,148.62375124156932,108.53063762305615,60.64776844323207,dry,2,5,shika_brown,89,578
1136,150.0679574457511,122.69451298819294,57.37145683254303,rainy,1,16,sasso,29,838
487,134.26760785842148,135.15795687732452,50.824991325552304,dry,2,8,sasso,44,343
1818,124.87976002558959,161.26817140492187,72.58759288838819,dry,4,15,shika_brown,79,934
1349,126.18713194310803,167.07721870354135,30.639807879137273,dry,4,24,fulani,81,559
1266,105.67694759842448,103.66495369630393,68.72336877884891,dry,1,7,sasso,26,925
1535,120.46795467990205,186.2292205335221,75.53998903770557,dry,4,8,shika_brown,91,739
733,118.02424319510891,76.81671364143408,47.40570150021418,rainy,0,12,other,94,293
597,105.51174078054207,159.79172558140647,57.38938030102475,rainy,0,23,fulani,62,254
1240,153.80369157977884,187.89685161485735,35.07093158704251,rainy,4,11,sasso,89,624
1696,126.83727751085196,164.99497659511337,65.93882622630899,rainy,3,5,other,33,1087
482,113.10378353356005,157.84333400312914,49.304931266856684,rainy,3,17,fulani,94,196
1598,128.5690494060836,169.41382688716453,30.27914547937159,dry,0,16,noiler,90,662
496,112.0399652158739,119.41680609842365,46.50030156402617,dry,2,4,sasso,20,357
570,147.38069199066172,134.2032060783914,68.78222317247182,rainy,3,21,noiler,49,405
684,128.5600171815413,164.44051418349335,42.021106867388895,dry,3,23,sasso,34,504
1207,150.52159361051378,71.57189665984725,62.828706174445685,rainy,3,3,fulani,43,612
1917,127.04158303056731,88.77179146516026,53.61679561794895,rainy,4,23,other,68,988
1331,144.87859204853245,94.53226291656225,58.86253285157042,dry,1,5,shika_brown,28,794
1951,139.2380503840671,168.98920929774096,31.773443585839757,dry,1,13,shika_brown,20,1321
419,144.55556458669207,131.49376073437338,60.5237990460442,dry,3,5,fulani,83,168
1560,145.92608755022275,70.63627541252393,67.85235877485545,dry,1,7,other,58,749
1365,124.27805444941175,192.0974775506253,77.11313737220893,rainy,1,19,fulani,79,546
1046,125.91270161660808,173.39922556076965,38.10428470009556,rainy,2,8,sasso,20,908
411,137.2584301737976,65.65218605797803,60.10194581941458,dry,0,21,other,61,197
1743,111.00891178138703,197.37525838145908,73.97141460166702,rainy,0,14,sasso,90,864
1537,123.27939131354209,123.56264801732473,31.855946178321823,dry,4,21,shika_brown,89,615
948,114.77423285122696,153.7515033351364,65.87025220145492,dry,3,6,noiler,25,700
562,155.0670103585548,77.40686648335709,67.86620060541355,rainy,3,23,sasso,88,278
969,117.04305279774422,65.55123781261221,36.87524212438941,rainy,1,7,fulani,65,424
1039,105.02115180807672,172.9405564264452,54.16460293544095,rainy,4,3,shika_brown,82,522
1861,138.21343572285332,76.56860554630654,53.25164083015341,dry,2,9,fulani,98,744
924,135.46133555152073,177.9242945841055,49.84682188762209,dry,3,20,sasso,97,488
1731,123.60977336794272,110.09698756015356,34.93149672672976,rainy,1,24,noiler,78,1006
1925,146.302015837497,195.56010763541556,66.27510901058324,rainy,2,11,sasso,84,962
1808,107.77942522220033,151.7699814103491,58.65820475569894,rainy,4,1,noiler,26,1324
1512,106.82275483108205,107.34158540812692,64.19154096499386,rainy,0,21,shika_brown,39,1003
1417,103.41840561398963,65.53436241504711,30.254839040727045,dry,4,6,fulani,44,656
975,106.64719133707453,152.9128164622499,36.1670338096291,rainy,3,12,sasso,59,685
312,140.76463674586768,189.13252609966588,59.15577378579833,dry,4,24,sasso,60,211
797,131.81148007678226,115.14058442016699,36.79947598536321,dry,3,1,other,88,319
1863,112.62142131373673,119.98894853021677,38.57329982006469,rainy,3,20,other,42,1319
1419,141.56917359575198,131.13685983356106,61.01052661705975,rainy,1,11,sasso,36,1133
854,113.97907924042116,120.99073614681043,78.73237964944713,rainy,4,2,shika_brown,62,551
329,153.50582444534012,90.53906467736817,68.93508558967727,dry,4,10,shika_brown,39,195
1817,120.735165354411,167.8826200796523,31.489315859993884,dry,0,16,sasso,79,843
305,137.69562199233124,153.59148636238297,72.5564212145531,dry,4,9,noiler,33,230
895,158.69024382357824,89.97622472973998,60.985696555957524,rainy,4,6,other,48,498
991,120.54699253709373,99.27162751255997,76.40133323050298,rainy,1,23,noiler,37,752
1296,146.17051517630014,139.4688916215195,67.29132245914056,rainy,1,19,sasso,38,975
1068,111.41623160613923,99.37686790784835,43.49433805830095,rainy,3,3,other,88,549
1289,144.11043823862929,104.67869889494287,30.58503684640923,dry,4,3,sasso,84,651
1360,119.40849879531297,164.78102364368291,45.726852242175774,rainy,1,17,fulani,56,744
1861,129.77018196862477,97.33024651172536,79.77684668347123,rainy,0,19,fulani,38,847
1732,137.93839427234255,76.27747594629767,73.16382418785602,rainy,4,16,other,35,1094
1401,104.35375908640539,95.27425975936347,70.88428609334008,rainy,1,4,other,75,697
1524,141.5056367209019,142.94235560008156,62.17903744495247,dry,1,3,shika_brown,59,868
1681,144.18268641194828,97.60054953124481,33.53648910075339,dry,1,22,sasso,68,906
397,107.18719433034413,79.78262514180946,48.19503164230842,dry,3,14,noiler,32,318
803,106.38433122381285,75.75941169541953,55.85077150586575,rainy,3,10,shika_brown,65,523
1973,143.97886492240275,176.50338042235205,40.53267016690939,rainy,4,2,noiler,97,1101
928,113.16738516563379,172.65207814946268,31.96368498872892,dry,0,2,sasso,46,504
1855,159.343306954572,186.85700734678073,64.78236599979314,dry,3,1,shika_brown,24,1090
1929,155.09628600069678,66.77357228645519,74.87802717226204,rainy,2,5,other,49,956
1305,122.4384456038122,167.56444873917846,76.2706718646266,dry,1,23,other,97,537
733,143.54198537648202,114.19426298015358,34.91600775842333,rainy,0,20,fulani,42,367
518,140.82777279078127,100.10322146833343,42.48502574655444,rainy,2,1,shika_brown,69,308
819,106.6074502406795,152.63886809943597,47.068675771228094,dry,3,13,shika_brown,75,490
301,114.49457071475263,64.82405239944708,51.24528376279774,dry,4,21,sasso,84,149
1865,142.74071544531307,159.89903924263297,55.7291591268437,dry,2,9,noiler,72,1034
352,111.97029015126137,123.52687314607559,71.74661119809304,dry,0,19,sasso,18,225
376,128.57722046099053,83.7738744652826,67.28912854876363,dry,2,12,sasso,35,279
1803,123.63996433197092,91.29960653883266,74.57603244923962,dry,4,9,noiler,26,1135
1515,143.58699986188347,137.07600071336805,71.05590815178356,rainy,0,21,fulani,75,606
1891,104.37807971099326,119.0558653199396,65.43492157002036,rainy,1,22,sasso,26,1377
1152,147.10787718024181,175.33586997687536,65.0306988106291,rainy,4,12,shika_brown,76,606
1351,107.44596460081232,149.5164808784324,37.21494871209752,dry,0,2,fulani,56,540
739,149.58248660878132,191.78045609367987,45.285032157949836,rainy,3,1,fulani,55,345
969,155.43060490194242,134.6520412006171,56.20576102045586,rainy,3,17,other,74,487
705,131.43919773768673,90.02380368797864,57.06380209318401,rainy,1,13,sasso,24,574
835,137.85354562637707,91.0351442467034,64.43285107292624,rainy,4,6,sasso,40,686
1258,126.24720373450099,94.67082799616065,43.87005224913874,dry,1,22,shika_brown,61,745
1298,158.46520634738678,108.39104075688282,59.734438336749236,rainy,4,14,sasso,43,907
466,121.4120199560381,86.89065317352697,33.331555670494254,dry,4,3,fulani,63,196
497,102.17242638302946,144.45268533040155,59.41610249165234,rainy,0,23,noiler,21,336
1842,148.62067765469106,111.19137565815461,69.54050202918668,dry,4,20,other,46,911
1258,131.26285950783958,177.2741338761977,39.80834494660826,dry,0,15,fulani,52,584
1281,113.39665632486081,191.99488996888277,54.64748110081347,rainy,4,5,fulani,98,567
1217,140.67482561445817,75.54902372981859,53.277860871937804,dry,2,0,fulani,53,500
786,145.60448806207972,157.40915140208932,40.856451765769826,dry,3,17,fulani,40,425
1324,115.42977606771615,190.84065088340128,46.45746574966222,rainy,2,20,fulani,76,648
1199,104.87552848951621,96.04056269591031,52.493350504808575,rainy,0,16,fulani,31,600
522,119.79103297535802,184.88743397683447,59.84166733397009,dry,2,8,shika_brown,93,267
1451,101.5702605199944,155.06035304963333,56.63212264578155,rainy,2,18,sasso,62,996
630,104.70833873509694,114.3721133941583,69.10447240700866,dry,1,6,sasso,63,394
451,151.053660990955,162.2602208671454,41.10325394995691,dry,2,4,shika_brown,63,270
1128,133.2585402504414,148.09026468757125,73.38437244540444,dry,4,17,fulani,52,547
731,124.76874160027238,123.16372160354408,52.925260017715644,dry,0,15,shika_brown,56,392
1598,143.4350144020471,169.66435174991142,75.79028070508392,dry,2,3,noiler,29,1120
737,132.4120133787117,162.88271277942556,78.23273408530646,rainy,0,23,shika_brown,93,334
572,112.25675061403581,139.52408711493948,30.672867137708828,dry,3,18,noiler,67,317
674,148.0045834179602,178.47332675675375,79.01393695256661,dry,2,5,sasso,39,414
413,110.60548286046958,187.8582470320074,73.96678623996357,dry,0,7,shika_brown,20,263
1016,127.76720149432289,180.47716479768997,60.92426672163765,dry,0,13,other,62,495
1406,129.92310334205462,110.73253533385292,52.70587687319516,rainy,1,4,other,43,897
971,149.95065966134067,124.36751194577167,47.75760369232218,dry,4,13,shika_brown,64,577
475,128.52736618031267,80.9586541950155,37.82341661615159,dry,3,16,fulani,40,289
1504,102.00708284432905,198.99976183135607,77.8261529613251,rainy,1,3,fulani,57,744
1275,142.94728305825768,87.27374509289382,64.93419361102832,rainy,4,15,fulani,56,620
346,123.98054082704971,185.76803779482964,51.740102546112816,rainy,4,0,sasso,78,156
1665,138.107021369816,152.6600189925868,36.169051585641895,rainy,2,10,fulani,56,914
1346,118.90885512987052,190.38510091177392,73.10063279417207,dry,3,0,fulani,38,642
545,109.7685192525134,137.55733128460952,71.57791271279285,rainy,3,9,fulani,63,316
1696,125.00940129995375,167.93648518906235,65.63417702893176,dry,3,8,noiler,18,1229
1204,158.4689203943336,98.83121061481901,73.6238215876817,rainy,1,0,other,26,583
693,113.27810572477443,156.7548206729711,78.3305100511667,dry,2,7,noiler,21,494
691,118.81127020127049,106.06764611586757,55.78028542178894,rainy,2,4,sasso,73,419
1878,157.86681057123508,172.2905788678931,64.6692121069271,rainy,2,15,fulani,36,1012
409,155.46757201355268,174.0277259670156,40.152280070746556,dry,1,14,other,32,227
1572,147.7400526535272,173.85398662359484,61.39393286644891,rainy,4,8,noiler,34,1211
1637,156.97008497380577,131.29719661949838,55.78171481603341,dry,0,3,noiler,74,691
1516,145.52832250755657,141.9101012196761,66.69264233426918,dry,0,10,sasso,30,868
1744,122.4576256586,104.51084332159893,41.93193747776402,dry,2,14,other,50,1008
1531,113.43572369972674,147.90103895170216,58.951027000235655,dry,1,3,sasso,97,824
1816,107.48571935795879,93.55119445798715,47.281030369388446,dry,4,6,sasso,36,1272
1192,103.47286117508347,152.1537296825237,69.73596028276039,dry,3,2,noiler,33,803
323,147.0423550035274,181.2343564885129,46.19208393221221,dry,2,23,fulani,83,129
1401,129.87721316315103,155.98755147655626,47.29380283460121,dry,1,9,sasso,38,983
654,133.6154049769123,187.74671313791922,38.370135565474314,dry,0,17,sasso,23,401
1239,100.51283174937427,151.9347667189334,72.9675903280008,dry,3,14,fulani,44,659
703,133.19249322786317,105.76115347189618,31.178002446751897,rainy,1,13,sasso,30,560
788,103.84313232892234,180.2683444965396,54.59428175773438,rainy,1,9,fulani,43,467
1188,113.19506154955707,83.38008716195758,38.498538230143495,rainy,1,16,fulani,22,727
1278,104.93131843893931,167.20710479520906,60.86112147548593,rainy,2,3,noiler,89,730
1621,102.38705335868137,78.3695995392924,76.47686933814552,rainy,4,21,shika_brown,89,715
1124,108.76668163488787,95.85828310550974,75.43614144529457,rainy,4,15,fulani,93,499
550,126.71611108191463,180.96686518400952,54.45493159482008,rainy,4,2,sasso,27,432
1983,108.12068896623788,195.51254995630447,31.70649699920241,dry,2,6,fulani,59,850
1303,102.98689335871966,134.43383610444164,34.973159907714944,dry,0,17,sasso,39,817
1592,116.9407546855646,138.6203111376724,30.760501976771955,dry,0,8,shika_brown,74,675
980,143.18292668042346,181.80324247190643,30.97715565155243,dry,3,13,other,69,448
1362,139.22364134112456,170.62704762546434,76.68022600992221,dry,0,3,sasso,99,558
1296,139.99018361496232,126.6674162790026,62.626565486999795,dry,3,14,fulani,97,533
1286,118.54192849307337,190.1766706419827,60.327130468545676,rainy,2,21,noiler,42,1051
1326,159.32943038220702,168.22174934269592,72.54272772715368,rainy,0,6,other,76,530
458,135.0586682200572,97.44986804307749,48.36422282296303,rainy,1,19,shika_brown,55,302
1080,122.59225028371243,192.36173719104994,49.44742297271831,dry,1,16,sasso,25,777
735,129.0070216704364,194.13333970216797,58.19395057392428,rainy,1,11,shika_brown,28,586
1889,104.36648689930557,166.9720542235658,51.22308602072685,dry,3,7,sasso,39,1417
1803,147.99234408407176,112.43513692222709,76.61829616685424,rainy,3,1,noiler,31,1114
1316,140.49855506747645,91.72113654045668,52.57655439425282,dry,1,22,shika_brown,35,790
784,124.7026497948268,199.2218369039402,44.986806813582206,rainy,4,0,sasso,62,475
1920,141.22408703588744,129.42063529801993,75.58879621901349,rainy,1,15,other,25,1246
1523,148.29026982866606,86.40052689170231,52.13411039761923,dry,0,23,fulani,41,697
1623,110.30186443769085,168.8007334667771,54.23863526002235,dry,2,17,noiler,35,1249
1673,132.15104065961043,126.99293271376236,68.64093862323632,rainy,4,24,shika_brown,87,953
300,108.32781089168263,136.88736094371293,78.46787142451359,dry,4,11,other,88,123
1911,134.39957362632572,77.15020864693726,50.815901357243476,rainy,0,19,fulani,79,764
1758,153.11978068803307,148.35312449149197,76.75743635477838,rainy,4,5,fulani,27,901
1062,143.49888708851958,64.04328407284873,78.24618637707201,dry,4,15,noiler,35,690
1447,107.19834159879342,105.28019290104422,54.58857735596514,rainy,4,24,sasso,61,868
964,149.46935687867452,176.05142208948004,59.94729145670535,rainy,0,17,noiler,91,460
562,123.99277007896784,162.29735977257752,45.442895910043305,dry,3,2,noiler,84,300
644,158.0269224254074,157.04036635851048,43.45264440462348,rainy,3,10,noiler,49,446
568,131.49801311211172,168.5107320202947,66.80845080912334,dry,3,0,sasso,60,309
1060,139.89961441922242,90.20416142397214,70.2853769103949,rainy,4,0,fulani,53,561
353,142.19567334602712,198.63124999530822,50.26768795893523,dry,3,3,fulani,49,176
658,145.73392448466927,176.8920915038555,71.60845699506632,rainy,2,9,sasso,32,538
1919,111.15430159161704,146.64978621213908,51.50297934199263,dry,0,18,shika_brown,59,1045
346,112.10310007298814,164.61526325626983,48.1434046404415,dry,2,20,fulani,92,138
626,142.72494172605656,69.20791599687045,36.871217532838344,dry,2,21,noiler,28,446
1538,158.91651656770884,87.17727640670296,52.92135252597077,rainy,1,12,noiler,31,929
874,103.89545662640316,60.40439143326731,44.70763980646349,rainy,4,16,fulani,30,500
315,106.77155832114668,88.15946914277134,58.09952029099166,dry,3,1,fulani,32,163
777,145.76672012346887,156.2916886003522,49.62294419653567,rainy,3,6,other,57,435
364,104.36333490291003,188.0660803134754,36.38438263080411,rainy,1,6,shika_brown,42,274
318,147.15907490236012,88.02252986272674,58.02322081143336,dry,0,6,noiler,41,186
429,159.1240081878389,106.45861490519948,33.68346358635568,dry,3,2,other,87,172
1612,150.74234414899067,143.66214895769556,44.88979215595304,dry,3,11,noiler,62,887
1299,140.66080094457357,104.28555924108657,36.52300321718178,rainy,0,8,noiler,31,840
1082,107.0222075425973,61.89266744745461,30.06981043002921,dry,2,8,fulani,75,452
1160,111.43162089765794,165.85961021728068,35.62126095797704,dry,3,17,shika_brown,77,667
325,108.75862574083722,98.87866613812862,36.599337213668505,dry,0,22,sasso,78,152
529,148.03901183562198,131.13354658999046,53.76605523268946,rainy,1,18,noiler,18,375
635,149.25897466317213,83.70531700590632,55.75079146552349,rainy,3,7,shika_brown,54,390
1258,117.68822373718403,96.53398292969746,56.06397762191868,rainy,1,20,other,46,874
1847,106.66208548645311,130.87252914526604,60.186103898452785,rainy,4,8,shika_brown,60,1222
1897,137.72508943409156,80.0727196006601,73.66051757590768,dry,1,22,shika_brown,63,1095
860,109.36543139115733,126.49536602528585,68.07276656017362,dry,0,11,sasso,50,501
1284,105.14451748427572,141.51813521085148,65.34792745315596,rainy,1,7,sasso,38,1027
936,128.68645924634407,121.67380485693968,54.43911457721743,rainy,3,16,other,54,599
1937,135.48146377804017,150.87984390534422,73.8578006216527,dry,2,18,noiler,29,1437
1080,107.28017012432723,135.76682769382109,56.34897478272666,rainy,3,6,sasso,93,678
1275,132.9723148603321,119.55489734402991,33.42327030172183,dry,4,11,shika_brown,30,881
1930,147.74536111741008,178.87046823577487,70.93526999598085,rainy,2,18,shika_brown,30,1343
333,134.82307491251817,81.20128780119859,40.648349790002925,rainy,2,4,sasso,23,264
558,138.69798575698556,162.64102432237624,76.8718401441644,rainy,1,24,shika_brown,87,296
795,149.68782342347643,130.23471511916358,71.03084699943776,rainy,2,3,sasso,54,527
1510,111.13372428559717,183.60778716680255,35.792909030278054,rainy,0,8,fulani,19,767
1061,150.69825258533996,133.40474910845404,41.089097674172734,rainy,0,13,noiler,93,449
729,106.68194976279618,136.15805491053516,30.654330064779863,rainy,4,7,shika_brown,63,429
586,144.25127015044302,78.7238329414044,56.994389786722984,dry,0,11,noiler,68,318
1515,128.3519277309201,157.53312933964412,79.27993685860966,rainy,1,5,other,92,721
1416,155.97620298019035,79.77911384929176,57.30773128852789,dry,0,7,noiler,51,652
821,133.67123197050364,189.36761049538345,67.82662322510305,dry,4,0,other,80,331
1347,143.67151023197522,94.20940498788224,49.61431312357688,dry,4,21,sasso,39,880
1714,130.30422879031843,155.46259590464786,63.40156237110112,rainy,3,7,noiler,76,1046
1364,146.06381746993557,115.95770469190592,78.54094952003112,dry,3,7,fulani,75,546
1413,145.12052801463756,150.49951790743796,73.73555126730068,dry,3,18,sasso,68,822
693,124.71626240330656,179.68360648073224,39.01858533885773,dry,1,7,shika_brown,39,456
1499,118.21831143819335,186.16768645923776,61.36243343578315,dry,1,11,other,65,740
1360,119.46240740525518,67.19494818022739,60.306235714821234,dry,3,22,shika_brown,89,641
808,139.08718979388755,86.44430324839975,31.036993900742832,dry,1,13,shika_brown,57,440
1979,151.88750549711787,68.73494404177515,77.64788586911885,rainy,3,20,shika_brown,64,994
1687,152.94408666243217,74.8271253763208,32.79197948450343,dry,0,23,noiler,40,746
554,152.9674491483729,134.8324932247557,54.72880050150235,dry,2,4,fulani,42,264
1321,121.43032404489216,196.84792583275896,40.58930258283238,dry,2,22,other,58,713
811,152.83655353093528,174.56446965834513,45.23192611315341,rainy,1,17,sasso,67,483
582,104.60919906631007,183.60189836926145,70.3463573386106,rainy,2,12,noiler,48,452
1634,131.37386872329884,160.12495992139895,53.090926569801056,dry,0,17,noiler,29,997
393,101.0645597646499,155.18140731288244,33.62622237619911,dry,2,23,fulani,21,205
1247,107.04297455246565,94.63936574138269,50.57556591116257,dry,3,5,other,26,749
362,106.08007763441876,189.37927474522834,78.98343037578445,rainy,1,5,sasso,24,277
659,129.95135371235347,129.74450082478614,68.75832617136479,dry,1,3,sasso,22,464
1317,139.5263776100636,184.45902647151746,46.01481449984634,rainy,3,15,noiler,84,790
1180,158.78025081563572,139.19943328974603,68.1248810627472,dry,2,6,fulani,33,622
1802,128.90866456019188,183.12967344994496,46.40103082828812,dry,1,11,other,55,1023
1147,105.25112874408063,77.16033001007749,79.79551424336634,rainy,2,17,sasso,20,794
1690,145.94217596683802,188.31644743807686,58.06798960242345,dry,1,12,noiler,84,837
1704,107.94931347041828,71.61435170446495,74.880168622333,dry,2,8,fulani,75,682
1138,110.47594888539585,121.07301392674523,64.06921650355855,rainy,1,9,shika_brown,30,904
1293,109.23799815854024,129.3359967184884,58.49868535829266,rainy,2,14,sasso,24,1119
1366,118.37914092835558,87.05925360701026,41.30472866596527,dry,0,21,noiler,80,615
1583,127.86972271992558,176.2417744354962,53.03078206769425,rainy,2,6,shika_brown,45,1215
1614,137.60344552130346,133.399135472904,70.06105858850972,dry,2,3,sasso,62,931
1307,107.41905225821267,165.40135106493443,62.42349679553543,rainy,4,11,shika_brown,52,974
627,102.02193808098255,171.17021277861252,79.07973411182329,dry,4,12,fulani,37,312
549,125.85067564732418,118.33620383495904,47.21322896986858,dry,0,11,sasso,78,249
1926,147.1516555430418,120.87779952628064,61.34419565226789,dry,4,1,other,21,1020
1455,147.74673709229643,164.04106264621035,49.665797656545195,dry,1,16,fulani,78,582
1878,154.8586928197069,151.65220149685783,46.92953364328969,rainy,0,2,fulani,71,751
639,156.03317799336853,79.56646053393717,35.462492806882366,rainy,2,0,other,21,332
733,137.87306865505195,197.52665731982736,69.27401149770142,dry,2,16,shika_brown,43,516
1189,152.40717669987973,63.80174996473201,50.373306838160445,dry,1,16,shika_brown,63,517
907,155.2828888507176,89.82168055856245,30.531905647043107,rainy,1,2,fulani,67,381
1475,118.65989307664981,133.43747481441227,63.16288124280955,dry,2,20,noiler,89,800
1040,135.46405075485956,105.26557597175264,61.84077002954494,dry,4,4,noiler,25,756
1425,134.71124897347875,111.70528478493613,30.71982866184308,rainy,0,4,noiler,46,870
737,154.9427767065748,191.7085558198913,41.368229862153164,rainy,2,20,fulani,63,353
1079,148.2972630155673,163.74764535061547,42.678099938466836,rainy,3,10,shika_brown,29,759
1289,142.37631850051608,74.21659208762372,48.96741778453071,rainy,3,10,sasso,57,862
397,110.18003891627595,145.47110533819597,34.90089162700752,dry,1,24,fulani,46,202
653,128.4033983500642,128.8455957036192,74.06814393878341,dry,4,19,fulani,43,350
1362,108.8477131115544,102.43454329801986,71.39749641786537,rainy,1,18,sasso,90,766
1611,153.70049307338346,121.72595316166306,72.54153260597968,rainy,0,7,shika_brown,51,827
412,114.974316412157,103.25851669845675,70.57657702655709,dry,0,7,sasso,66,208
1115,124.87958120042717,83.21376701196236,75.45190712376044,rainy,1,1,fulani,81,446
1812,126.29314896913955,184.69626219067243,31.257320918635973,dry,3,1,sasso,22,1095
1615,142.22873898851074,126.21639083558311,37.60985712819401,dry,1,1,sasso,73,727
1590,102.50743581461084,72.71211205943038,57.596207094669666,rainy,1,24,other,42,926
1909,113.38380766566823,67.92881571455506,34.02341389689869,rainy,3,4,sasso,91,935
1579,111.06524437741209,90.46943927439106,38.644842953272665,dry,0,8,other,19,855
1131,143.58140998819079,196.51681985217604,47.11359049024111,rainy,3,7,noiler,88,624
1792,158.29976716084815,159.30077161598717,77.83599923052768,dry,3,23,shika_brown,69,868
1381,128.81055771915322,92.3975395599175,43.59568247213113,dry,4,13,shika_brown,82,653
523,110.09423312807048,161.16756380274086,70.66158524335779,rainy,0,15,sasso,49,363
380,142.97914324692024,143.64773606522974,32.55992953239804,rainy,0,9,shika_brown,60,192
1995,104.07010771944294,128.43302334504574,64.32112754072145,dry,4,9,shika_brown,91,874
829,104.91539378604375,195.91964213461466,79.84525119637561,dry,3,2,shika_brown,26,557
1370,110.92441620993065,140.5969074002494,31.96910616366085,rainy,4,5,shika_brown,68,758
767,127.41539002417073,154.22335257170516,77.62772702227862,dry,0,15,fulani,23,319
913,130.58830334272682,64.49944377234125,74.49287374205798,rainy,2,22,noiler,92,482
470,155.84629107785878,147.80663924379587,52.526085298341386,dry,0,20,fulani,41,188
375,127.40426094667015,152.6468876097867,45.29810746551645,rainy,3,8,shika_brown,32,279
1853,146.1787401622981,169.63406780655785,47.56929858913438,rainy,0,1,fulani,82,741
666,142.53496438979508,165.93744091283284,60.64817108533994,dry,3,17,shika_brown,75,324
1939,144.76767942673519,72.17037412254388,60.872835272657454,dry,0,20,sasso,40,997
894,158.09714326112913,158.26876121145622,57.244841596649394,dry,2,18,sasso,46,594
1567,121.11716204470406,156.3699196271132,38.36292779248477,dry,2,16,sasso,41,1075
1436,111.19777067938949,176.4649037418178,59.12151790041159,rainy,2,2,fulani,29,988
1394,138.95529806497365,140.57005027666946,50.29721114667864,dry,4,18,shika_brown,84,703
1530,147.15835311241185,114.29988860654547,63.2034348725299,rainy,4,8,sasso,19,986
1147,108.9123627438958,88.47235823142492,56.53459043431158,rainy,2,4,sasso,89,566
1868,145.50813368193172,70.42279302611902,42.06537799814877,dry,3,10,sasso,92,817
562,119.02566135092397,62.86169777644941,39.93731162126492,rainy,0,5,fulani,70,225
448,153.98945551330038,147.02204298823673,68.7823812986538,rainy,3,21,shika_brown,35,345
702,157.30475446870048,148.19697876732636,50.564223049652476,rainy,1,15,sasso,22,497
1948,143.2578963729784,130.03148766383296,38.74715484067704,dry,4,15,other,67,853
940,106.50494298480213,166.6456012158235,69.34369848104024,rainy,2,24,shika_brown,27,774
1776,107.63693511282746,198.08202477226348,79.04946184543367,dry,1,2,other,45,1030
1080,141.35344788989204,172.4817084133065,72.40435229882371,rainy,4,15,shika_brown,72,634
476,110.23514687412528,163.577272337181,47.084329457785664,dry,1,5,fulani,58,219
453,137.25821837563726,198.6394597165461,42.28260763153027,dry,2,23,other,47,289
1752,105.77935890940562,148.75672074102374,48.30495833826793,dry,1,21,noiler,51,1192
477,111.49694065083253,101.82897953821661,54.35983007831425,dry,2,24,fulani,78,209
640,121.97947622227393,134.57170812924898,46.43402504598778,rainy,4,21,other,55,390
611,104.30356421039168,173.44664826863377,65.92740349138619,rainy,0,24,shika_brown,94,273
560,105.58084572671405,186.54318493856925,32.591515440478474,rainy,0,21,other,74,225
1217,154.69980447579917,97.03791834041394,79.37352135379038,rainy,4,7,fulani,71,489
1543,136.06805482122408,142.43969379757957,71.89107340482227,rainy,4,10,shika_brown,85,776
1726,151.83590638483508,158.06476216995958,74.57556272656277,dry,4,9,fulani,69,690
1400,102.6741885344831,199.8706337281647,45.03221580791162,rainy,2,16,fulani,86,569
685,137.4135711770711,170.7528514119481,42.51030566104194,dry,1,15,shika_brown,38,469
821,155.15773195345338,71.90367756945155,35.835140040762504,dry,1,9,fulani,26,352
1748,117.19741248540988,86.80623220123509,63.55807697251148,dry,2,10,fulani,49,840
617,145.87929470642595,88.8543684643729,74.66520653177433,dry,1,19,sasso,28,374
460,114.37828707517173,120.19408194920959,70.57346595516904,dry,4,12,shika_brown,65,277
1201,103.62348889056369,97.73738637987842,35.56932370526858,rainy,0,24,other,42,653
433,152.4424585891573,94.99750322837639,68.91635782684418,dry,4,7,other,91,173
1638,101.43559002715355,70.90805146552613,39.84815019540602,rainy,4,15,other,65,850
1282,132.87298372295,193.99864791717962,69.76219891950944,rainy,4,22,fulani,58,715
642,125.95137516633471,152.46379382461652,78.5026928385104,dry,4,15,other,36,402
1955,131.19418125445551,199.79555327385393,32.19910272667399,dry,3,20,sasso,45,1292
1283,125.43980213893443,68.49798168017594,78.27097732725345,rainy,1,22,fulani,22,616
1254,116.85421599457018,127.06110077134015,70.82189243276281,dry,2,12,sasso,36,942
604,118.19945466852712,189.25913578117914,75.56069554690868,dry,2,11,fulani,83,242
815,111.22965979720597,72.71988617000538,68.52007038744284,rainy,4,15,sasso,84,434
573,112.58984271892157,180.45968092285568,75.73982927334569,dry,4,17,shika_brown,70,300
1449,133.08163430670692,94.2572259625384,36.621453835242804,rainy,0,22,fulani,39,663
1925,102.19415170568297,103.37351921591343,68.20841199677449,dry,2,20,shika_brown,58,1100
601,128.12987887588275,153.69799575422053,70.39243319714855,dry,0,4,sasso,69,290
601,148.34777277899332,150.88378812002338,60.659768068027006,rainy,4,5,fulani,96,255
970,148.63627927418702,106.20094524560855,53.05871807186191,dry,2,14,noiler,55,612
1715,101.18909449237098,93.13653841889462,78.47269788374294,rainy,2,22,sasso,81,777
995,128.95071421304246,116.05674303318366,44.84694385113599,rainy,1,3,shika_brown,29,773
932,149.97982040813895,163.1448515446152,39.314623474648066,rainy,1,13,other,27,611
1612,119.43798484600934,189.3993452339652,30.123359691209217,rainy,3,3,noiler,35,1226
1318,140.7513999313453,193.54650728989014,36.0181384261105,dry,0,16,shika_brown,49,685
671,101.79414360406244,106.73833759394675,66.73532465885782,dry,1,2,fulani,53,280
541,143.92653978859465,150.12261427806425,50.51677472987187,rainy,4,7,shika_brown,99,289
632,136.99549978247188,112.27581878749471,75.21327125898799,dry,1,16,other,51,332
1941,116.5309486697369,106.89923455316313,41.790108979810455,rainy,4,17,sasso,71,1133
1317,152.10563399005198,184.2140353167917,52.31498387312628,dry,1,6,other,96,527
1321,130.15641116235759,125.67683943884656,74.0325073189446,rainy,1,18,shika_brown,61,886
346,138.13251936275935,176.758461895999,39.37575424361125,dry,2,14,fulani,89,138
461,114.16348396995829,141.2075122745685,50.070270708093304,dry,3,11,sasso,35,374
324,143.38330873915504,129.7289398377001,57.55058913919952,rainy,4,5,fulani,63,174
1570,103.99175737504557,80.69047721009929,54.50305671460266,dry,1,20,fulani,94,628
622,100.49816133334092,190.00372416924088,45.68037319120769,rainy,3,2,sasso,64,391
876,127.61564368555179,143.13611513490218,67.58805020895059,rainy,3,9,noiler,53,696
1502,101.10660135860151,177.06719040156014,53.93329321101196,rainy,0,13,fulani,43,843
812,118.6836025017885,169.6299784704256,51.84967636276322,dry,1,6,fulani,44,471
1041,135.72318328303743,68.2453601162377,39.403003035800026,dry,0,21,sasso,18,576
737,104.83519875726324,196.09109888872936,68.92748349429135,rainy,2,12,sasso,91,425
1272,110.81787462872612,185.19494249987565,56.78772576867266,rainy,1,3,fulani,31,757
1065,134.34600581539507,69.67624181950684,54.02136210940374,dry,0,21,sasso,52,603
546,117.84485211157708,130.4116890605133,79.35979261114313,rainy,2,13,other,29,387
1336,105.02075653738372,165.3392835351479,63.55786465872167,rainy,4,12,other,75,746
809,148.04809363573406,142.18523913076774,54.57482594844839,dry,1,23,sasso,72,472
622,100.94605027893755,88.3774071669325,51.81621455027879,rainy,4,24,fulani,54,323
976,134.2570143382291,92.59439537060021,66.90759948981544,rainy,3,16,other,66,592
1325,127.72732795621094,125.94115188432626,33.96963006670532,rainy,1,20,other,44,858
523,158.3483214988679,101.25410867670556,64.53644085003302,rainy,4,15,shika_brown,48,326
1421,103.19819513217297,80.36470222028001,79.97664105008153,dry,4,19,sasso,21,992
1688,138.6350359047531,186.51818345574134,67.56373888837464,rainy,1,14,noiler,74,1084
635,106.27196984505991,129.68150851419452,65.09667164952674,dry,2,18,noiler,23,494
1861,133.66111076012515,97.88399696669383,45.876709426595696,dry,0,19,sasso,79,841
678,143.01776211608444,61.05007706027227,37.47597177065137,rainy,2,4,other,83,291
685,143.2781772243686,172.41504889453938,41.442487117904186,dry,3,2,noiler,48,456
1814,114.34329399442102,87.73876729620439,55.46102808350334,rainy,1,20,other,89,726
1025,148.53264289665063,134.21542166433312,37.12794973439328,rainy,2,11,sasso,52,670
1114,126.298125937723,126.85481059309318,67.07432841932483,rainy,4,9,sasso,75,703
716,133.47687455382498,137.07691632086465,72.74269260913195,dry,0,4,noiler,79,351
1750,141.45664611504208,141.22005199060038,63.818460879694584,dry,3,1,shika_brown,39,1094
813,136.06434961416713,157.79563690517588,50.76629488139695,dry,3,0,fulani,32,396
1850,141.53943847006462,101.99187878492904,69.7994630063319,rainy,2,13,noiler,68,1134
1041,103.9536063321781,95.11244058078103,66.09643733518419,rainy,4,8,sasso,63,699
1058,159.9630592639717,171.30062146259274,61.3823666892586,rainy,1,0,sasso,68,494
1874,105.85538653946963,88.8081890131215,75.59641658880571,rainy,0,21,shika_brown,86,831
1335,124.6430678656047,76.44574209308007,66.95097517768824,dry,3,15,noiler,87,653
1664,126.27100983315557,99.78154249883553,55.45346798467634,dry,0,7,other,70,666
1737,136.31562073277132,141.4155670555037,53.2986197675982,dry,2,24,other,23,1168
1624,126.35267546372812,152.0854187234848,72.89572654991093,rainy,0,16,sasso,21,1137
1824,156.75825016073955,174.79811826088604,31.351984487574814,dry,1,17,fulani,42,730
435,117.31120063592505,74.5777992698539,30.552642652783874,rainy,1,16,other,91,216
863,130.87017935629945,116.94446276379874,35.59441284218955,rainy,1,18,shika_brown,83,437
534,155.78883760744264,103.10128705212935,79.85682591421906,dry,3,17,sasso,23,297
1046,125.37227172037109,100.04666352648765,69.70010361966467,rainy,3,1,noiler,51,749
1964,159.60353816899354,173.4604593141679,63.128621464486784,dry,3,1,noiler,69,920
1836,118.3288037745345,64.29135769617554,46.3591103907257,dry,0,22,noiler,64,948
1218,134.74052343039136,71.61747732956471,78.2998213217817,dry,3,20,other,72,560
1055,116.68852682837323,82.13931780628694,33.633651931392585,dry,1,1,other,20,571
1871,127.70263886859142,186.74024467353726,30.250302833813127,rainy,1,16,sasso,63,1252
1719,111.56409084382722,163.67913186575714,47.41577761214958,dry,3,8,other,88,755
1454,157.9876202397469,60.479024680261446,38.527395045424534,rainy,1,10,noiler,94,667
883,114.63430545934955,74.09436109626839,70.49740998860696,rainy,0,19,other,23,492
1256,143.93654783893462,80.39206450817785,34.63546984525285,rainy,0,24,noiler,63,628
1660,152.6366684084776,169.16281459325114,72.97574038509538,rainy,0,16,shika_brown,19,959
1786,130.03781854619385,159.9444221390789,37.252980785991795,rainy,4,16,sasso,36,1477
688,118.6616661426363,167.25762085377082,32.787198142425794,rainy,0,21,sasso,98,320
1894,129.11630654707568,176.7740891880393,56.69376906092701,dry,3,22,other,94,980
1807,137.30398367035895,167.3416871033536,69.50889215520962,dry,4,22,other,90,801
900,150.94437920803847,113.11515524889379,76.83110679940049,rainy,1,17,other,28,564
1967,149.37450907768857,81.53708773730477,57.409323002945314,rainy,4,14,fulani,20,991
1123,137.45313732782185,92.17195489694504,65.24570341657699,dry,0,4,noiler,62,533
955,128.23554445880444,80.3417785416132,52.611162722999254,dry,3,15,noiler,77,510
948,150.78070343728885,165.17938402035895,77.1166009560783,dry,1,8,sasso,86,407
834,133.90767809433916,133.2055071666618,71.56658531745242,rainy,1,17,shika_brown,32,630
869,153.68951283842776,177.47646157332161,64.30181535570523,rainy,2,11,fulani,24,485
525,143.65134031434766,68.33042383374742,67.82973294184197,dry,3,15,fulani,36,288
1032,112.66546731200184,106.66364739484716,75.2213806850346,rainy,0,4,shika_brown,22,635
1172,139.36344593229109,121.1193451046014,62.58299520005073,rainy,4,23,shika_brown,83,670
942,150.42876706151787,157.93069120398158,52.06137848544424,rainy,1,9,other,73,481
827,126.06116950066814,178.87159515851522,42.571590311815605,dry,3,16,fulani,69,393
313,100.68536682666468,99.28630393853709,38.57042951554839,dry,2,0,other,97,125
693,133.87864095474993,94.59992027722355,50.448909338944766,rainy,2,18,noiler,28,563
1320,152.98696501429197,118.0108664619672,69.06288513266881,dry,2,15,sasso,70,627
367,142.7197525190108,160.6195314869235,35.01018631668469,dry,0,2,shika_brown,27,210
1662,144.6955680462582,124.30557898585455,55.30782358622162,dry,0,7,other,22,860
384,121.20684660947974,95.35769739431623,64.65449340943732,dry,3,9,sasso,97,201
810,147.40028381222578,197.5461403114689,50.80638332180264,rainy,2,10,other,37,541
381,152.88751705508778,125.02875311561147,46.9170330306122,rainy,4,22,noiler,70,250
1624,151.20400413460388,190.45561302212073,66.94163350129304,rainy,0,5,other,44,775
1488,107.92745861601009,169.48259045559377,74.520651242951,dry,2,7,sasso,73,830
1073,152.55257666928898,117.78532812011477,78.59618793123434,dry,2,21,sasso,88,541
1242,123.37180113419957,119.69640555416696,78.7569495081917,rainy,2,17,other,39,842
1756,119.01598676606405,183.79458197267456,55.575509792959906,rainy,1,13,sasso,89,991
1735,116.89233450888233,91.92362282687654,33.131212063691954,dry,0,22,noiler,74,700
1082,154.65719129764443,152.67673421485074,77.3089438889134,dry,4,6,noiler,83,433
612,103.90483662406669,112.7697736832753,62.387393719595444,rainy,4,0,fulani,96,245
1629,118.67499623111789,81.99595063783894,32.933582547963546,dry,2,2,shika_brown,68,735
627,115.6780201619072,83.79805336050057,67.89387707609072,rainy,4,20,fulani,59,357
1097,129.10694039378163,174.83308504103164,76.81623541834333,dry,2,13,shika_brown,81,498
855,120.768708984624,149.65687176718424,41.03573132501971,rainy,1,18,fulani,96,383
1076,112.55436412088767,125.88044325021629,34.99665949644041,rainy,3,2,other,47,652
1551,116.54281300664368,132.89232765363943,30.676967515032217,dry,2,18,other,43,848
1801,131.51824476394077,197.84080352131545,69.86398172465832,dry,0,3,noiler,56,1004
599,157.88412041168897,110.78342496414439,63.075951390470706,dry,4,2,shika_brown,71,297
1998,113.94907674691541,192.83795627209284,50.18341908832022,rainy,3,5,shika_brown,20,1549
1939,155.68480009572997,160.76566070205553,74.30052673797229,dry,3,7,fulani,76,776
1658,142.02085930151318,111.4899327285937,69.58650998785171,rainy,4,15,sasso,43,1213
607,112.87389405378539,81.28621135405314,60.363661238485584,rainy,2,7,shika_brown,30,496
670,120.71444641291043,88.9407902258674,77.90999305821214,dry,1,10,fulani,27,357
1012,145.1936891172643,176.8097968582276,40.43403781845599,rainy,3,6,noiler,51,750
1935,104.54117944151243,173.1112001451819,59.87784603116156,dry,0,11,noiler,19,1109
1081,115.57351101490879,89.40480739152356,53.6987349669555,dry,1,12,fulani,27,608
1234,143.9537094777275,80.89777087399099,51.021590922107876,dry,2,17,sasso,81,641
982,149.4187905361185,117.4093993222596,70.17760151494255,dry,3,3,fulani,23,502
799,113.50053995647819,106.74758281225337,71.08491596267262,rainy,4,23,other,43,544
383,158.79923145936252,94.42686093825817,77.726890907666,dry,1,9,shika_brown,72,159
1092,150.22608199781496,168.24830562518815,37.188421227236624,rainy,2,24,noiler,41,830
1817,113.92937283892702,173.4046769236702,32.65824130969032,rainy,1,9,shika_brown,83,808
722,159.80461569345437,199.9385514100194,55.99011830728145,dry,0,16,other,38,331
1761,138.36419175458266,173.58390852983814,69.04113044310668,rainy,1,8,shika_brown,21,1369
745,131.39592051502166,152.73093253790185,65.96506597794243,rainy,1,19,shika_brown,42,605
739,127.93284995510939,91.58106467218407,74.4807213951703,rainy,1,10,sasso,81,390
1653,117.28948782516295,160.2459710683467,74.13846527696441,dry,0,4,noiler,97,761
1310,155.9454236302633,165.2597860610284,42.32205573936348,rainy,0,15,shika_brown,87,526
970,119.3182574503518,170.1240269136596,36.022947725996644,dry,1,15,fulani,55,448
1195,149.38860077834852,109.64825442596239,71.30151273922137,dry,3,24,noiler,96,564
566,133.39622764399917,104.82111387217225,42.57772725028625,dry,4,22,shika_brown,74,274
523,126.39710729641033,152.0151733290612,31.28380094589677,dry,4,11,shika_brown,92,262
1046,107.85360893078587,166.84398247683362,50.955199138338344,dry,4,24,other,44,654
1519,142.30729769990538,72.14972498710799,46.68207350081491,rainy,0,16,noiler,45,971
1350,149.10865990979892,191.36848221817488,70.50353947753672,dry,2,6,other,47,673
654,109.00218224946697,148.70197645421217,46.212569528189505,dry,0,24,shika_brown,59,333
1075,112.22836767460859,169.64045055770833,54.86127013484459,rainy,3,4,fulani,28,652
721,114.87785618008472,115.49313846841432,77.95647723927702,rainy,1,2,other,28,439
1914,140.6399520881547,122.2940404778524,66.42515782889964,dry,3,4,other,50,968
1795,149.114277443396,128.39791242179538,30.323783856002663,rainy,0,20,noiler,66,963
1517,115.53024415539758,195.77166333147665,34.06565109242866,rainy,0,1,sasso,65,786
768,140.47231480301974,91.03665155569263,43.52564401406198,dry,0,21,sasso,68,339
619,122.01515934901431,94.18346219788772,42.72006102876749,rainy,4,11,shika_brown,31,501
619,158.08113765678675,141.75420766028722,43.08894146318188,dry,2,17,sasso,70,327
1722,156.2429134820763,83.26807943128308,73.08528241582604,dry,0,24,sasso,65,794
923,125.32016229881069,109.49546396995203,61.00639170150418,rainy,4,16,fulani,64,461
1089,114.88277821015944,111.64441200536577,38.94576442919649,dry,2,21,fulani,85,442
483,132.17339135273846,141.12891565529011,46.445536210471495,dry,3,16,noiler,53,334
1229,143.9093964254793,116.82851161335617,49.16193120335504,dry,4,4,other,44,628
1640,120.94705791487749,95.34276778668612,74.2715763263803,rainy,4,9,shika_brown,65,990
1868,127.90254986151415,100.4291310468227,70.85001583845366,rainy,4,20,shika_brown,28,1266
1877,138.1079880598206,74.34473562731236,42.79091270130097,dry,0,22,noiler,47,1125
427,136.98586242367716,159.87919598234123,49.02981251534671,dry,4,22,sasso,58,285
1118,145.0483271852998,169.48613034172996,40.77174840786398,rainy,1,12,shika_brown,72,678
1846,134.3556727326365,100.32741203439798,73.46717324262082,rainy,2,17,other,24,1104
1178,110.04987323023568,191.8477156804348,32.686125795607026,rainy,3,24,shika_brown,87,590
912,129.4631969882792,169.5997713183996,34.86346877063152,rainy,0,20,other,20,502
1830,144.08980380130592,134.6155071360623,46.538246550952344,dry,0,12,other,67,732
965,115.49643285714185,147.55413965750822,53.583589576364346,dry,2,3,other,99,455
477,107.62144787370066,137.72694265351907,74.19878935609003,rainy,1,9,shika_brown,78,245
362,131.80925380171533,71.9608851576156,68.49792114424395,rainy,4,5,other,19,245
1012,158.45032529579507,197.43530735332112,49.332158414489015,dry,0,5,fulani,58,405
598,150.2832368997159,189.00932569421758,59.85182449295873,rainy,0,3,other,70,252
536,146.39000243985254,127.7935783047753,47.41737309535811,rainy,4,16,sasso,97,284
641,156.53269968649613,195.47450050449302,66.42317821024702,dry,2,3,fulani,64,256
912,132.77806902481956,73.98422905402859,65.7985892120559,dry,2,14,fulani,58,472
868,109.51001597067253,118.3150121447652,40.61335634214129,dry,0,22,sasso,74,426
956,153.11467687633063,101.62296186724251,70.99233306072873,dry,4,7,fulani,25,460
383,150.91439087298397,161.07591268184873,75.64323529468592,rainy,3,22,noiler,49,266
1301,145.22059620881305,81.55672051869132,75.47916359839039,rainy,3,20,sasso,60,878
821,146.1145137447211,161.1110240478001,35.093872088870064,dry,0,14,fulani,54,347
368,106.23997832548292,121.6533275359003,79.97368155263781,dry,3,14,fulani,87,147
1110,128.23681428243916,150.0043913821522,78.35747084384948,dry,2,19,shika_brown,43,745
1289,126.42763197632428,131.557672924425,72.1245652512832,dry,0,5,sasso,71,577
1427,154.64432354084448,118.61127732654646,79.50320842330413,rainy,2,10,noiler,94,693
1162,150.24807245559185,119.56336210694067,72.64960175160597,dry,2,9,shika_brown,82,505
424,147.22881738027496,164.66939797903495,47.92767015848389,dry,2,14,shika_brown,41,266
627,135.19047957991273,117.72350385751884,45.65114744212012,dry,4,22,other,34,429
836,146.49137781353863,176.93083919928227,68.64395935695426,dry,1,6,fulani,98,347
1449,108.92400659765659,141.5042287880596,74.15655068065652,dry,2,14,sasso,42,982
1878,128.76870916794863,63.72362649222201,54.407187869950164,dry,1,21,noiler,86,831
966,149.62258108435066,110.62392291582012,41.28085696042966,rainy,1,19,sasso,30,714
1161,105.09892336283404,118.32195339992393,38.670020083784195,dry,2,10,sasso,42,819
977,138.81587077593775,67.52973037427128,63.698870396022244,rainy,0,9,other,99,391
1717,104.11214988507832,154.87865112867388,62.92272920757635,rainy,1,21,other,59,1031
1901,125.8093394309102,186.18440458336482,46.41846596985606,dry,1,11,sasso,96,971
477,157.08416913694813,171.54470832625017,38.99041831857875,dry,0,3,shika_brown,31,245
473,131.58377353209528,82.94445255038515,46.96632948569339,rainy,0,8,fulani,99,189
640,115.74825197287693,118.18022608505458,62.004882829312066,dry,4,19,sasso,63,381
1856,157.90671106756818,195.16428642014307,35.66763596328191,dry,1,12,shika_brown,62,921
1547,110.9154624713819,84.68343493476117,56.08389130488952,rainy,1,18,shika_brown,38,1097
1493,142.8382036695802,70.83991748668653,32.852166964477284,rainy,1,15,other,24,921
1580,129.64157988063016,78.73846747438141,40.15518348269037,dry,4,17,shika_brown,44,1040
1885,138.788608761397,184.56825469638284,73.0482760501414,rainy,2,5,other,47,1246
1459,105.20006423414407,112.22535619766803,34.72665265633283,rainy,4,13,shika_brown,71,877
1975,151.70672120042366,95.19352747431147,35.25061352808976,rainy,2,15,fulani,62,790
1320,112.92512580706595,92.90161655094565,59.34270822836992,dry,1,4,other,51,736
1681,154.89899557588433,178.18726858226654,34.2305630751943,rainy,4,24,noiler,64,943
1289,134.78642330629074,119.58896123942424,50.62894786002518,rainy,0,9,other,44,739
1736,142.43515171500508,119.07487126920194,78.2893410819141,rainy,1,14,other,35,1099
1831,121.33578610221801,82.33007236661717,69.92243073409234,rainy,2,10,noiler,20,1517
580,137.36130960080246,103.60132962305413,61.63879574843695,dry,1,15,noiler,64,352
1746,118.97096039880265,68.01878482258407,45.96664159261663,rainy,0,24,fulani,32,927
1002,154.3675846221708,125.47387811927658,32.69631080007759,dry,3,5,noiler,69,434
1540,135.47506331972593,176.1077783209953,32.91929318350093,rainy,1,11,shika_brown,52,1100
1008,148.80590036879306,155.13438745098796,58.70360176872808,dry,3,16,sasso,56,652
1511,153.26383102534203,176.1182014645913,33.83678298756591,rainy,4,23,fulani,26,748
587,113.80714406585801,100.71736717783702,66.38702120192434,rainy,4,4,noiler,79,345
995,124.39867960799927,61.422091086001394,66.63556912557623,rainy,4,0,shika_brown,37,540
717,139.57362020679568,167.56741163567466,61.77720507052175,rainy,1,2,noiler,76,382
355,114.98870460125721,196.08772485532185,33.24768104730698,rainy,4,9,fulani,88,162
693,106.55787455245878,66.4191350850713,41.23577336394209,dry,3,6,shika_brown,21,493
1108,114.05260004783158,192.63984877692218,44.97721167049978,dry,2,1,fulani,28,602
1666,154.1474070356531,142.4650721734031,58.361792051717,rainy,1,16,fulani,45,805
1608,157.9188830951851,113.24226737056298,32.18206215825529,rainy,1,20,sasso,48,947
1210,126.79613940595863,135.12037738927086,70.48923802929048,dry,4,13,shika_brown,76,690
907,143.84328211058056,112.5736575754935,45.14145021222778,rainy,2,11,noiler,56,676
322,131.23869033185542,62.251396280591145,61.39416439626542,rainy,1,20,fulani,51,177
579,146.54857701123825,199.79922869853408,72.98627988114234,dry,2,18,sasso,25,403
818,117.25802650637868,106.82681484842342,57.91694730629319,rainy,1,18,sasso,46,632
826,158.69538222877162,131.11534967374774,56.747388752621454,dry,4,3,shika_brown,67,388
1267,102.9089816822254,123.40575319974158,60.419826769666734,dry,3,12,other,72,634
734,122.81997303588766,126.72331662339006,47.624363288012745,rainy,4,4,shika_brown,24,590
1269,101.18139731932371,109.63678208968606,53.82260024258372,rainy,4,2,noiler,57,889
1858,149.33355128246552,167.6477467801654,70.89749579869988,rainy,3,11,fulani,28,1147
1374,157.42061956602257,119.39730213764398,52.34999086484488,dry,4,20,other,84,550
1216,104.0980242116162,134.8907791382344,57.376452876467255,dry,4,6,fulani,92,486
1994,118.96377072237148,178.36886658999248,59.395896765197946,rainy,4,20,fulani,50,1061
557,105.03329213426171,119.18607752872043,74.72464106994765,rainy,2,6,noiler,55,420
491,109.64988061172737,85.13231105227258,63.069134022341,dry,1,19,noiler,84,248
529,157.10568473815863,120.16321332508835,75.28295372992753,dry,3,3,shika_brown,40,324
1858,137.62673961147613,68.16980501930902,41.79932875146129,dry,3,18,shika_brown,56,1020
410,158.9424253066643,166.93528046730654,76.06485104488237,rainy,4,13,sasso,60,246
1929,158.0226599728598,141.92413970519448,38.65525697053503,rainy,1,21,fulani,78,772
933,139.32967899473005,181.2964923510565,63.92955496379889,rainy,1,8,other,27,705
856,118.42290302137228,76.02071789758047,64.09400301062848,dry,1,9,fulani,70,393
1534,110.29820167616431,183.12264047013133,55.02715024144422,dry,0,15,fulani,67,722
1835,139.51693258039268,126.91187249227421,41.321967065458246,dry,4,20,sasso,43,1289
1108,139.52246464547477,173.54339585275824,67.4367346433861,rainy,1,12,noiler,24,896
423,124.47341557403254,182.31287480275097,77.37893994330479,rainy,0,22,other,22,231
1536,151.0118889232281,164.32267124868213,47.430725729876926,rainy,4,14,fulani,37,805
1044,145.85044490745867,133.88546135614456,38.4763184380047,rainy,4,10,fulani,55,537
756,143.88914024049535,77.26980416281688,32.355626319779766,dry,2,12,fulani,82,304
1255,135.46827491094848,75.89144573986174,62.96464937888897,dry,1,5,sasso,43,816
1168,145.12187249720222,98.29855491733085,30.8393099709289,dry,3,14,shika_brown,70,585
597,118.15015643568232,86.70820757228702,32.708547793795496,dry,4,1,shika_brown,57,331
1460,146.36013318335793,190.56225540793523,63.190018506880214,rainy,0,20,other,62,758
301,135.7230355149893,158.99588121173232,73.57150239103709,dry,3,7,other,97,136
1241,102.22436716713347,82.81065757179408,65.39681401643745,rainy,1,7,other,69,605
904,126.53890148100609,131.2358991779188,30.13611551623493,dry,2,0,noiler,30,522
710,102.70586157472621,159.31267651901732,34.00961835206864,dry,1,18,noiler,41,509
368,145.83385962724878,69.93456414491091,46.740987459893006,rainy,3,1,sasso,43,233
1839,128.24554833460155,101.46917569850156,61.20846605770306,rainy,4,3,sasso,40,1401
665,100.0753844256588,60.14300986707618,36.64596773551679,dry,3,11,sasso,97,298
643,114.25303635957701,141.1017391966446,43.089070748294624,dry,1,13,noiler,81,332
481,113.01456470671319,109.82117987247636,35.1329406829859,rainy,2,20,shika_brown,75,311
698,103.07067434501518,107.20768511938518,31.255891347106147,rainy,0,7,noiler,81,317
1445,127.1533131202271,168.7691849583843,49.414906069920356,rainy,3,2,noiler,62,967
1595,108.73297602516969,92.60536216923539,66.37776177104442,rainy,2,23,fulani,46,794
1449,126.746712516055,162.56020080501165,38.29662289745743,rainy,1,1,other,77,763
1163,102.91213634022611,90.71190832676001,75.30894490752027,dry,0,18,shika_brown,38,691
987,157.0094273259948,69.42287387598405,31.134416559452717,dry,4,8,sasso,45,525
804,133.1269911998773,125.10993762862243,53.42470394171892,rainy,1,7,sasso,43,605
912,145.89885588061082,150.01352471882834,49.569366935537715,rainy,1,13,noiler,26,757
545,150.55699552147553,139.51264776034924,63.559947913243164,dry,0,17,fulani,34,239
568,136.03735564986164,115.12783452230374,63.70272482465326,rainy,1,3,shika_brown,95,290
896,147.48449933290306,109.64744427082053,41.40068028903758,rainy,1,15,shika_brown,67,532
342,135.41429731104995,180.57325154139625,41.23242261319129,rainy,1,20,fulani,40,214
1485,105.4527636479536,102.73440145384211,53.3549334813184,rainy,0,3,shika_brown,62,816
391,138.57470994216257,187.09337156593148,68.5846404818083,dry,2,2,sasso,44,274
1426,103.13940446645972,128.28602822657712,66.61492696333877,rainy,4,2,shika_brown,36,1071
333,128.20746128160994,190.1835018938198,34.793067679223654,rainy,0,7,sasso,28,224
1154,148.88904631134048,160.8798954890025,62.95196206304368,rainy,3,22,fulani,19,701
1832,103.91406322599197,65.14128406842674,44.37339382407146,dry,1,19,fulani,26,878
844,115.62996148429599,166.17604652892703,50.59854596238681,dry,2,23,sasso,98,467
578,123.83557759387922,158.95274191632348,48.89085247997411,dry,1,23,noiler,81,296
806,133.31223226325733,153.74403463472936,39.64362249251408,rainy,2,7,noiler,18,648
1372,116.33699255578408,80.66164565715869,79.08109007562575,rainy,0,24,other,39,664
1609,106.09512742858276,190.9626288710215,67.2577730778405,rainy,0,2,other,28,1024
431,105.62041149391527,119.30324105455027,72.15492462337008,dry,1,20,shika_brown,68,239
477,101.5439555811387,103.65422624301858,68.46897225142985,rainy,1,2,sasso,19,363
1971,109.00984910604721,124.9003704746807,71.97943981242065,dry,2,7,other,32,1098
1271,139.93670417311068,144.3023355066361,45.464598842100536,rainy,1,20,other,33,906
923,129.19049925250897,140.70572564502277,32.77709605914578,rainy,2,7,noiler,18,728
1412,142.53068867195447,111.24512211615539,42.583184425724156,dry,4,12,fulani,65,660
1676,101.72442007429676,90.9437485632825,60.33095666506061,rainy,4,7,other,75,899
835,104.19377439697496,129.57721416651242,32.85574558728072,dry,4,2,shika_brown,19,555
1036,135.6988566480594,180.32240293262726,79.42149815839132,dry,3,6,other,97,446
689,116.15871721930749,145.23535616451048,68.12790282915716,dry,4,10,fulani,79,289
1336,142.85525500011903,160.14340532182598,45.40273394483805,rainy,4,5,shika_brown,47,1023
1193,135.72476996257535,109.59305037865595,53.520706665224225,rainy,1,18,fulani,97,536
905,145.0372650509407,174.772776420235,53.01891956198787,rainy,3,6,other,53,518
1715,102.31858670916877,132.0236576583097,76.02023076602227,rainy,4,6,shika_brown,90,952
1898,154.69983799136412,152.91380848732493,44.94569491126555,dry,0,10,noiler,72,759
1572,104.73855965429419,112.03297226754177,57.030562481716174,dry,0,8,shika_brown,66,676
1278,149.74039395516394,133.95181855656918,73.02818466349024,rainy,4,3,sasso,71,820
1236,100.77070186720029,130.78083676768887,36.68623541613108,rainy,3,4,shika_brown,44,950
801,150.65718525178053,80.87233000213132,52.58931187283882,rainy,3,12,other,85,387
997,142.40513393849236,144.8594323205224,55.06271221957579,rainy,4,17,noiler,31,837
1164,122.98868654975041,165.35475228203936,41.355744823889076,rainy,0,2,other,23,762
389,157.63166892046672,71.0923270315157,42.90567317688737,rainy,3,0,shika_brown,98,164
345,154.5989391031732,153.04672275513428,71.51176430512649,rainy,1,10,noiler,47,213
1906,145.58942589200365,82.61066026568125,55.037560285005895,rainy,3,13,noiler,30,1452
1778,106.85231201338962,96.60902919860155,62.847459192806745,rainy,1,7,fulani,22,963
978,134.34343252738785,126.31102390062304,52.857808352874045,rainy,4,7,fulani,90,488
827,140.42616527063907,67.01857334056838,56.471022098420235,dry,4,9,sasso,93,411
465,122.59932258871157,111.38055242206819,30.997723789481526,dry,0,19,sasso,37,268
1683,152.44814294926206,161.82465697285045,56.6639406329798,dry,4,21,noiler,67,831
461,140.24038233648483,137.40125639225272,70.87423940578537,dry,1,2,sasso,61,303
1655,114.3833500958395,128.90104104331232,56.82277059282596,rainy,1,21,other,89,725
639,125.3477880635205,164.77812250414829,78.75503215259067,dry,2,17,shika_brown,48,387
617,112.942274029799,135.38300643347242,54.12302580167691,dry,0,12,fulani,74,247
923,105.73359662503525,118.90141251610191,55.698468609795825,dry,0,18,fulani,43,428
1002,129.41209141310551,88.60797563250091,63.187687293812985,rainy,3,20,noiler,58,742
1304,151.2269839075675,115.48841357354888,67.05205114233459,rainy,2,17,other,99,603
1703,134.4249728413117,170.62976591552336,77.03492638113838,rainy,2,6,noiler,42,1303
354,132.62040117211154,172.71086147089704,49.94518444136361,dry,4,9,shika_brown,92,187
1531,114.48760267536035,110.49597495616341,50.92207555884143,dry,3,5,sasso,79,740
369,118.76463216366722,82.66975042026169,79.21905559355368,rainy,3,10,sasso,82,216
463,103.1612778557986,111.98195543484158,47.74225102616144,dry,1,8,fulani,91,185
976,123.9491917966091,127.90804116364338,61.39875615379876,dry,4,18,shika_brown,47,651
1537,103.88752045917715,172.18603707929998,38.82592952610534,dry,3,15,other,55,930
594,148.0434458161725,72.74237806937137,59.758495566589616,dry,2,15,other,73,300
518,101.56709507045498,188.75997732650066,66.01749937105376,rainy,2,21,sasso,74,319
1852,135.58694345799492,94.84050984453985,79.9439539496608,dry,2,0,sasso,21,1018
1284,141.23721629488318,170.48517400013193,49.99951255981142,rainy,0,23,shika_brown,71,686
401,143.74054437973444,188.414686267444,70.86952321060474,dry,3,9,fulani,82,160
1733,122.06729377274314,108.04134358863632,76.68623840423777,rainy,3,23,sasso,36,1307
386,131.6643306353535,159.71039460262224,47.54797785571999,rainy,1,1,shika_brown,29,284
1237,132.10864334836532,116.50079650534916,31.313774660026684,dry,2,15,other,88,503
372,129.67103924046188,82.2338239791389,31.953080361088848,rainy,4,3,other,80,193
565,133.77672986018564,180.1856017170631,58.851242836482,rainy,1,21,sasso,18,439
1356,140.51795570041094,155.2738437153428,66.20023044640891,dry,0,11,sasso,93,588
1641,138.65994078229306,127.5185542375842,73.26904030110276,rainy,1,18,noiler,50,1155
685,115.73696871252696,196.97895040119747,40.105318102079764,rainy,1,19,noiler,85,398
497,121.10899189472556,135.61217688416838,77.91491590220508,rainy,4,14,fulani,40,286
1485,132.36853910018533,166.8552250661499,40.04047782411183,dry,4,2,sasso,80,699
1657,122.83853043342393,135.97035356578715,73.67809023192933,dry,1,2,shika_brown,19,1150
1751,156.00441058068233,81.47403321535204,66.70382359629266,rainy,0,14,sasso,98,703
1992,147.4414941968421,71.07699631883943,60.3109062839126,rainy,4,16,other,99,846
1260,117.32204990859215,111.05134216636542,62.06370094698699,rainy,3,11,other,98,555
342,144.0477365192187,197.61461570617104,66.73231384206025,dry,4,9,other,22,220
1633,132.02589180875836,68.10741720261262,79.79627095474771,rainy,4,4,fulani,25,871
774,147.91158682625138,90.8251656464014,66.90403905705114,rainy,3,20,shika_brown,68,473
830,144.3815292080054,136.73603604980593,68.33843609350343,rainy,1,19,fulani,39,489
1511,134.48967702256522,170.10638179953833,63.593774127890526,dry,2,16,other,76,684
712,118.93932539111724,150.2893511860363,73.67167190064697,rainy,0,21,other,67,344
1761,100.16740596671278,75.4771145345663,31.265553932318277,rainy,3,7,noiler,23,1293
858,112.96249659277387,127.43272919669249,64.02272450761367,rainy,0,1,noiler,83,402
1377,122.3432964296795,103.79258957172394,73.06646764445784,dry,3,17,sasso,68,721
1875,117.58433419448733,139.61269968275144,56.07182263543724,dry,0,11,other,83,750
1283,112.60932527703156,189.71686848210086,35.528552541964096,rainy,4,14,fulani,49,783
1587,107.35825366772283,69.52444654442218,59.91753890877925,dry,0,2,other,53,644
1922,141.5260960176598,70.39033418130045,69.25038729947455,dry,1,7,other,42,1119
1340,121.53069472362733,79.26978657084504,45.25983651820056,rainy,0,2,fulani,77,536
1922,147.3271909915099,96.47846918210448,53.91453401988667,rainy,1,17,sasso,22,1209
1308,122.8292654732228,102.14073712846877,46.02455273659473,dry,1,22,sasso,48,901
1054,153.75321562037598,157.5330832479478,74.73648803342641,dry,2,15,sasso,21,584
1460,131.96842884285064,169.9887003059252,44.50983305933974,dry,1,16,sasso,92,742
1273,106.6734859709713,166.0918114494861,38.07462723973744,rainy,1,9,fulani,19,730
847,120.90063482322981,137.0812622725291,61.54186440600618,rainy,3,23,other,25,623
913,159.32901287245394,90.32897739124763,74.46973736868509,dry,1,21,fulani,85,365
1048,151.1154544994296,128.71543423313526,44.40143471556136,dry,2,24,shika_brown,54,551
758,127.0780929910928,74.8383440434737,42.85691526903416,rainy,0,22,sasso,88,358
559,113.6306036361382,86.32972724037583,44.18961722659962,rainy,2,17,fulani,29,363
1610,119.92089700230694,153.18179436786312,72.93742459142254,dry,0,15,sasso,94,660
365,148.77880135147802,85.8259734391366,40.61541387803585,rainy,3,0,noiler,23,247
1808,109.26696197111288,145.65887871322292,32.809447412381154,rainy,3,4,other,76,806
785,139.97434043359712,136.27346252505572,64.51746925793097,dry,0,7,fulani,42,397
1459,114.27572601944263,199.661031830728,30.6941610765975,rainy,3,0,shika_brown,87,641
1752,119.95299787468646,60.41368074658827,45.715388962538626,rainy,2,12,fulani,93,736
564,128.58127977347957,79.46694315480417,39.67777741423772,dry,2,8,fulani,24,325
483,145.9287251753621,129.45547555477742,52.21741153884544,rainy,4,20,other,69,224
716,144.4500552187897,76.01747573806274,45.66156557704312,dry,2,22,fulani,37,381
1791,148.09154271434966,150.43083006093053,66.04824068734891,rainy,3,18,shika_brown,88,974
1024,102.90293045818632,188.84086655294385,36.84593621333677,rainy,4,16,sasso,70,684
1776,108.53922647520835,117.38902872917619,79.08275415976547,dry,4,21,shika_brown,66,884
847,148.4032453040417,164.4667160071201,33.72138213987094,dry,3,23,shika_brown,80,345
820,142.59979206332557,60.56363770494318,44.236400173744904,rainy,4,11,fulani,74,370
1043,105.75047409718087,63.04106375126997,44.59405361331747,rainy,1,24,other,44,669
1931,144.45085118603896,92.26243859761821,65.40626250501228,rainy,4,17,sasso,23,1379
1398,141.2164371925345,166.7299509390045,31.313691640080133,dry,2,10,fulani,93,560
585,118.97964614237262,116.11234804719594,42.19249268691812,dry,1,20,other,62,316
852,138.1975845482258,100.14398813386438,35.556089871603774,rainy,3,13,noiler,82,500
712,104.30464092674372,73.17758297664399,52.43569975467028,rainy,2,1,other,92,329
1377,129.04914487437287,126.98819972897519,61.50923149837695,rainy,2,2,shika_brown,79,698
1882,130.168859897519,101.08397667927622,31.545301291023954,dry,1,21,sasso,56,1002
779,150.42420957487184,197.5266700257068,58.58142587647187,dry,0,19,noiler,25,439
1158,101.4774287466959,145.8914245995306,63.38118311387642,rainy,0,23,fulani,55,523
1581,119.01613568798805,186.0814373064024,30.190490124682313,dry,4,14,sasso,99,847
1489,147.73636294656492,179.97955570120183,71.79354506826463,dry,0,8,sasso,89,596
382,125.79297840879144,145.62067982830274,43.134672762453896,rainy,2,2,other,52,246
1238,101.57084691423167,187.72952792045714,57.90312775883829,dry,1,8,sasso,46,817
1735,132.2928437633133,137.74156079941736,34.793312590299756,rainy,2,19,shika_brown,80,885
999,154.78457585103467,98.3118774818767,46.498183448409904,dry,3,12,fulani,30,508
1486,155.21190505231192,185.42999630987526,67.10284612507104,rainy,1,24,sasso,26,1052
1828,106.53434349964573,82.95664789166383,40.96172442074334,rainy,4,16,noiler,24,1332
1044,132.25574697585407,100.62425541150614,37.72740178907836,dry,1,2,sasso,24,713
1244,111.77054871306034,163.7470229336043,30.366567239798215,rainy,1,14,noiler,73,681
1420,104.26168001439468,189.02497906630936,30.396258810341592,dry,3,16,fulani,36,739
1927,124.40111508279455,184.49724460790657,56.457078652579426,rainy,3,0,sasso,93,935
1309,125.31929686462128,185.02456975378908,45.99851052900448,rainy,4,10,fulani,66,668
753,104.93474541074585,78.66817952429133,40.724182380674876,rainy,4,17,fulani,93,322
647,106.17933589298596,122.60869623874451,44.86650558849242,dry,3,23,fulani,40,384
941,142.45976497188707,136.55193317740637,63.91185257496069,dry,0,10,fulani,60,426
1022,131.1318005683649,131.0758026279625,46.71054186979912,rainy,1,23,other,97,514
638,120.65895531737343,81.85408809755367,51.41397770725479,rainy,0,14,sasso,49,391
952,116.94102375669286,162.51375467224136,59.07928537959228,dry,1,18,other,99,403
1018,115.93645158534918,69.02153066730389,57.40464094042259,dry,4,2,shika_brown,58,592
1171,101.08925987284984,113.02730892254519,42.3520536086136,rainy,2,12,other,56,718
1598,124.64790527282042,181.84636419760864,53.77200366560018,rainy,1,14,fulani,62,861
735,150.2784339871205,108.32217775285912,61.09514091267576,rainy,4,4,noiler,99,361
745,151.26176230253543,166.02944630685346,70.38672113021727,rainy,1,9,sasso,48,478
1086,111.96485036336809,69.23462227164214,50.20849406964278,rainy,2,13,fulani,31,641
1340,136.70018241747357,117.00869836554037,72.83860952518248,dry,2,6,noiler,67,751
898,101.21142806039326,175.5730803472157,48.329014463722615,dry,1,12,other,24,543
1079,147.63515121385552,163.53533393593113,76.79525594332011,dry,0,14,noiler,53,602
1956,113.89098382768032,67.47671661112228,31.12055634263247,rainy,4,4,other,25,1143
411,159.26768674125253,112.94618639377737,31.468060663977056,rainy,3,13,fulani,86,164
627,106.49134460539047,133.64327838334526,46.00261090010454,dry,4,18,sasso,66,392
1601,150.21631932863977,135.74652595483016,39.378004207544116,rainy,1,4,shika_brown,32,1073
1445,118.66567918587725,192.30683366622463,51.092930491900454,rainy,1,14,sasso,94,849
820,114.94695283072572,167.27322233522023,79.18154527463079,dry,0,9,other,82,328
1438,124.07052323653647,96.31939385038262,55.39741284099754,rainy,0,21,noiler,28,966
1035,122.35693443925588,187.6723125958872,32.722624400528424,dry,3,1,sasso,94,419
1123,134.2164295980979,89.94794287413295,40.25385918517271,rainy,0,9,shika_brown,21,774
303,106.37537749483319,128.8363987031463,66.60774409658333,rainy,4,22,other,50,202
1221,113.37174765071495,145.95365011596942,75.37213679456548,dry,4,6,shika_brown,25,836
1971,108.52500722485041,192.0650667232367,61.661786751196054,dry,1,1,other,83,788
1503,114.84824900159241,172.95170357137556,39.95976168639167,dry,3,13,sasso,60,912
1411,136.05607014484158,179.90405372152117,38.61643839838103,dry,2,8,noiler,66,874
517,155.58280330532165,194.60538044628163,70.76818228942506,rainy,1,6,noiler,97,231
450,114.64543282753742,170.74715763590893,52.37235706095053,rainy,3,15,other,38,317
703,157.95308648130217,149.43072074501526,59.3568261447066,rainy,0,1,sasso,64,315
1313,137.31437164874188,191.410755017375,38.74603418318748,rainy,4,19,noiler,34,1120
1801,147.43438662452172,167.97163277460726,71.52426961306264,rainy,2,3,other,93,769
1188,140.20779619014206,183.77333569234167,64.55220512963676,rainy,3,6,other,58,747
561,140.39160606064573,173.02084350471625,50.66190483603148,rainy,2,6,noiler,49,420
339,124.36798913925864,81.5092672682128,38.032709442984036,rainy,4,3,shika_brown,67,189
1139,108.67018526459093,74.19514297028195,57.205234194797995,rainy,1,6,shika_brown,88,498
900,121.47341591173803,121.00332481481678,73.7985071182152,rainy,0,17,shika_brown,22,590
1299,157.86639402962018,129.73683966376868,33.09066259852489,dry,3,0,sasso,75,520
1825,135.4079706362288,111.28653752096768,52.048359335633954,rainy,4,14,noiler,45,1333
1417,153.1207342832603,128.3403756092848,43.96543136741197,rainy,2,4,fulani,68,567
1251,158.2953273632618,97.37702424744562,54.91575074597833,dry,1,19,fulani,19,530
421,112.450663224499,199.13934487625693,52.81530890038848,rainy,3,24,shika_brown,36,333
1798,102.22521363484238,155.2978758194736,78.10651631072277,rainy,4,10,sasso,63,1141
1738,155.74728324777578,173.83947652198003,35.317273577092834,dry,2,18,fulani,58,695
1004,126.64395028407914,141.0086803633714,45.770114503894874,rainy,0,22,other,43,597
1099,117.85650659379618,194.7265132856945,34.23367668879762,dry,1,14,shika_brown,57,698
729,135.98806132085204,104.6484062901337,71.61032074020008,dry,3,17,sasso,87,366
1620,126.01913481455342,110.24112874538935,73.69276794886372,dry,0,21,noiler,27,1028
600,106.40262274020299,180.1476570549398,34.88542272517654,dry,0,19,fulani,70,240
680,130.02554743102098,194.93252378354882,70.09548001743599,rainy,2,14,sasso,20,558
413,134.49801481839847,113.203295098079,30.50503011551859,rainy,1,1,other,93,184
1647,145.66500341990567,146.8158736678722,59.2929328587504,rainy,0,4,noiler,73,833
1717,150.0945225526284,114.0594974213549,52.545728577191056,rainy,4,14,other,52,968
422,119.48347318771593,179.05378864932987,42.48466245176191,dry,3,17,other,25,257
1560,153.0580349518404,106.29651408036656,63.46731107298552,dry,3,23,sasso,71,694
1359,149.6770760974141,69.18629438385,77.26558305431126,rainy,2,7,sasso,28,759
1153,156.40980414247193,101.95321460457981,47.98041340874946,dry,4,10,sasso,23,712
1650,130.34609669324414,82.54107530319214,69.77996962483525,rainy,0,19,noiler,86,808
976,131.91036518904687,154.16973715639517,67.10678316456092,dry,0,5,shika_brown,66,496
1357,108.55491107252264,78.679311527929,65.60636773116059,dry,3,7,noiler,43,885
932,156.80580516008837,108.28973260989466,33.957746678385746,dry,4,19,noiler,47,507
885,116.41036415834728,66.69446236232422,58.0859562632003,rainy,2,10,shika_brown,29,702
473,107.18928188122186,85.56636712342608,46.45990584559486,dry,1,19,noiler,44,317
597,110.37061809933894,164.1217037032025,47.67169553615729,dry,0,17,other,76,261
843,146.90739271869438,63.13969369811386,45.10381627059117,dry,1,14,fulani,87,337
1255,151.707329258159,64.23198678668635,42.36426255648996,dry,1,21,sasso,59,649
1169,151.5920279601833,178.01093671527667,58.73991977136629,rainy,1,1,noiler,51,741
925,130.23679042849267,141.73492334317913,46.25200391384435,dry,2,4,fulani,43,539
1640,148.21285465611606,175.80953660663803,72.88535813947037,dry,4,17,fulani,19,816
1259,105.98187658098358,134.58927338521184,30.529094629899713,dry,4,20,sasso,45,850
1119,135.5328676422581,117.8407768745393,52.253452726866186,dry,4,20,noiler,95,629
1084,129.6852361706921,113.8692422835727,70.97432567450267,rainy,3,13,sasso,20,874
1035,140.66938855703978,104.36534200480536,56.82975935599583,dry,4,9,fulani,52,509
456,150.91218235671164,113.3779136230113,71.09990701895978,dry,4,5,fulani,21,195
1649,110.68369041787398,140.71786312265164,71.72335557912996,rainy,4,17,noiler,22,1282
1876,100.43812007641147,120.01418771618029,64.88747269604585,dry,4,7,other,86,750
1400,157.78869067649316,158.45992656743095,67.81609437112238,dry,1,12,other,84,574
1870,153.29610968948418,86.44874628730338,78.0300220921209,rainy,4,2,shika_brown,25,1029
1975,104.88978192078925,185.73648655350934,53.22219645560112,dry,1,5,fulani,26,960
1887,121.0855453284418,162.56275491400282,36.91635769605427,dry,0,22,noiler,99,820
1875,136.1012042908152,108.60430705665817,79.80656195269702,dry,1,12,sasso,80,859
876,118.48926268435815,119.26645750307944,42.837599102580214,rainy,1,11,other,55,561
1357,159.0326163952527,159.32240807012244,61.51923162316507,rainy,4,20,other,80,630
1286,138.17297758182775,196.0057868456436,51.4152598706448,dry,3,17,other,86,602
465,147.1539733401106,90.95635194343268,61.516168070903504,dry,4,17,sasso,41,306
1000,151.46271769896595,107.24671061541729,54.31272257371571,dry,0,6,fulani,30,431
549,145.0393669000235,197.77615078513375,57.2972071483011,dry,0,17,sasso,47,306
1672,153.5272680786518,71.70827154194072,44.422336081952814,rainy,1,5,sasso,46,961
1533,102.6230875089015,137.73381189195828,68.2990206209091,dry,0,6,fulani,21,721
1877,138.23307072887036,155.72934329032074,53.71660910067443,dry,0,12,noiler,69,878
1621,149.11789385691276,176.831818261895,36.58326538265559,dry,0,6,sasso,91,653
477,109.90924948451007,198.49832283263433,68.41851288059073,dry,0,4,shika_brown,40,282
1600,102.84116930055755,169.43168144055477,40.03046515412534,rainy,2,21,shika_brown,67,1068
400,130.43898373040136,92.86460112418605,64.6853452531222,dry,3,16,sasso,24,293
1231,128.29852072696227,196.16227195338442,62.25562660586446,dry,4,16,fulani,94,512
418,138.95601456538844,195.07225803944536,36.669358998320966,rainy,1,22,sasso,47,301
373,141.04905006382307,107.59188571503792,57.717820631398325,rainy,3,14,other,24,269
1027,152.38505098013118,169.06844459931693,32.76564914694596,rainy,4,3,shika_brown,25,633
1636,118.29260569750996,105.10354643128855,73.06669788870585,dry,0,0,other,97,654
1200,115.55537719675333,153.35974486754628,75.3079044188851,rainy,1,24,other,81,604
1448,104.84244625526547,190.282799820658,53.35038307592488,rainy,2,15,shika_brown,19,1142
427,153.89663650283177,139.3628301827314,37.88757786370609,rainy,1,13,shika_brown,41,282
771,133.02303214824354,143.76081821549627,30.240403109353043,dry,3,12,fulani,33,390
384,156.26674653133776,195.81443117241741,31.010649432017647,dry,2,14,fulani,39,158
1026,145.85102858710658,152.4516663264797,60.67341355793886,rainy,0,7,noiler,83,527
557,143.3195350896603,172.08793221205477,56.400499992051756,dry,3,24,noiler,23,405
1147,138.558561111168,135.89361855738557,61.884585432569274,rainy,0,9,sasso,66,667
1592,128.7919078096873,115.14551200346529,56.05011119514585,dry,4,13,shika_brown,73,757
921,154.33516913480824,141.1826910680852,75.14556525895051,dry,3,15,other,25,515
708,120.49354711467149,142.38480939971544,71.38211723493217,dry,4,12,shika_brown,96,424
571,124.18887087768368,77.07869226464922,33.61097070056621,rainy,2,4,other,44,397
1495,130.04939987525725,94.08222827210798,58.49855529447055,dry,0,16,noiler,87,673
1417,126.10224778312895,165.68963107470086,67.7795509711406,dry,0,9,other,37,845
1982,147.30021689320222,109.32009534795357,77.84842050728948,dry,1,1,fulani,40,814
1447,154.8753690953224,87.20915317742912,53.88598242114641,dry,2,17,shika_brown,47,744
1416,117.74372430072539,148.95082265761408,36.847595935832416,rainy,0,21,noiler,36,1059
555,122.99663746536692,119.1884519292325,43.701397816845976,dry,3,4,shika_brown,54,346
1531,131.04091118095988,100.08341918760293,51.233910314720276,rainy,2,0,sasso,42,1025
1627,101.8083267238572,148.94436890695593,42.181982519308946,rainy,3,16,other,54,989
570,136.27421892783107,138.25685681303628,39.050475354879374,rainy,3,22,fulani,93,264
1942,140.45104554881289,82.29365609070598,30.328940860275512,dry,4,22,shika_brown,59,869
1330,155.74392159963745,89.07103972493027,70.14143427380213,rainy,3,17,sasso,46,894
669,111.73263741296114,116.97791149931602,60.893308836506584,dry,2,12,fulani,52,370
1598,153.97484131126663,83.73560269546925,66.83281339724678,dry,0,5,shika_brown,71,639
706,153.2903878195458,153.47261998804504,59.49812218210395,rainy,4,20,shika_brown,85,360
1684,125.34905685698179,150.08998786892067,70.46066797880809,dry,3,1,shika_brown,41,1083
1077,134.28464057646724,105.46468660787279,37.30220778738129,rainy,3,13,fulani,86,493
1529,124.00029246536741,86.95480797304573,53.19191349107676,dry,2,1,fulani,27,758
842,123.78785753962099,168.63539900963087,49.407579038640975,rainy,3,5,noiler,24,730
1899,150.4876559778412,126.87378914651923,44.45657907375682,dry,4,13,sasso,24,1168
908,137.09527035576178,163.56249151100906,30.653121655207162,rainy,2,23,noiler,68,581
1819,115.03465680102359,82.4216909509658,39.371522140686245,dry,3,12,shika_brown,73,997
791,125.9194456604329,188.16929375571218,62.297053813843426,dry,1,4,shika_brown,77,407
1413,129.51866703881245,124.24299154914802,68.72799097635563,rainy,4,24,noiler,55,1091
662,105.60262913297203,90.143117497351,65.18793705126932,dry,1,0,noiler,87,275
1407,109.31674177275326,143.7712876388449,46.40511315608441,rainy,4,21,noiler,66,977
1003,127.10181770473474,96.38485073651718,79.86354587796401,dry,4,3,sasso,32,657
1361,139.44253504849286,185.63306572737235,55.190300527129516,dry,1,12,sasso,42,939
1716,144.25884007111466,65.72779027686887,42.297168438252385,rainy,0,4,other,71,686
986,125.1802165421662,121.75119112288343,33.40043271974761,rainy,4,15,fulani,24,602
1138,105.59266960984974,193.03968285306073,53.379833688340874,rainy,2,6,shika_brown,39,896
1314,115.947258468205,143.12964309075767,72.62149027654846,rainy,1,6,noiler,59,854
1026,103.92862639333583,74.3909963431995,49.61722485035037,rainy,1,5,fulani,36,552
1850,124.35010615093881,182.13354710300655,53.7541194304531,dry,2,8,noiler,21,1515
308,110.40353679441398,74.95188929038763,37.16336175341337,rainy,4,19,sasso,93,175
1660,107.4475869972451,199.23768169229353,52.38557816136946,dry,0,1,shika_brown,50,787
447,115.3281536954236,99.2727454199931,52.48568856844332,dry,0,15,fulani,93,179
839,136.26235145817427,179.78107414649992,72.41039109909147,dry,1,16,shika_brown,27,530
1097,122.74598538821789,148.01677236031432,44.24556682875641,dry,0,12,fulani,52,467
423,119.70880882121673,165.84855590431062,43.14912199273287,rainy,0,11,shika_brown,44,275
625,115.62269528692877,70.30823817151945,52.59152271325608,rainy,4,2,sasso,85,340
676,144.0684899086059,185.4606013588435,57.15926506865955,rainy,1,4,noiler,21,482
1934,110.14689781779205,100.0749653431087,44.23539099882957,rainy,4,8,fulani,34,1176
1975,123.23191442190105,137.88629596089842,42.57514149836351,dry,4,7,shika_brown,83,920
975,115.48744398631769,99.99998503683061,30.127892618382763,dry,0,8,noiler,52,541
334,112.75943540440339,77.3710606719953,60.81523618736449,dry,2,23,shika_brown,62,190
1748,125.1602269754705,195.68615955322414,30.0244483946649,rainy,1,18,other,72,967
1649,153.745164567068,75.11055180086639,57.17399743100063,dry,4,8,noiler,70,810
828,155.346723175073,183.2921858586451,45.770051587320125,dry,4,1,other,46,384
369,138.64758217485902,83.89378254535065,79.45318348166906,rainy,0,7,sasso,18,242
435,105.96228363800434,73.26096505695125,32.06977267074115,dry,1,18,sasso,66,251
622,140.39337060177985,143.52687540757069,45.65370518600588,rainy,2,11,other,72,330
1956,117.32624901581063,110.0728549464508,55.48192438363773,dry,4,7,sasso,60,1104
371,124.91543772247647,181.90716844778154,68.95628467070563,dry,1,14,noiler,63,238
1634,109.47200005460465,80.64143392323614,58.16551168777083,rainy,1,11,sasso,44,1076
593,144.0050644457869,176.4719034893243,79.99475206370892,dry,4,10,sasso,33,395
1848,114.5842871038407,154.79281196453385,34.03739064051252,dry,3,18,other,23,1121
1123,128.47861111046447,181.42819503275092,46.66579085247999,dry,2,11,shika_brown,77,624
573,107.04674711056768,135.20616098876206,59.77254565801197,dry,4,11,other,70,320
1254,105.84110218240939,179.22610972435265,73.52402260357954,dry,4,6,shika_brown,35,835
797,111.77400776640539,83.01486615563664,40.42688157735883,dry,3,1,other,31,462
437,107.76019744669611,161.418686054336,47.45285515212245,rainy,0,8,shika_brown,86,226
815,132.77449669638372,115.15517978734178,40.04654450435495,dry,2,16,sasso,44,560
1571,147.11694476389772,60.8984845882982,43.8782892586608,dry,1,1,shika_brown,39,792
1055,137.8465548029874,103.50168916745986,60.075142574499765,rainy,0,19,sasso,96,500
1881,131.78540568875115,189.104970416281,78.48473725574917,rainy,1,12,sasso,35,1473
1313,120.70661070501168,165.38851030299045,64.19935529150315,rainy,4,14,shika_brown,83,669
917,158.74902239507648,157.37731900571447,62.434013609375434,dry,3,6,shika_brown,55,529
1083,106.43271914253675,94.76935980709277,37.18169017742209,dry,0,16,other,71,475
1976,120.82185219984692,180.90652700038441,62.653512698046825,rainy,0,10,shika_brown,59,1211
916,135.1677287879101,162.84371966596228,55.803982090348406,dry,3,4,other,44,563
944,138.56711257811753,120.00807215236586,51.17341898360987,rainy,0,22,fulani,84,378
1242,116.1548732152864,87.21121573823953,69.43773555597575,rainy,1,21,noiler,64,780
1247,117.02163654014151,190.35729114368758,71.41850712391518,dry,1,16,fulani,24,689
1222,133.8821800839967,109.90759547526208,56.836531115120565,rainy,1,19,other,57,695
487,130.78452821056203,126.57211055716252,33.1861778748395,rainy,3,12,other,50,315
814,132.55416237173714,199.11424245088227,39.987384735892576,rainy,3,8,other,38,551
1582,106.37412832137214,195.592930221569,64.10938075666007,rainy,2,15,shika_brown,20,1203
1527,146.6143824114699,77.22591401167955,30.33161629623308,rainy,0,24,noiler,34,869
1132,104.27904329387445,152.72936564552504,37.36446833832386,rainy,0,3,shika_brown,86,496
1591,151.44151634888715,67.36942283322495,65.54125597299927,dry,0,15,other,69,636
1792,142.13713115341142,106.80184689240772,33.966626694523676,rainy,4,18,fulani,55,907
533,115.34742544135278,93.45352371496915,71.3473594220091,dry,3,2,other,22,330
1944,101.74043652069231,126.604642864401,44.63043511072628,dry,4,19,shika_brown,49,1241
1102,116.72903919770454,183.78900308628096,73.8377404693567,dry,1,20,shika_brown,63,638
1380,130.89968811710818,111.76772536614101,62.539271512160305,rainy,4,18,shika_brown,45,1028
1699,149.33967818337794,74.3504493217179,71.42521649756435,rainy,1,13,other,73,680
1905,155.59433401973024,102.2004529408903,53.632774638442456,dry,1,8,noiler,79,762
1840,104.77209558073443,120.49865789041101,52.42382492459849,dry,0,10,fulani,43,789
1874,107.41586982381529,115.04059494853539,51.39687926821076,dry,0,7,noiler,67,876
1697,110.86662228606772,166.7561811175724,60.36234081083182,rainy,2,11,other,23,1244
524,132.59536635407954,145.8908188465379,78.15244699412351,rainy,3,22,fulani,38,325
527,155.33229021403952,119.90157102610792,37.48081749403678,dry,2,2,fulani,84,211
1662,119.3813717122334,70.97202413537846,69.18791940265456,rainy,0,6,fulani,97,665
1905,121.4468098811955,192.0455542475212,57.57436530705493,rainy,3,13,fulani,82,914
1180,143.22193576220656,163.21892233269125,40.36615758908342,dry,0,18,other,96,472
303,105.11418559791636,112.64512464931951,33.2192249193918,dry,1,24,fulani,83,121
1039,104.98165571654306,168.78147394152984,67.24394999886391,dry,4,10,noiler,38,781
1089,125.12623094832556,60.9380398295547,65.52882234073624,dry,3,17,shika_brown,88,493
898,105.96047439960455,155.0980232926479,46.068451585277685,dry,0,2,other,70,359
878,145.0350949251941,87.39803103073228,45.95032687741153,rainy,2,7,sasso,52,612
605,145.4167333069408,164.75545221968287,49.77807367354329,rainy,2,3,sasso,75,322
784,129.0114367226927,82.7991145418317,62.440147255314386,dry,2,3,fulani,45,428
487,134.09913669839688,69.73696677098388,37.34228504805232,rainy,3,2,shika_brown,19,379
1047,158.89067263264968,86.15058267051225,69.00097429665749,dry,4,24,other,64,499
1855,110.20449804643384,156.30968840431694,64.76396252119079,rainy,3,1,other,75,812
399,115.42869123287335,174.34933649160718,48.3677109057398,rainy,2,10,noiler,27,325
1863,114.91172468322166,85.99129872984436,34.20404694265576,rainy,3,14,sasso,72,1038
712,155.80030460330747,190.382548638405,49.81675910689529,dry,1,4,sasso,68,344
672,147.95204191094706,65.057523674681,42.51353061902951,dry,4,22,sasso,41,459
1152,145.98458022930586,139.90724923758472,76.54827535617642,dry,3,13,other,83,461
1947,115.14169196488228,128.34299016278942,56.177215076154155,dry,3,12,sasso,93,892
1165,153.92268339411547,64.8417271170747,61.283064393834536,dry,0,12,sasso,43,601
1528,139.36824267230793,99.23089222698775,77.53807561310667,dry,1,1,fulani,84,611
1908,150.46994455109748,118.44589542244009,70.09093508003312,dry,2,22,shika_brown,95,801
385,118.59713380391973,187.01596616488672,46.269291624028064,dry,1,13,shika_brown,54,247
1656,145.9740905292751,193.01919045523988,74.55475544309614,dry,3,10,fulani,36,887
1319,158.40212805219406,71.9216605416203,48.41163744611092,dry,3,21,other,51,645
344,105.60035723226596,80.07859367604789,77.70289266405442,rainy,2,14,fulani,75,143
1231,152.88958409171258,93.39809969742667,43.9246992959006,dry,4,11,fulani,47,596
1125,145.42998071344573,182.75842058755677,46.66397647694332,dry,4,6,noiler,56,659
1585,156.45149212886963,81.85087019587922,52.87689260851046,dry,2,8,shika_brown,71,719
1241,155.64577056486215,147.09520851973866,66.7308490464365,rainy,3,18,other,48,696
1240,134.5891100574689,106.13235596875481,55.6696989153058,dry,4,19,sasso,63,712
998,145.44688079168424,155.47162523373777,58.24025576993169,dry,1,20,other,93,431
1661,151.252113584396,193.57073498464584,67.37708058702725,dry,3,24,other,25,898
503,158.1339942641298,104.2951817511583,32.75734540851607,dry,3,19,fulani,77,201
1879,122.63620353603156,197.10003459707704,52.424446643423934,rainy,4,7,sasso,61,1434
1060,143.94314092112992,151.77904211905587,73.13035532730511,dry,1,7,sasso,31,696
528,124.96163515619651,130.21724460427652,42.922236319397925,rainy,4,1,other,76,242
1674,148.83626715526776,141.82907684855638,35.03078139538944,dry,3,1,shika_brown,67,787
537,117.55715146606221,179.4412866586372,64.47929755396746,dry,3,7,fulani,29,278
917,116.13166993063933,126.11019386817816,76.65101604493275,dry,3,9,fulani,18,506
632,110.94062430760938,148.9766676846358,51.07318369299662,dry,3,13,fulani,62,277
461,116.51870348902489,174.47505395642344,38.5357174042106,rainy,4,5,fulani,94,199
1917,124.99081789431844,72.43715844070304,38.22756799496067,rainy,1,24,shika_brown,77,999
679,138.53840232665812,116.22364599756284,71.47285196779478,dry,1,16,sasso,65,416
1293,126.38891550326838,194.02779464079023,44.20489914170838,rainy,3,7,fulani,97,570
1659,130.94063248560158,143.33540502908505,78.03229504437013,dry,3,21,sasso,36,1135
926,147.45565446586807,109.82557122502988,50.77751928770623,rainy,4,12,shika_brown,46,660
973,153.36827009086875,90.01333543641147,46.87774902548601,dry,3,1,sasso,65,461
1779,125.85825225799165,153.41205199168408,39.30658959592536,rainy,2,21,noiler,63,1217
1357,136.94673998052093,85.01764327676838,75.24399845192858,rainy,1,10,noiler,21,972
385,143.03156663532837,170.79260863475255,42.33823811013145,rainy,3,22,fulani,93,155
1932,120.55177645755498,102.31607877804666,66.55507077400387,dry,2,21,shika_brown,46,1167
1438,103.22107204814704,128.85034423200813,59.4482276507038,dry,2,6,other,83,675
1828,109.3661919906657,144.04651298280874,62.942010186999156,dry,3,11,other,75,793
909,115.18238492301744,127.54954595774127,52.4807376122181,rainy,3,8,noiler,47,717
1548,117.07179960349043,78.12634885960989,45.02083453587851,rainy,4,6,sasso,43,1153
604,128.00532086936332,65.24557440742859,56.224603375424095,rainy,3,11,fulani,80,280
1699,126.1779544893879,104.42619936490003,30.482129780224916,dry,0,23,sasso,42,988
1811,108.87841697340032,90.12451453908326,79.93144264271294,dry,0,3,fulani,92,724
880,148.69459198026067,175.22390081970656,52.02238429008743,dry,2,16,sasso,72,450
890,150.31243080837544,79.1206032582925,70.31143823338104,dry,0,5,sasso,98,381
1698,126.50320559697174,187.90691647782506,59.278809589396744,rainy,1,22,noiler,35,1450
1397,159.62712959672095,91.37945860795742,73.48420358076947,dry,2,4,shika_brown,65,633
1529,113.79113105190315,134.27942638650242,32.63414760523787,rainy,3,12,sasso,67,887
502,137.81912129341848,171.22738246707092,31.583556586144507,dry,2,2,fulani,64,216
1597,119.3790678071048,92.21050475097988,79.80955777704874,rainy,1,5,shika_brown,44,995
1635,156.26483375950272,138.1435254108717,63.16511130239837,rainy,3,20,noiler,79,867
1360,137.36279632380834,101.02728823493845,36.76479759205784,rainy,1,7,shika_brown,33,961
1696,103.35217257706853,63.32750895977339,40.49353013378628,dry,0,7,other,77,678
1146,141.79428496966938,196.41443797151993,46.20761620585904,dry,1,24,sasso,58,732
1703,123.21621406312104,166.38254676559495,30.965712405802776,dry,4,10,shika_brown,58,986
1458,149.55350306468256,178.62844917428782,77.66695540408642,rainy,3,2,noiler,86,698
1804,104.06411582310406,195.36911598876839,63.023499951158094,rainy,1,14,noiler,47,1345
1764,126.3837482486995,115.29303294936555,38.096026234341224,rainy,1,20,fulani,33,1097
1355,104.97447983552068,188.6606450577964,44.76651752701973,rainy,3,22,other,59,837
1438,131.60409531717443,121.69065806618084,61.66158837877441,dry,0,3,shika_brown,41,898
1983,143.79097958665506,60.65956265274891,45.220275730388344,rainy,1,1,sasso,84,793
1555,125.94602919895107,68.1036384122653,58.58096206306473,rainy,0,15,sasso,81,649
1898,117.99708344393483,96.40288249487222,35.365098754748196,dry,0,2,noiler,55,933
1972,132.3612651513157,171.23770046840156,65.74040431462802,dry,0,2,other,25,1011
1761,139.4414567822679,135.0879239283151,62.212784088909196,dry,3,19,fulani,82,740
1044,128.09061693494183,183.65496587423368,47.24268044797263,dry,1,12,noiler,52,717
1764,132.00943369940546,119.80072403725191,71.33060754180418,rainy,2,18,sasso,39,1406
1282,117.76902533855663,75.43901427080996,43.01135180340287,rainy,3,9,fulani,52,663
1233,139.53639293016886,158.7366313015596,73.03329895460598,dry,2,12,sasso,26,861
543,152.37904874263535,159.2978537094549,72.86087814159274,dry,4,1,other,87,217
1456,159.3578143367134,168.97641637763525,30.188250140161195,dry,1,19,sasso,21,903
1789,116.75139650233643,111.01559382898705,39.02568417695054,rainy,0,6,fulani,83,716
1309,105.64667901336595,115.98681540762351,41.99314341004457,dry,0,20,sasso,52,782
1676,108.65133562784364,148.01226300479954,30.597591920447403,rainy,1,10,shika_brown,55,1022
944,138.3260239238348,68.6668239387107,73.94848244738847,dry,0,18,shika_brown,98,378
322,117.28968146539654,100.18703286886193,35.727269116334774,rainy,3,19,noiler,29,270
1786,106.43906152131598,137.54594447790163,35.24031375003328,rainy,4,10,shika_brown,91,938
1354,152.60759542389906,61.997689328209475,51.237961566841705,rainy,2,4,sasso,45,824
1585,157.96765060744073,83.55143788189811,43.49437609633246,dry,1,11,other,40,825
1503,144.53770912512817,88.14646767284503,57.43978154670769,rainy,1,18,shika_brown,45,935
1962,148.41021711063135,171.8532333942519,48.05526566345593,rainy,2,10,fulani,57,1011
938,101.30194263756154,177.87589298703398,34.49096045322652,dry,0,24,other,32,523
349,111.64172777142252,96.49387325861505,32.442801088777344,rainy,3,11,fulani,45,209
858,144.74197295927402,115.73794655951801,31.634389454449142,dry,4,6,noiler,71,487
358,114.01258524042383,126.49897380852484,65.89964139857946,rainy,2,14,fulani,27,239
1292,126.03824821023798,146.6219644185496,75.04354047406645,dry,2,2,noiler,25,940
1925,117.06021715108699,193.46889525729966,30.9595461925679,rainy,1,15,shika_brown,97,985
455,152.35746522108948,89.55053222612666,78.50520268092681,rainy,0,18,other,98,182
1788,146.676917703855,70.48275870387943,36.75739259713361,dry,2,14,sasso,53,1051
746,140.79306521361855,182.85953786204698,68.83773719367937,dry,2,10,other,26,459
1049,155.8267441259104,170.9108308984033,43.36813730174747,dry,0,7,other,35,503
1455,106.5723033260911,86.62411150210819,54.954832597028016,dry,2,0,other,76,582
547,146.44250790122632,142.73759413574305,37.21862969798775,dry,4,6,sasso,76,266
1567,150.6049984688405,145.50234965555447,72.78311486051884,rainy,4,22,noiler,97,827
1732,148.11884906933204,194.1638806773361,70.40292206827354,dry,0,3,sasso,57,846
551,136.0017279974369,92.21432524385112,46.983024079798895,dry,1,11,noiler,82,285
1255,134.84603355865823,105.22216667706869,48.99242542659098,rainy,3,6,shika_brown,29,845
346,128.05326718844404,135.04422247211863,79.4114938251233,rainy,2,20,other,31,212
781,118.17936562122492,89.09006725036883,73.61185775681217,dry,0,23,fulani,68,312
1968,143.2913844024645,121.93576853794185,46.6980258580981,dry,4,17,other,55,1163
1766,101.10263914431464,139.6979615275875,39.72088875990186,dry,4,19,shika_brown,51,1098
938,141.5127203406408,62.66416592321556,59.546562682501204,rainy,0,0,shika_brown,68,375
1515,152.17004053943037,109.90594957198459,51.70162754096624,dry,3,24,shika_brown,83,636
1698,143.67013211124657,188.09552439052533,32.541078203944075,rainy,1,21,fulani,66,796
1912,122.14811392375246,112.84392160943639,61.99214317507315,dry,2,10,shika_brown,99,906
1838,105.28877903168863,186.00453085848824,75.08363915866346,dry,4,22,other,56,1020
814,139.59596429224047,160.82805122924702,54.87603482713031,rainy,2,24,noiler,44,660
1450,102.63236273306336,184.19839604184233,32.162252088572416,rainy,2,2,sasso,23,1061
792,110.42866777195647,66.39611173476194,58.17879054064997,dry,0,19,noiler,88,317
1861,140.54345239664318,146.57372107820262,76.123342840554,rainy,0,11,noiler,49,1147
652,133.18954197934175,127.67237870875647,72.5297687413079,rainy,4,12,other,67,388
1745,135.84622584648884,140.57405655985445,31.657574426378723,rainy,2,6,noiler,44,1306
862,116.80934922295106,106.71549611115803,77.92334689530311,dry,1,8,shika_brown,53,556
331,114.87931684263899,171.2741269916574,79.60640772174614,rainy,0,18,other,99,132
1378,151.82230039549762,92.9053598940593,31.21780669487589,rainy,1,2,other,70,551
778,152.86000999510043,173.5024408212951,66.72004750440121,dry,0,6,fulani,31,347
347,150.4782532456112,85.99884094481371,40.68987721620216,rainy,0,0,shika_brown,67,139
952,158.144725325343,79.1102257004043,66.56806912499934,rainy,1,15,shika_brown,26,600
1771,123.24768670655635,191.2667089165185,78.31930277240497,dry,1,14,shika_brown,22,1212
1687,114.77597948399875,195.40037503802887,30.958098834853445,rainy,3,16,fulani,29,991
1957,147.3503285007915,74.02535369247934,35.80734504737097,rainy,0,13,other,21,909
1425,113.29911057215901,101.51529513770551,43.99073299972792,dry,4,8,sasso,37,1022
422,137.53098213465364,154.54815603480623,50.317570366139705,rainy,0,5,noiler,49,273
1860,115.2882021279146,117.11248163616554,52.44320641322803,rainy,2,20,shika_brown,66,1243
1638,158.37810660111586,175.8746896946302,76.98864541173022,rainy,2,1,other,54,754
845,131.3211728481198,168.118686065865,49.68694539316402,rainy,3,1,sasso,32,626
937,129.85731717714597,108.72909485431413,33.65189190803862,rainy,0,15,noiler,72,459
1742,101.86887979895484,104.73851156250129,52.9275031432581,rainy,3,5,other,81,722
1160,123.88365993671493,70.02456991148102,68.76209847953028,dry,3,11,other,91,527
414,153.08846287655456,154.27271549049345,57.713425306096774,dry,1,13,shika_brown,43,259
1499,143.00300851604055,122.12280524062058,40.234060867637446,dry,1,6,shika_brown,50,868
1963,136.6517148361706,63.20776093934518,74.09516654138952,rainy,3,9,fulani,68,785
949,119.64442062447745,143.7960521767837,37.40032611183093,dry,1,2,noiler,44,633
1364,154.8141378891925,167.0965106132095,69.81883778173051,dry,4,15,other,30,731
1093,157.50280755164215,161.8718986276915,47.06728737191342,dry,1,20,fulani,87,437
881,100.09731057422647,77.17143639376721,40.851056191208265,rainy,1,4,fulani,42,503
1789,152.42981664139216,162.86375533073283,63.71315808005451,dry,4,7,shika_brown,44,1114
455,147.59580916341343,117.8161016205936,78.81023379674076,rainy,4,21,fulani,62,245
892,119.5779613705479,81.59290123848044,37.30729286970504,dry,0,15,shika_brown,49,521
442,106.60999188667758,167.57715492032128,35.17401422715939,dry,2,20,other,75,202
308,117.65382960452826,60.59035370615807,67.05009409041642,rainy,4,3,shika_brown,44,251
883,107.90446789574182,129.97923701172624,60.047458407709705,rainy,1,15,fulani,76,457
1134,103.38885423381151,114.6206967574858,36.88862906160681,rainy,4,13,sasso,76,693
1682,154.39215408302283,110.07658022691372,59.81224319987217,rainy,3,16,sasso,90,841
569,114.19873920092145,140.5006292953629,48.40939052278354,dry,4,8,other,49,348
1316,138.32455667684144,165.05883860577717,58.80771481603024,dry,4,9,sasso,27,972
1605,123.44048315113537,169.36581902942376,43.072375390557106,rainy,2,15,other,78,763
346,138.30857122946026,154.29710938553262,39.69485251162023,dry,3,14,other,80,167
1853,135.02599259777767,187.7129875510264,78.5020109089439,dry,1,1,shika_brown,52,940
1817,153.80272589243856,61.537461539525566,54.33157384710523,dry,3,19,sasso,63,791
687,140.92450926552542,109.86598209080815,55.86872734688857,dry,4,24,fulani,98,275
1856,139.53136348508627,123.82985359568303,76.2697703784892,rainy,2,9,shika_brown,92,943
1372,116.4104623167282,86.91629810489295,55.8154761227408,rainy,3,12,shika_brown,60,910
1936,123.77522536946594,64.40116930529072,39.623563039771724,rainy,1,23,shika_brown,53,1108
822,131.5858331235561,70.87698289193759,33.33478763109842,dry,4,13,other,85,333
487,149.8195934368573,196.3368301975553,46.0296597648523,rainy,2,21,other,42,292
1204,139.86509513921845,111.02918561557047,38.88602914920241,dry,1,9,sasso,74,701
1855,130.83051667269882,77.9318667301401,59.28202924705065,dry,1,2,sasso,18,1057
1703,115.85867007939979,164.8281576150896,53.37268423640727,rainy,3,18,sasso,42,1352
1078,114.0728795552172,198.88869522957665,56.5897691033376,dry,2,7,noiler,79,605
617,131.03618631072868,172.61269111075038,45.139640864544056,dry,4,12,sasso,26,451
798,109.31281553691977,95.61736632747375,59.00896490980651,dry,0,3,noiler,26,477
1078,127.5748818037877,100.3942990223024,73.547556410997,rainy,1,15,shika_brown,38,838
1859,107.8401711885746,102.06688157286436,53.89771623860047,rainy,1,6,sasso,64,1123
378,111.58974633385915,188.85116133507222,63.40161153128577,rainy,2,23,shika_brown,90,215
1043,101.03981077061994,61.23339817656741,35.57307835062542,dry,1,0,noiler,66,446
828,118.46210095041975,175.660795199875,74.40066756505152,dry,1,6,noiler,32,608
1887,124.21153561090861,98.22593327048999,34.63053783050196,dry,1,23,shika_brown,57,963
702,125.45523954897152,144.57572990365674,48.61705216603382,dry,3,8,shika_brown,81,324
1932,159.54557053989598,157.10974923708352,45.767649457076956,dry,2,20,other,92,773
353,124.38158464157787,70.33873023544146,58.28340216994858,rainy,3,10,shika_brown,53,251
364,111.87305632306465,130.26279619231113,46.75344349799248,rainy,4,16,fulani,45,215
1559,143.45942007413532,152.54054114445717,53.43332892579151,rainy,0,20,noiler,52,1002
433,146.132344940779,191.0902803351004,62.006386663745744,dry,0,22,noiler,36,269
1927,149.7871170629419,95.75237167952056,48.602636235969996,dry,2,17,other,77,771
1733,124.90128343917004,166.95800074265736,50.6321182425859,dry,4,5,shika_brown,52,1086
1355,153.63845998471132,160.3294455511858,52.07635235329809,dry,4,19,shika_brown,28,809
1161,133.19639252882905,188.81524538596878,67.30848073642791,rainy,1,14,shika_brown,42,939
719,148.496284249939,190.12270369407003,55.7666086474152,rainy,2,9,fulani,89,321
503,123.59450117572186,146.9527124315921,71.86305567758399,dry,2,7,other,97,225
783,134.0118818776798,176.44974881593754,48.69250630812707,rainy,1,1,other,53,417
822,108.1505691619102,154.32646184908748,45.56954645038911,rainy,1,5,shika_brown,23,653
1600,133.47394608273277,145.02920655990013,53.10717616739285,dry,1,12,noiler,76,919
834,155.77005419486,122.9365051373046,64.89956831335158,dry,3,24,other,51,436
1061,145.14700052499242,62.0325521684847,58.77746131020088,dry,1,3,other,90,424
528,106.61506995225949,74.49737322506884,78.04402247050567,rainy,4,20,sasso,45,402
1964,125.85370514342863,107.89026528073967,51.229087363357685,rainy,1,2,noiler,35,1441
938,138.5052773682084,188.1131934287018,70.53120056645982,dry,2,19,fulani,29,544
1858,111.61343611451156,61.43995620090171,49.584656495084964,dry,2,23,noiler,52,1132
1308,111.47637490519631,176.61241533438184,38.39824564224451,rainy,3,9,shika_brown,70,829
1282,118.75585166106754,110.06312606345878,47.688170750731445,rainy,3,20,sasso,73,807
1559,113.74108915064309,146.05170424485385,71.69799190960188,dry,3,8,noiler,51,1163
1514,124.03502752723173,116.96968766052964,55.82402545485573,rainy,1,9,noiler,70,937
1280,109.88306877394346,181.08476684584633,45.78642982350745,dry,2,2,noiler,56,844
1857,104.9478990981713,64.46957607555318,68.23946421934198,rainy,0,10,sasso,61,960
390,156.88356092576362,123.54325965873474,52.71153284266704,dry,1,7,fulani,98,156
1300,159.8839553633968,76.30104254521527,44.266070634910264,dry,3,23,other,24,662
519,123.86372015400165,108.84312511228165,55.529692766179345,dry,1,24,sasso,68,318
1123,104.95238016382149,139.09900305365633,50.62582726751248,rainy,1,13,shika_brown,47,830
936,143.09449628839928,63.668175542028195,69.26280798617125,rainy,0,11,other,74,404
1605,155.14197743343857,185.84783229003085,75.01304950345565,dry,2,19,fulani,88,642
1437,119.28418923807097,141.13778641172811,59.633217621769106,dry,4,15,fulani,21,875
1531,100.18957838171052,62.174919112738145,52.92936561018259,rainy,0,20,fulani,68,612
548,124.59651066119673,114.07777118605232,44.704017869948686,dry,3,12,fulani,87,219
1899,155.05477658143639,169.35295794280992,75.78174393228436,dry,2,12,fulani,68,760
926,147.44814953279595,80.57964780416509,37.852715156618764,dry,3,15,shika_brown,54,555
442,126.25227938656967,155.98264659023562,52.447332680249744,rainy,0,14,sasso,53,263
1654,143.1057618600226,137.4079950388947,30.73143419411781,rainy,1,17,sasso,95,749
1976,150.86245341929117,65.0066464954489,45.27127777104271,rainy,1,4,noiler,56,938
1786,121.49948046459299,175.0570253807108,48.12056888876428,rainy,0,15,shika_brown,58,1104
471,110.5571865950653,155.21930631927037,78.1533826233113,rainy,0,22,shika_brown,56,262
1758,118.70335336374214,109.21909304269653,77.2735137689684,dry,3,23,sasso,67,998
1364,121.23973416441899,129.88819802386126,72.25242933068904,rainy,2,15,noiler,31,1089
1060,141.75075149749694,111.69689894689884,37.45488402616845,rainy,2,20,sasso,39,875
822,151.09932358417643,62.47977801077502,54.32030646122229,dry,3,3,other,83,345
653,155.60912740355803,156.00838804465906,37.062861032304674,rainy,1,7,noiler,26,437
1986,113.57590632840906,167.1732916646725,51.850125495719595,dry,0,10,noiler,33,1308
1124,134.2259752301216,113.41736349922088,51.09999049869826,dry,4,0,noiler,31,756
1238,108.09792046290768,156.3854717130941,31.620703702995925,dry,4,14,shika_brown,73,664
1155,111.09836606646957,68.43726317269508,30.980130630668597,rainy,4,3,other,57,623
1130,117.36433216358262,108.29066197129698,65.67401051486411,dry,0,14,shika_brown,23,685
803,116.9698356882158,159.81625590490475,31.500083408096014,dry,4,11,noiler,65,501
1020,152.68060916890872,180.1165037974403,63.480148013328375,rainy,2,14,other,67,498
1304,145.91427791300077,183.2157125497134,71.46513034259635,rainy,1,0,other,40,692
360,133.57679407991512,130.1728624845731,69.22996762913807,rainy,2,11,shika_brown,32,264
1437,110.7670912504177,93.37898928328146,66.59153483436732,rainy,3,4,fulani,88,631
879,111.57821851011447,122.54504815052607,40.45397551157513,rainy,1,12,shika_brown,71,571
1974,154.14221931426178,68.62920166423677,61.68919796920271,dry,0,12,noiler,26,906
1663,141.94372796324888,73.85612625610648,32.18858336929175,dry,0,18,shika_brown,67,704
788,137.24513115300985,130.1771988259335,50.62748300011373,rainy,3,10,noiler,78,500
777,133.32424695105058,175.73608923266937,76.44744409098692,dry,0,4,other,41,397
1284,112.8550179725674,185.159521603828,52.51846095752553,dry,3,9,noiler,22,973
744,158.44176530808846,91.26469877711293,38.38798640095311,rainy,0,1,sasso,24,397
556,159.70173055211444,97.88220010904561,48.914525986674,rainy,1,15,shika_brown,50,359
1924,130.14629259567215,115.06583895923396,78.45207536364842,dry,3,8,shika_brown,40,1097
1014,122.95135824188331,187.9668978223799,77.38774630261007,dry,1,3,sasso,31,726
696,110.60776566322154,99.45320421358325,73.36303990976867,dry,1,4,sasso,67,406
1806,151.2767193867707,79.81799234039352,70.4263707122425,dry,0,9,sasso,84,722
1634,153.85228963406144,149.34964773349975,55.65048063555823,dry,2,23,sasso,27,947
1178,114.02745120893456,133.37263463821682,42.93042752081242,rainy,1,0,sasso,46,710
1485,157.35599571616507,137.97607169508515,76.03315333405396,dry,4,16,shika_brown,46,814
1731,115.18933474385904,69.75234687765848,58.3190673028336,dry,3,4,sasso,56,896
1070,108.36258239165124,112.71263424760994,34.742877305699,rainy,3,6,sasso,20,783
618,122.86427537297209,184.09671377762248,56.049856501286314,dry,4,9,other,80,261
449,150.11021331370705,183.4422991695754,36.66204324006971,rainy,2,15,sasso,34,307
1379,124.12084503215345,188.11619443290758,47.80011795787554,rainy,1,0,noiler,46,911
486,121.55365616241409,84.25815525918576,47.46211080738959,rainy,4,18,shika_brown,53,352
630,121.60622094398155,114.93100699613717,67.2968525077242,rainy,0,8,other,75,298
1660,157.8204975785983,168.64249665655342,53.30023452845539,rainy,4,13,noiler,67,1012
1317,100.44242659079801,99.98423741277907,47.60956836949845,dry,0,24,sasso,87,544
766,129.8546745141543,65.97565470378365,32.229806148839785,rainy,3,16,shika_brown,62,473
908,130.19205184037895,108.18559060575836,63.298753503091994,dry,0,16,shika_brown,19,540
1653,148.64231016618996,117.96722425222617,48.7834136867913,rainy,2,16,sasso,70,933
1670,152.78776390442042,136.7550011885222,71.49888028150757,rainy,0,0,sasso,81,668
695,100.82258247341716,129.618909767412,76.2943455821136,dry,2,18,other,41,425
356,118.7677535923776,90.48325686268015,46.90747644711463,rainy,0,17,noiler,30,262
636,156.1912489593352,144.4990788458928,66.56786579090395,dry,3,16,sasso,19,411
1680,117.74592848956695,79.33290436675793,71.19267674560717,dry,0,8,other,57,765
1235,121.54247479205209,94.71414228322101,53.20771936223663,rainy,0,20,other,78,494
1976,108.61674168623716,114.99104533179172,61.227587305073826,dry,3,8,noiler,71,1140
1418,118.84855812201506,157.39943384407854,53.39385443609652,rainy,4,10,other,57,877
491,144.49944125801719,113.89210280919355,57.28523284914776,dry,3,16,other,32,281
1192,139.76178990087055,143.3461908732686,57.343647995113464,dry,4,15,noiler,78,718
559,130.5149097301855,124.56218539452762,55.08578261379495,dry,1,3,fulani,27,321
1103,156.538302825022,151.66307563904923,36.53416059101548,rainy,4,12,fulani,71,451
1972,102.8951768753756,72.55310749435084,77.89077459681968,rainy,4,21,noiler,94,955
491,145.16539282895022,154.6141515260639,51.0867672946063,rainy,0,4,other,77,199
819,132.41772819127092,156.40383755262877,37.72782473114654,rainy,4,23,other,94,445
1359,149.16342669862138,174.5906574602443,37.01544196625346,dry,3,10,shika_brown,65,709
1109,135.32582831202663,160.42113308505705,63.015070140710854,rainy,1,14,noiler,52,793
1336,117.4448743577723,175.77544054271806,77.06156798479935,dry,0,18,sasso,76,656
968,122.24747916586114,125.7271049368494,55.93940317368371,dry,4,2,shika_brown,66,551
474,128.18321492229296,139.7421724148801,40.65818086325902,dry,2,18,noiler,33,348
892,145.6973675930019,165.46755374222556,67.50351139715318,rainy,0,15,noiler,26,630
1068,146.7386409060967,179.6164757645937,38.69450297802828,rainy,4,19,other,93,506
996,121.41687867338716,199.20288235954288,39.45908730364485,dry,0,15,noiler,99,483
425,130.72185975304325,76.0069348248566,69.64462009882462,dry,4,19,other,69,218
1688,130.72825129561332,156.54033445628664,33.34084536110923,dry,2,14,noiler,76,883
787,144.34970908259572,89.79657681213405,49.77127532193918,rainy,0,11,other,54,404
1466,156.70818914125024,101.5355082855198,39.64567032909612,rainy,4,14,other,59,725
930,115.56388665905611,186.03876626540261,52.34891966664479,dry,4,8,other,72,476
1559,155.16508040965377,118.67391934543453,63.229340288889304,rainy,4,3,noiler,18,903
1829,119.87403355860643,74.88199914674499,52.97778665503169,rainy,4,8,noiler,53,1193
1583,120.8218264529184,138.473866697019,68.39690430998786,dry,1,13,noiler,18,1121
1637,109.34389819825503,99.37963901013043,40.34812009454503,rainy,4,15,sasso,68,1019
852,123.41769373628061,195.5485115540012,62.834601849873046,dry,1,17,sasso,81,439
1071,134.60861400698784,198.70515678668045,65.5094871760591,rainy,3,16,shika_brown,65,726
1855,157.46400391908165,95.05430829696787,56.1843525103596,rainy,3,10,sasso,66,960
1562,117.57339571568421,156.4571194425066,78.73910350867492,dry,0,23,other,48,687
310,117.73533232162046,138.20492931543322,36.84636144057675,rainy,1,1,shika_brown,62,184
906,107.59251843358736,185.28565623703085,45.24336462008634,rainy,1,14,fulani,65,470
609,127.56470446535207,142.2037571225322,77.6281277015363,dry,2,5,sasso,47,436
1490,148.36815586368618,164.8187277044197,45.85021084305897,dry,1,13,shika_brown,67,781
1653,119.47594989541692,123.90306346466221,30.868019128277563,dry,4,4,other,35,978
1115,130.6584401125641,196.1385238398979,76.75817536654881,rainy,3,9,fulani,35,699
324,130.77407918025233,113.39839635175659,33.30084080331302,rainy,4,23,noiler,35,257
1927,125.3287679958961,190.49439890682225,45.03585460850711,rainy,3,19,noiler,59,1248
708,118.39421093401015,69.41851186088887,47.02389431429941,rainy,2,8,noiler,41,552
1900,105.87035718696592,87.83370051461306,47.819469662709935,dry,0,5,fulani,75,760
1668,120.51678560974622,125.9931480219029,31.429649459303374,rainy,3,14,sasso,58,1126
1436,105.14481358385878,175.4983548778228,77.3026181166791,rainy,1,3,noiler,31,1051
1312,125.62179760745659,163.07504783008335,36.65346409150152,rainy,4,14,shika_brown,21,1029
1194,102.4746082405768,69.62267073748572,57.4756333894608,dry,1,0,sasso,74,496
461,146.66442291963105,68.11155592733022,72.45169559865556,rainy,3,3,noiler,18,333
1831,128.74959591044245,169.7669691886452,38.926958091924504,rainy,2,12,other,26,1287
431,124.15961525431942,154.42732922373142,38.50448756700571,dry,3,2,fulani,68,191
1059,109.757865752662,87.26780657553397,43.94492059516913,dry,3,13,other,78,514
645,120.73946161307416,91.88754340067418,69.10356722676346,rainy,4,6,sasso,70,408
1844,136.89503177819904,147.8785739056725,50.10780345390749,rainy,1,18,sasso,86,945
315,157.451931299079,180.65996287290454,75.09914378777356,dry,2,18,noiler,57,170
1002,116.89065612484214,134.49365942662303,73.38314145743375,dry,2,3,sasso,48,678
517,107.12196337685245,98.1845556093709,63.139556079974575,rainy,4,5,noiler,98,284
1215,154.90829961744078,188.3247886393186,79.60894628530974,dry,1,12,noiler,24,776
1834,107.38830312476969,193.22337030269594,68.90645152321318,rainy,2,1,shika_brown,94,958
1142,133.0644824742636,82.31786711011964,50.711624980178314,dry,1,20,shika_brown,78,560
1914,145.78037310941832,146.83429370148775,66.33665262807355,dry,4,16,noiler,89,884
400,136.8038459913203,177.6634389407715,49.96236691444901,dry,0,16,shika_brown,41,257
1002,113.18171490519214,89.45375206804592,60.30371324067326,rainy,1,20,shika_brown,65,655
1436,112.09696926160771,123.76133291008975,62.87260573955123,dry,3,22,other,41,881
1687,115.62076393884028,196.23796254273753,60.667103972664094,rainy,2,14,other,66,1012
1415,117.34558537578458,181.6478826720041,54.14738468268104,dry,4,9,sasso,48,939
1312,134.1623778632022,112.38436500709253,41.66910231885593,dry,2,4,sasso,50,873
411,113.71247324366963,157.35144316809968,42.52349066034964,dry,3,3,other,76,197
754,145.40443945177165,63.262233971187825,49.27420903815134,rainy,1,15,sasso,48,499
1787,132.4406284748672,195.99267109620706,49.68332765915536,rainy,0,18,other,27,1130
973,148.19846486963516,173.34938527663684,74.53386638922632,rainy,3,5,fulani,69,428
637,131.82092631737777,61.715487614525394,32.21466016893506,dry,2,2,other,96,286
1165,106.44502893133065,110.77504545683414,59.833996772889954,dry,4,0,sasso,83,555
580,150.12220407772227,161.95205898882196,61.091912444381485,rainy,0,4,fulani,70,234
1096,110.67228579587417,93.50432647873615,72.41195391648237,rainy,1,2,other,50,659
652,119.91152162468913,117.2576507750008,57.4056564451016,rainy,2,0,shika_brown,59,376
1351,128.02830026556765,143.66232329875885,36.53499395027182,rainy,1,13,sasso,30,1073
671,142.37500197202783,81.69840791554344,43.31865922317374,rainy,3,0,shika_brown,88,323
722,140.94382248788995,154.7047207899045,40.1520102517692,dry,0,14,other,32,431
748,119.98735434902018,154.95307911261466,34.27714579649815,dry,1,15,noiler,65,421
1620,140.07047715911145,193.547859117243,52.30169826203566,rainy,3,14,sasso,25,1392
778,147.52284792697506,180.33805467707893,63.98020137638393,rainy,3,16,sasso,27,567
698,152.20443485182062,87.46093387832488,77.90046607402802,rainy,3,20,shika_brown,85,337
706,127.65738542799002,177.47513685704854,36.956967171463134,dry,3,8,noiler,18,475
1257,132.62750480114752,79.39491596219756,52.43201454137409,dry,1,3,sasso,20,787
1479,132.18673708171264,78.8244241297217,63.26153182523684,rainy,4,20,shika_brown,65,801
669,154.57179813616324,104.08272095233811,69.66656941927792,dry,1,15,noiler,35,420
1243,111.56436051263734,68.4221992806947,57.51856600183785,rainy,1,18,shika_brown,92,628
600,105.77241761681476,121.92203380724376,33.34661431915772,dry,1,16,shika_brown,72,331
1199,138.1654746986549,135.01318529702812,67.44587601382821,rainy,4,18,other,57,769
1614,149.8424932766174,105.92138248634808,57.534399198945195,rainy,2,22,shika_brown,29,1096
1419,133.32386465593373,148.66166968658882,55.43349490464549,dry,2,11,other,85,670
1845,119.48791642565058,122.71798806148362,75.56960153940376,rainy,2,14,noiler,29,1422
1859,131.63520061833262,138.95682369684752,70.98174978599765,dry,3,24,shika_brown,60,1141
843,153.73202366287393,156.38828896396532,60.50777948176322,dry,0,11,noiler,72,355
546,122.35647694755457,129.38236844945678,68.97599415190919,rainy,3,4,fulani,68,281
1385,104.63645549771368,130.7973933027809,64.19292965749781,rainy,4,2,sasso,39,1092
814,118.98178202289941,111.13745183872693,32.77136252671234,rainy,1,1,other,70,397
605,142.70085334515431,65.64347345736384,61.61184012727927,rainy,4,9,other,59,376
1029,125.35647616457025,190.45669307111473,40.45852391622425,rainy,3,14,other,65,586
418,155.72908289972332,164.05099216190536,52.052800940220806,rainy,1,0,shika_brown,66,208
843,113.17709692270333,134.49900251279212,36.74735755565094,rainy,0,11,sasso,53,522
1924,111.99424184446656,172.3249234542268,59.84572945310906,dry,3,2,sasso,73,1058
1993,149.16789855087623,141.85095557608938,79.46781123302371,dry,4,21,fulani,37,870
1981,117.36810962979978,145.70321050596414,78.9158494567297,dry,4,21,fulani,82,792
814,126.01761916466111,104.61697410493292,73.30648540637117,rainy,0,12,noiler,92,415
1509,104.27566005430592,129.08284361907567,46.6183310182338,dry,1,5,noiler,80,807
342,143.10810901813807,174.68857212864424,65.53814833610633,rainy,2,14,fulani,34,217
850,157.82100335397095,83.71373481402098,78.63916853387391,rainy,2,20,sasso,47,535
1413,150.4634716894299,197.59200625314315,39.23986417659149,dry,0,11,fulani,46,592
510,153.06995832634493,124.34857793806353,77.57378397644888,dry,0,6,other,77,204
1087,157.6747027616895,87.986818348105,57.520704368563656,dry,2,11,shika_brown,77,494
1529,130.7284646585995,66.39593618146888,39.78063868609493,rainy,2,13,noiler,46,1121
531,147.71671199452987,182.31371753030407,73.24652367926834,rainy,0,15,noiler,93,245
1202,131.96222328952314,65.35906655564726,68.49380714394513,rainy,0,16,fulani,74,551
1751,147.84738941517674,169.99811994906145,67.93404831993954,rainy,0,5,fulani,48,828
901,140.5569063834795,62.28232534620414,78.65325305163405,dry,4,10,other,36,540
1073,131.4877620790553,80.38485803350754,62.92070566384133,dry,4,17,other,69,501
1675,139.8847093752857,116.16829096885732,57.53640920194812,dry,0,21,shika_brown,92,720
1331,151.88201122184336,81.90360451343713,36.1557125606664,rainy,2,10,noiler,24,925
484,116.18344361567642,77.36552721926108,34.707792696014494,rainy,2,24,noiler,34,401
697,132.18466936080765,129.6690166463058,76.2904321504453,dry,2,23,other,59,358
1194,102.2356055858671,127.22812515895018,70.86140165515937,rainy,1,7,sasso,86,627
1016,155.70394330554186,151.4476040807339,56.05894041613632,dry,3,4,shika_brown,83,440
1440,128.59891164497355,132.64966337627214,54.48373385092867,dry,2,18,shika_brown,40,1013
1247,116.04411596106456,148.89676784139033,36.91460485979603,dry,3,8,shika_brown,94,635
944,121.82474297696172,130.14467069849206,52.34956435567086,dry,1,5,noiler,29,682
1181,102.5226497118274,183.8938440378805,35.529474670922575,dry,4,13,other,48,664
640,156.99687894314823,98.1916624633886,73.82825553484372,dry,0,7,shika_brown,71,256
1409,125.7608577072987,155.4475078691458,44.7465556828615,rainy,2,17,fulani,77,719
1026,117.3737886320601,83.53562634163528,52.48813734437322,dry,3,3,shika_brown,73,481
1896,133.81652672215426,77.74701048050954,55.55381994959932,dry,2,9,other,50,1075
595,152.3374444991519,84.99438198171572,42.07285059910504,dry,1,9,sasso,40,373
848,141.06428478522838,160.0022686905569,67.44633828219797,dry,0,9,shika_brown,47,526
1516,138.44870552353908,199.793450292912,33.102796892106234,dry,4,20,other,75,705
1492,158.22050347053744,84.82698415268075,34.732509917049946,rainy,3,9,fulani,34,645
700,123.7402848812779,93.44390664306948,31.657148988913637,rainy,4,8,fulani,20,402
1598,145.1071442799742,163.0564428808948,68.5948181649895,dry,4,20,noiler,95,766
1216,119.01119453585994,151.6523503340137,38.93742125947944,dry,2,15,fulani,71,599
821,138.8975971438376,113.64439911236633,62.99788679360748,dry,3,5,other,95,337
1276,153.420223609756,163.62958541694996,60.949206776303726,rainy,4,14,noiler,20,908
1174,145.4090349040295,60.7609213479268,51.33019735610374,rainy,3,1,noiler,20,788
434,110.05059194119939,143.8098892550034,78.94755835969843,rainy,3,20,shika_brown,66,276
1384,110.60837676709954,67.43874051080711,58.62379707249426,dry,4,24,shika_brown,28,773
1183,121.80154496737882,102.88521092270645,70.96270741245195,dry,4,4,fulani,51,633
501,139.70877864242516,81.44224377950252,64.93581037033752,dry,4,19,noiler,33,395
1469,149.00414923420843,97.08285348695387,42.89998917732547,dry,4,6,fulani,57,647
1880,136.01128592295186,152.33321318701957,77.33845603603362,dry,2,2,shika_brown,61,1010
1892,147.44380097008494,75.06991481021473,78.14268240981282,rainy,4,1,other,33,912
791,110.38438504296748,108.2040072757735,52.22435654047486,dry,1,19,fulani,68,402
1463,109.88539855260564,124.3226054903681,78.95501529599804,dry,2,21,fulani,36,721
1993,147.3390680327711,186.90975814801692,55.31478415818384,dry,2,23,shika_brown,49,1263
1820,157.9617130634108,157.41459851463475,38.55819955111003,dry,4,2,other,91,728
1729,151.92462333025694,193.53654850037677,48.241365550973285,dry,4,10,fulani,18,727
382,115.72383366101963,122.16960083454312,72.58088559173538,dry,0,20,other,61,168
790,148.34322334702586,88.04026207472187,59.688473901997774,rainy,4,4,sasso,81,436
1679,147.5813541744912,102.7083288219493,39.39532335480811,rainy,0,8,fulani,32,860
869,121.16175669824013,189.55741635788516,44.06668355491716,dry,1,2,sasso,48,568
523,109.9777345569038,91.12604019149464,58.39942397755798,rainy,0,4,noiler,69,291
636,145.62772231059702,104.7677104059411,43.56784600076197,rainy,1,8,noiler,52,462
1020,106.06545745597532,146.34704463939997,55.33994799480307,dry,4,4,sasso,27,719
1033,134.78882285684188,128.1061696050108,36.38251999839624,rainy,2,2,sasso,99,518
1631,115.223870463404,86.36382315626783,36.739638556060015,rainy,1,5,sasso,69,921
886,122.42630459299878,66.16929581311275,71.82944289083909,dry,0,1,fulani,32,354
1163,144.32388250402056,68.08497559020196,54.30465662240145,rainy,1,7,shika_brown,31,781
1569,159.58357710876305,155.49209324510088,78.44948094433684,rainy,3,11,fulani,46,686
1723,117.07563456451219,134.20973975057422,48.3028854405609,rainy,1,16,shika_brown,76,889
1838,126.7208941052717,174.32219689498214,54.61094505898795,dry,3,0,shika_brown,25,1052
1621,133.73453557136844,135.9895688941655,34.1057117155468,rainy,1,23,noiler,74,1007
1200,158.95224321409742,127.15155472173818,70.18299210430484,dry,3,11,fulani,80,480
890,126.21713867971349,70.83742852491486,41.009886856988665,rainy,4,22,fulani,29,495
1936,105.3332860026686,132.36189324210517,36.50346009289403,rainy,0,15,other,70,774
1695,122.90608469607108,61.274476870398324,71.00543069058745,dry,1,10,sasso,52,963
668,106.65940984656797,127.69889746141425,33.39490132399131,rainy,1,13,noiler,75,425
1560,138.1356647158266,137.43544423468308,66.59991368491771,dry,3,0,sasso,30,1004
1377,107.13026304159504,177.87961686080436,69.43729595667861,dry,4,19,other,76,685
1342,103.40810903538886,132.96773606602014,40.32067101728418,dry,4,5,other,22,908
1460,120.15263661210078,81.73784482376601,59.01855156851569,dry,4,17,shika_brown,36,962
1874,111.7911009026051,167.57581827009687,75.50543189752534,dry,2,9,noiler,83,994
1442,102.35082022992856,88.7731877800656,46.643490045923,dry,1,22,fulani,21,703
1936,111.21052569236898,183.4133306740959,46.95820047584663,rainy,0,15,noiler,35,1412
1472,107.55336604360174,141.622223408845,32.01012223645415,dry,1,7,sasso,46,1009
1783,107.98733470902567,160.97019648771553,68.71255209712547,dry,2,3,shika_brown,86,783
1365,125.30526473962013,148.62606880678797,51.58989481323807,dry,3,11,other,61,820
545,117.15756968602705,168.21637775328395,76.42433741841865,rainy,4,13,noiler,87,312
810,132.5437391641566,76.02226305571281,75.25811999410448,rainy,2,21,sasso,52,572
1570,125.30267351502876,113.28686621074488,33.953485614455865,rainy,0,16,shika_brown,45,890
1522,111.20289916529076,63.96801988112068,35.11815527898465,rainy,2,19,other,32,962
1011,159.345161910898,72.09719515348176,71.05476684309323,dry,1,2,sasso,51,544
1842,103.20044624583979,115.18398836205148,47.50571910974339,rainy,3,16,shika_brown,20,1336
1988,132.0782052119841,197.30033396917403,51.887076587480124,dry,4,3,noiler,42,1546
635,130.14164669034608,156.8540425954921,55.69657025777323,rainy,1,17,other,87,289
1892,106.50675555369207,67.01785484299307,34.35686338832897,rainy,4,19,noiler,82,886
592,143.02379377917325,111.35116254891308,50.89988614763183,rainy,3,2,sasso,34,460
909,126.3220066796807,93.18182349126477,45.370650512058035,dry,4,13,other,99,443
553,111.26331523973178,88.37222906107326,76.72498895057586,dry,0,1,other,44,250
1978,106.48080358979216,104.2973509837749,50.66007287617651,rainy,3,13,other,97,837
1067,113.94623966830488,111.90847710456161,32.55056758679175,rainy,4,18,fulani,79,494
939,116.53404572053363,71.6222311830105,51.60423645438894,rainy,0,21,fulani,49,481
1211,159.9245446280787,118.64241113654674,40.81573957377688,dry,1,7,shika_brown,79,543
1100,124.9236157579109,63.45310025499679,50.9294883583147,rainy,2,17,shika_brown,70,644
931,145.99561957088287,80.61808699761811,78.13586114526481,rainy,0,24,other,68,391
651,142.44289276158918,74.93732006309173,69.92305963919405,dry,0,24,other,94,260
317,154.07527663783034,174.0845923522105,37.70063895553423,rainy,3,17,other,27,186
1553,159.9274823313552,191.41366174876714,79.66055019507778,dry,0,20,shika_brown,21,679
1884,155.15857116719621,185.79275476303096,65.34168087125681,rainy,3,1,fulani,31,934
1561,132.43943347967945,123.83368327195643,56.22476340169163,rainy,2,20,other,52,985
1706,110.16311955800398,76.94877726675232,38.98205452016503,dry,2,22,shika_brown,84,711
1250,142.95059247623504,175.04678427788915,63.988204445359074,dry,1,4,other,78,517
556,143.38538248952267,82.31052837995367,70.97712929554166,dry,4,24,shika_brown,76,342
1055,157.66557067129963,187.0352349231889,39.62333991780801,dry,1,23,other,31,585
383,109.11391782418951,184.12084898912525,36.70772148747963,dry,4,22,other,81,176
1932,150.01258586045455,155.6488199207239,67.8190640319601,dry,0,4,shika_brown,32,929
1002,159.43722298861587,141.54083780299877,63.64246823739496,rainy,4,19,sasso,85,534
1449,137.9306940763068,102.9144327451346,30.989232983415555,rainy,4,12,shika_brown,98,740
743,157.76723606508205,130.05225779035163,73.7018465833086,rainy,2,14,sasso,61,450
940,105.43698988659307,93.10867957837914,54.72023486561767,dry,3,14,sasso,26,664
1877,145.44282615816817,154.67894307008513,36.47930335634611,rainy,2,24,fulani,44,1024
1706,106.19109654503413,109.32329371054996,75.94991078936334,rainy,4,1,noiler,44,1132
1641,150.0482422286668,139.23991242596892,62.58586047577326,rainy,2,8,sasso,32,1228
1858,122.21381924713438,199.27599169999928,52.80225695698212,rainy,4,19,shika_brown,46,1444
1642,111.55638191855397,79.35569667991803,39.10764461897988,dry,4,4,shika_brown,46,973
719,100.45759858631605,178.2344710720567,43.560578451493534,rainy,4,19,other,43,488
450,148.03127386154154,187.06704250447743,45.58296469481169,dry,2,7,sasso,45,297
1801,110.30476668782285,178.19616458947166,55.39852605841632,rainy,4,12,other,57,1106
1577,154.478974553141,131.11998594332357,36.95676954976684,rainy,4,17,other,62,780
632,110.37885938830429,83.94964643107892,70.18531021116553,rainy,0,17,other,33,376
1014,149.62623020311887,128.20585276012716,35.42628010395633,rainy,3,9,other,68,557
514,116.37614783927413,122.4376985438278,51.313013152564125,rainy,1,14,fulani,43,334
612,151.6591910631505,93.64985106509317,49.936604181223885,dry,1,8,sasso,36,396
1667,138.31061977686684,69.16776530704665,47.04308683768133,dry,4,5,sasso,86,815
1219,135.22871257626934,159.72402696336502,51.80026273686501,rainy,1,2,noiler,71,739
1061,127.76426533169162,83.42247784642979,37.54455558175729,rainy,3,2,other,33,711
542,130.20202326337125,189.45060380468536,65.0954137863911,dry,4,6,sasso,23,414
1673,116.05202761328178,118.99208248905266,62.55793978366802,dry,1,13,noiler,41,1206
1699,120.13894444290034,91.87306934191898,55.27828541275691,dry,2,3,other,20,881
1387,148.37532576447038,199.05590624108288,42.56045062742039,dry,3,21,sasso,28,931
564,133.1782374051913,136.85615067850017,71.41208085033394,rainy,0,6,sasso,77,274
1121,120.64104912185654,142.6434945970271,48.666291481997504,dry,0,7,other,92,448
1553,134.55446415771894,195.68817678259066,62.0902234196801,rainy,4,23,other,36,1044
1499,150.3696853800879,74.6072617203676,68.2869789971856,rainy,2,0,noiler,78,632
1967,119.62633762150467,106.17563426116364,73.4887509417937,rainy,3,22,noiler,62,1317
1114,159.28853239690963,199.84487484776895,32.54492714587998,rainy,2,24,sasso,65,601
385,131.85252138421023,110.40357468958408,71.45408903259852,rainy,1,16,other,32,255
681,109.96343815996808,74.04196547109574,49.349529298833616,dry,4,8,noiler,98,363
803,150.8931816082309,82.33194880060321,71.4837192904427,dry,1,3,other,49,436
337,149.48632247961035,80.47414759817381,34.43656453465664,dry,4,14,shika_brown,21,219
848,126.06931617190712,81.63277403218116,78.71081067861272,dry,2,21,noiler,82,430
1660,113.02694443057939,152.01647799585032,66.16652212251532,dry,4,17,shika_brown,66,936
1071,146.0251541131432,170.1225551938706,52.053708283377965,dry,0,22,other,26,575
1581,130.12299957856544,122.33799230886689,44.60520002607315,rainy,2,0,noiler,21,1124
982,101.08536091125795,133.34893561418386,67.60435480890654,rainy,4,12,fulani,83,402
1450,121.16396849949814,85.78629560075564,33.02836177993396,dry,4,19,shika_brown,42,898
619,154.03658946398284,158.4485270992214,32.75048507946801,dry,4,15,shika_brown,45,359
1404,140.0981216767795,152.13285044966733,72.054856568932,dry,1,4,fulani,37,740
1753,146.93466875293984,114.04698385765485,33.06024464176038,rainy,4,17,sasso,87,787
1774,133.77289049993237,107.22118928430325,52.52918687730544,dry,4,7,fulani,70,768
1014,155.33696362607205,180.6927303339052,79.25527908569742,dry,2,23,fulani,92,406
496,116.18174358646972,157.87126154393843,75.4503971681511,rainy,2,7,sasso,42,380
1962,107.14786807206126,97.9454705435129,65.44308832975044,dry,2,24,other,75,913
538,121.44563236482288,83.78155845890086,62.893865470078495,rainy,4,12,other,51,364
1413,140.3508874642963,167.13090939974222,32.05982705275512,dry,1,1,fulani,71,565
1367,123.55247206512604,198.45531248546285,47.804485729822915,rainy,1,18,other,80,756
1179,107.67237299505581,121.53488094028928,68.8987735264334,dry,4,6,sasso,78,598
1107,135.5746561164448,107.69280291882856,42.25703988300569,dry,3,8,other,43,683
1225,112.6235602373514,138.54886270771058,56.846712052178574,dry,2,8,fulani,40,699
848,157.61748964323849,68.06758954441382,31.45644928957791,rainy,2,3,shika_brown,61,445
1653,100.5405942298271,124.35561646724486,44.74622816943068,rainy,0,14,sasso,36,1079
1381,129.932383518655,190.43395663426725,51.961241131981694,dry,0,18,fulani,95,552
1004,117.94968400424258,181.2248322310291,32.71812425393763,dry,4,7,shika_brown,54,617
823,154.8147020252587,110.42441924444493,30.322965272559976,rainy,3,3,sasso,65,433
1636,126.49219791042015,194.59741449819558,50.342510959419684,dry,3,22,sasso,32,1138
762,102.97291552250556,88.15786824375947,30.961766902443117,rainy,0,24,noiler,62,419
1615,105.59653083176124,123.95735503846313,66.01666218166872,rainy,4,24,shika_brown,67,1037
1625,127.40620676516326,101.36495726229936,57.511995084198325,rainy,4,11,noiler,51,1322
331,154.89773066956903,76.54121886070838,37.57412869316092,rainy,3,6,shika_brown,37,214
1950,133.6745439722782,61.65756497632034,48.542139788181174,rainy,4,10,noiler,33,1440
1695,126.56212229165578,117.03446057422693,38.07799652716687,rainy,0,11,fulani,33,735
1695,123.34114244767783,181.18643222604734,71.64582966685927,dry,4,7,shika_brown,41,1068
1108,112.79575400675026,158.86349364390924,58.226136169841666,dry,2,0,fulani,28,540
704,122.67925865302247,62.051395413458735,49.74776380663951,dry,3,4,shika_brown,69,367
1420,123.8427129783575,107.60351084838317,49.60884167846779,dry,0,4,shika_brown,60,743
1414,110.73353831680801,179.09955924955884,50.07938287168808,dry,1,15,other,55,819
639,149.6296624288182,123.46047045383705,37.61224323849521,rainy,1,7,shika_brown,44,451
652,127.11806378238987,86.25877352304869,67.90570158164215,dry,3,13,noiler,25,476
1760,115.8839038569237,125.80480094457798,44.688734566283614,rainy,4,17,shika_brown,53,1259
586,111.5022939807947,60.33419473633347,65.11925215945644,rainy,0,23,fulani,85,234
1293,109.53674466350735,147.40814452390572,73.22788162436851,dry,3,5,sasso,27,897
839,123.84976902067469,148.76996801287993,37.940261215524586,dry,0,10,shika_brown,99,365
1165,152.09431269455223,77.97066167473929,51.915182624437094,rainy,0,10,shika_brown,48,573
393,148.47442195265216,71.57920382974748,46.92722931630519,rainy,2,2,sasso,38,269
1504,103.77654303961327,104.5267420335888,66.71006438842454,rainy,3,3,other,54,824
752,115.40434295558812,185.27076172020418,57.04659595791392,dry,0,21,shika_brown,37,484
1926,138.28891273835302,159.62618768547503,75.35289900822474,dry,3,21,other,60,1013
1669,101.8989843763614,177.98641146987154,59.936231604119406,rainy,0,10,other,86,754
498,151.1791335285456,153.40030456076994,45.838663923148886,dry,3,17,other,82,219
679,125.33538253704707,180.75668768495945,69.3957712537048,dry,0,22,fulani,59,272
1224,131.2412932615921,84.5450802643074,64.5984510450514,rainy,2,6,other,77,642
1211,150.0372900065171,63.1096921126291,58.35314883870319,dry,3,5,noiler,68,535
1614,152.8205113942851,161.67904993043945,35.40871985539816,dry,1,9,fulani,59,646
1579,100.9651204138343,189.59063783989276,71.3696982346353,rainy,3,4,other,40,1029
596,118.71861909572483,146.8876012169271,48.09177429031968,rainy,3,4,noiler,77,382
454,106.08291996304371,72.24528774729677,77.20107845154254,dry,2,6,sasso,75,223
987,106.66715452682621,167.6343019395897,69.03932938534695,dry,3,8,other,59,575
1716,143.51203124753346,85.26214850223258,51.853549696722666,rainy,2,13,noiler,92,852
355,148.9625765248573,73.59563001822669,34.01890278670494,rainy,2,21,shika_brown,28,250
728,113.94268319198406,148.73822227861973,61.90187728853205,dry,3,13,sasso,47,494
457,158.56027771194263,156.4861397387915,52.203985865361034,dry,3,19,shika_brown,35,312
1916,134.65811634943822,100.47365724757532,35.2623127657886,rainy,4,20,shika_brown,59,1268
1109,136.3734838320009,111.44459585186243,37.89303303236936,rainy,1,20,shika_brown,62,768
961,127.12817272089124,109.8141694288376,55.388206265787986,dry,4,24,sasso,29,713
494,106.86921957128172,89.93505667150967,65.67331237980424,rainy,0,13,other,45,288
1246,146.87080905973454,178.7198530909385,72.48858536076541,dry,2,18,sasso,87,609
343,118.01468970013167,74.59356335717685,39.468568120341644,rainy,4,5,other,98,164
1406,116.2530747643318,93.60101832228605,54.93701496246185,dry,4,2,shika_brown,83,681
312,151.48849296069307,114.19804804059399,31.447461673431672,dry,0,19,fulani,86,125
1947,133.78647505807132,172.1698726567202,42.65357221515607,rainy,4,8,other,94,875
1458,137.36337666378637,193.1699542403196,62.44260945204782,dry,4,7,sasso,40,1090
1138,104.77442915262556,87.75773149585274,60.80369756864741,rainy,0,14,noiler,81,595
992,124.99195897594535,174.98582083422963,70.61219221016091,dry,2,14,fulani,93,397
1815,104.27595055459958,143.26928216673022,53.994669003424505,rainy,1,12,other,22,1165
1376,156.83231931724768,71.64798630127044,67.16885120019282,rainy,2,6,fulani,56,637
882,111.18634871765993,179.81209039683216,73.83789237311223,rainy,1,15,shika_brown,43,671
1139,143.18418273976187,194.54588409956466,36.01171016665336,dry,2,10,other,76,521
464,153.72719812599752,134.9959336878321,66.85336942030494,rainy,2,23,noiler,36,358
961,124.66391219670092,137.08048070349656,57.62666396685486,rainy,4,21,noiler,37,841
1703,142.24028763357853,80.33424874381222,46.14129568860503,dry,1,17,sasso,79,806
1420,132.55158898996967,186.9295885752408,43.04641845623343,dry,1,16,fulani,50,768
1502,143.33002028948826,99.10851522822253,68.72304483674276,dry,3,10,shika_brown,29,997
1909,150.51168283367133,151.2188258943095,69.76612088081521,rainy,3,11,other,38,1228
744,149.23163456605823,125.53641973587298,51.61399416612043,rainy,4,16,fulani,54,397
1929,134.70898999203504,101.25540654284586,57.860137746366306,dry,4,10,other,35,1039
1198,119.15302917488556,165.02693227450155,39.40575852417908,dry,4,6,fulani,35,705
1527,110.20072175481796,81.86098426034707,57.60507911429513,rainy,0,12,other,63,709
1329,134.47035204497956,108.19195090553276,56.66942442955063,rainy,1,4,shika_brown,61,787
608,100.205831959396,62.18982038230525,71.98193220037479,dry,0,20,other,85,243
1737,157.49008414959914,158.89221439465288,60.815538628034176,dry,3,11,sasso,78,787
529,102.18603238404464,137.91027115276262,41.55643188921723,dry,2,2,sasso,71,280
1390,145.3326209005667,147.89968908390782,69.45441723690108,dry,3,3,shika_brown,34,931
1555,143.953804542674,182.63584802585615,59.615995376406715,rainy,1,5,fulani,66,797
396,122.05224993199442,167.62036132830224,76.10120825363093,dry,3,3,noiler,94,218
1306,151.69773174313195,163.15060495444902,60.796913796922276,rainy,2,9,sasso,53,899
1088,155.09237415050058,113.56581020857726,73.04039884657968,dry,4,20,fulani,49,473
1294,111.05676964641845,194.71162121724038,33.92476656952378,rainy,4,7,noiler,45,971
351,128.74606616469916,131.69328425245254,75.18429687647165,dry,4,24,noiler,28,258
1646,149.1097167414269,166.24373231895393,32.93118978947457,dry,4,4,shika_brown,61,922
681,122.48738360898716,180.16934234326445,62.85904331722217,rainy,4,2,noiler,55,501
1861,148.56728832164808,95.8310872281079,64.23961016467118,dry,4,14,fulani,20,926
1937,124.53166265422506,107.95625855367751,76.39409532411351,dry,4,1,noiler,80,876
478,143.80113376534197,88.63982823526825,33.60971726336611,rainy,0,1,fulani,50,209
520,110.2709175662624,70.21031651597407,78.24465025176184,dry,4,1,fulani,69,208
1340,152.35294321715025,125.06458948975867,41.184855288018255,dry,1,12,shika_brown,72,599
1015,123.68010282540732,77.33420348579646,46.6724493814469,rainy,3,14,other,38,680
573,145.35407300399498,107.00260549129254,62.17955334792688,rainy,1,13,sasso,29,444
375,147.5309733075527,93.74404308628488,73.99213630338255,dry,3,7,shika_brown,55,213
628,115.63345040969995,122.0012965672733,61.61643817729599,rainy,0,1,other,82,251
1826,131.68648088523963,158.32366512152615,34.95163951852314,dry,2,18,noiler,56,1111
530,112.3262650580772,162.45430747626887,35.3161121150983,dry,1,14,shika_brown,73,276
1312,148.5424465590752,97.3985610139898,48.2171852869442,dry,4,4,sasso,67,730
1280,111.08887630173463,192.27203471442616,44.09194166291096,rainy,1,0,other,69,654
1241,152.73712519291053,75.40191219575843,33.63035619242371,rainy,1,3,other,55,570
910,108.858186079892,148.4955420944051,78.18363570657537,rainy,0,7,fulani,24,494
1444,127.34833085512689,76.71478599023538,78.96319665078451,dry,1,17,noiler,70,691
887,114.2964298799644,155.05653180469363,30.876472048428834,dry,1,21,shika_brown,39,575
1078,114.06379205957143,150.36036367848146,53.31186198038533,rainy,1,5,sasso,98,597
1929,156.38450277478844,76.06974552682213,58.52548582991662,dry,2,8,fulani,33,776
1078,106.98187566032813,158.75593012015815,63.345701387617375,dry,2,9,shika_brown,50,711
1372,122.53919839456763,166.49067247807204,36.99737520077784,rainy,2,12,shika_brown,58,969
1767,136.34562572542816,85.7548214827326,69.52984360770425,rainy,3,11,shika_brown,42,1250
521,129.21032083349803,131.29336228261172,72.34960743458143,dry,4,10,shika_brown,36,341
1521,134.97842653651952,79.17704699048474,56.215038810376086,rainy,0,13,sasso,37,941
1672,132.2440867102602,80.28230212364714,58.662053664166436,rainy,3,10,fulani,74,724
1031,122.80592960135121,112.20529958230912,64.59452222777925,rainy,4,6,shika_brown,60,723
550,139.4218933454313,81.58077977269792,70.33085127722416,dry,3,1,noiler,45,336
898,150.83204657440703,195.884343838529,39.703969250771216,rainy,3,17,noiler,53,594
1649,147.40142505032748,62.747543586659646,59.967310028057504,dry,1,1,noiler,35,844
1717,153.51525207951903,122.42747633149935,62.5614627663406,rainy,0,8,sasso,86,687
628,122.42263933358736,180.3262899666749,61.20390187924662,dry,2,14,shika_brown,87,310
1593,108.1493606431286,110.42250569096419,68.93535257791999,dry,2,1,other,47,864
535,158.03858951461856,152.12729937257927,40.740904214307605,rainy,0,0,fulani,64,214
1107,129.51712662598365,169.78838008523002,56.11821942442502,rainy,2,20,noiler,51,860
1097,114.20825853474672,101.92556598211266,73.66294069462569,rainy,0,12,shika_brown,64,605
1651,150.55103983467836,88.3983477750979,56.65827228767236,dry,0,5,sasso,32,790
1180,133.81086633218212,76.70055132352012,62.11342109724795,dry,3,12,shika_brown,61,628
1031,102.52266608768464,96.02124586031769,38.76521072309043,dry,4,11,fulani,77,412
1768,130.17651704996862,152.28868235683626,43.95580154329449,dry,4,4,shika_brown,99,764
968,157.08859310864025,73.02048182381058,56.823417051941746,dry,0,17,shika_brown,51,443
1442,102.42310926913632,74.92098646579461,75.62308945107065,dry,0,1,noiler,18,696
1084,136.26650752387383,133.78921874874973,76.9364980483908,rainy,3,19,other,81,528
1953,117.90032132032078,95.12320441043852,50.09978699326342,rainy,3,9,sasso,88,1033
1181,106.66192383782433,165.86856902186935,42.00317994543026,rainy,1,7,noiler,66,804
1340,123.89381824880687,81.6490680475358,47.20621424702402,dry,1,4,shika_brown,79,628
522,143.35409272185393,150.16325569204673,41.638230397476164,rainy,0,7,noiler,79,258
1066,136.9210203589308,100.86376273294212,73.0447683785103,rainy,3,14,shika_brown,39,840
1222,156.80918523446033,112.91206430812792,54.50095032447304,dry,2,18,fulani,22,640
1125,132.3693738774768,76.54685392664224,73.80871258644397,rainy,0,6,other,47,589
609,129.44217807581606,97.43031503608131,51.15695159589481,rainy,2,22,fulani,39,380
1759,149.91247720108754,66.4039198719601,30.09623090184426,dry,0,10,shika_brown,88,704
1819,140.82629436092105,125.02269055220674,59.74939548008042,rainy,3,22,shika_brown,22,1260
373,116.49014346942569,133.67114804527188,42.858157406427964,rainy,4,16,sasso,35,313
793,117.25415115027232,154.87995362248432,46.49512788243636,rainy,3,4,noiler,40,654
1929,119.89329506017718,84.43926018732422,36.953652818774884,rainy,2,24,sasso,42,1394
1473,102.17785031916233,166.52905501179896,71.79352044790087,dry,0,0,shika_brown,92,589
1334,101.46716960372218,128.2243308313312,51.54282305477701,dry,4,13,shika_brown,59,861
540,132.10597170465496,140.7553485802856,52.40660327912421,rainy,3,15,fulani,93,259
638,148.1452693190827,122.65959636575806,53.19842422507768,rainy,4,23,other,57,377
666,146.91452013273008,136.34022094900345,51.47866061537253,rainy,4,4,fulani,23,360
1627,102.24093723259831,152.67954558758996,60.19215604164181,rainy,3,17,other,82,684
1966,150.0316216201314,136.63667669031997,61.69800617490546,rainy,2,7,other,52,1152
897,112.55637369214331,121.42722325656628,60.50314251119884,rainy,4,14,sasso,43,735
905,139.51034829141764,149.10939222553066,59.17479797063473,rainy,0,4,other,36,537
1304,114.91065444539466,165.8408731241384,74.01966588124085,rainy,1,5,sasso,97,735
737,149.5007149833958,126.33698103718594,55.10893835261325,rainy,1,21,noiler,54,509
1283,130.05834818906627,110.59590365110978,75.48702392811448,dry,4,19,sasso,55,854
1918,111.73891262683867,67.46618582646379,56.5234939516572,rainy,1,22,noiler,30,1357
1705,144.38541332318056,178.8107686776869,34.65502910585593,dry,3,7,other,96,691
1416,143.70707595769227,140.60726809182364,54.85777632423864,dry,3,0,other,84,566
1682,104.36295948926666,168.8991673967534,63.81363161460092,rainy,0,17,noiler,43,1192
927,127.91698544059116,131.7980184888447,68.90087160450841,dry,1,0,shika_brown,54,521
1187,142.1165632775727,67.87790381159057,59.29562491904905,rainy,2,0,noiler,50,630
502,114.63052152667707,110.35546505611542,59.17402842683141,dry,1,12,shika_brown,87,252
1040,133.0055230224466,175.52403386263268,62.079522062442535,rainy,2,20,shika_brown,58,696
451,112.9864811436361,163.8861713890645,49.30278990345867,rainy,0,22,fulani,81,204
755,152.67144496032108,130.3978879598762,30.386008064651172,rainy,4,15,noiler,74,370
562,151.34836935841486,150.4208682793053,42.90645016101616,dry,2,15,sasso,37,386
1780,106.69393907445777,134.39593952090664,47.1437213377287,rainy,4,12,other,33,1152
885,138.45740575840065,79.69999045595901,42.922461442290526,rainy,2,16,sasso,29,766
1345,121.55116844252649,176.2942633608642,55.564394900465814,dry,0,22,fulani,25,589
1581,118.54303332239932,138.35062982003555,75.9822827549215,dry,3,5,sasso,74,887
1856,111.87068483313752,164.60372958766078,32.93969301003869,rainy,3,14,noiler,87,993
924,158.99035364875817,85.25483847350151,75.33513928022882,dry,3,20,other,53,452
1927,112.09519187508701,171.21791721878228,33.36102466191147,rainy,3,10,shika_brown,98,1033
1215,152.02846870653576,88.52155048259283,50.82667436729378,rainy,2,12,noiler,84,588
1503,139.1934024433168,89.55774207061569,68.29070026088961,dry,0,20,noiler,39,953
345,139.11210072678864,172.22924367092628,76.72499349824486,dry,4,2,noiler,55,231
1685,103.10981083039746,97.58825359307627,60.69931084774781,rainy,2,14,other,98,766
1388,149.44779222405757,192.73867794575025,42.11455727685629,dry,1,2,sasso,27,845
1143,106.01063993319737,117.74812373686166,79.28578365716139,rainy,1,23,shika_brown,85,604
901,106.68965817855846,94.44543490527946,62.26517055588726,rainy,0,10,fulani,28,469
868,111.81603827371383,139.84027831616882,35.11458613429479,rainy,0,15,fulani,83,347
1302,131.40735028407715,74.24280231793048,73.48632529765212,rainy,3,9,shika_brown,93,656
837,153.9090244755541,146.04209170803333,55.13236892674406,dry,0,7,other,30,372
1973,151.14803990595965,103.52773197781322,78.57851897609581,dry,1,9,other,81,812
583,155.99597518073097,182.0361988451618,68.9440351220018,dry,1,3,shika_brown,84,244
1786,105.85727726798784,130.46942080568925,53.082324832155564,dry,3,4,shika_brown,58,1024
1007,135.90201736909677,87.55130654599043,32.786236612460584,dry,4,18,fulani,45,516
860,126.66582789407319,188.12034445902012,70.8273064480031,rainy,4,0,noiler,52,538
1434,151.0052106229183,164.87255395850963,43.0522086130631,rainy,3,22,shika_brown,30,1067
1682,154.65366906808435,175.39779506049013,33.70426947780385,dry,3,24,noiler,97,771
1732,125.81256543910379,142.86847491865626,37.605289198502376,rainy,1,0,fulani,88,693
1991,147.22486226211402,81.50608388384026,65.06360153690879,dry,2,6,other,62,796
313,119.18307546685841,122.11653923068343,51.963246650133094,rainy,4,17,sasso,82,196
1738,154.53093495716325,177.54596556653402,54.95111855048181,dry,3,20,shika_brown,67,815
1531,111.5653037945043,123.54965029999892,46.70884673279103,dry,1,18,sasso,57,944
428,136.6259681966807,125.34716236635634,68.99692083556053,dry,0,8,noiler,23,277
1246,146.74213668233241,104.55521506978536,41.12246897003998,dry,4,3,noiler,56,700
1936,125.55768185746554,158.33051430703225,35.141849719389654,rainy,3,13,shika_brown,85,1121
584,126.82338489634562,76.40718499005447,54.23561340141546,rainy,2,3,shika_brown,36,460
1615,133.87047636759547,125.98549912194835,70.46321869380314,dry,1,19,other,18,939
1105,138.14528948870213,126.55204891980217,68.64372958287956,rainy,1,0,shika_brown,80,530
560,112.95073445192337,173.2131307045525,74.39186058717522,rainy,4,22,other,59,335
718,146.61065896685483,81.29225996307586,50.100036471154766,rainy,2,13,fulani,67,324
1202,114.65351479077714,153.15726525366773,79.36740127305488,dry,3,8,other,79,568
1415,145.2477065543576,122.9467607908814,65.92574014245568,dry,1,19,other,70,641
1127,145.12483923022512,70.26127839806584,77.05941945456365,dry,4,11,other,67,472
952,106.15881906475127,188.95019592063372,31.70415575183029,dry,4,20,shika_brown,95,502
694,147.45543014480984,178.38546883031856,32.96248975278517,dry,4,1,shika_brown,48,365
957,133.00367545604567,111.20826130179806,48.12123699445031,rainy,4,2,shika_brown,21,706
1681,113.8157119372998,152.26162824212508,70.3844842806241,dry,1,24,sasso,24,1218
374,110.54601002234514,179.29945094954434,33.69617522447449,rainy,0,23,shika_brown,54,228
1504,144.3599161112846,141.86027054522202,74.57944582008494,dry,4,5,other,32,877
1341,152.23757805503556,144.98782821649237,67.91183360442398,rainy,1,8,shika_brown,44,894
1230,115.3279630384195,140.1165203252044,64.64618222708307,dry,0,2,other,20,674
964,143.52752430432278,64.78855419387043,56.377149798461964,dry,2,19,shika_brown,70,530
739,105.43259278524022,79.49869980543676,46.12844444070995,rainy,1,11,other,22,545
695,100.02815138785108,181.25098624929726,66.62895826511968,rainy,3,12,other,19,441
1481,101.15452507153587,147.23422573151805,61.527933474695516,rainy,3,19,noiler,71,979
1264,127.38185513893863,170.93257705300945,72.19557004341314,dry,0,8,shika_brown,88,531
1760,108.13182586633305,136.01287925587093,46.3224032725808,rainy,3,23,fulani,19,973
778,100.00690655542601,195.3191157711879,51.67866027489437,dry,0,10,shika_brown,37,463
1373,111.71129532979822,108.56624742806746,32.501415978217615,dry,0,11,noiler,53,710
706,125.17199996850513,170.65908445091696,50.868090021224795,dry,0,19,sasso,50,390
1674,139.25273195637502,182.68531668777499,54.999639407710504,rainy,1,19,fulani,76,794
1956,145.71750345627126,64.64805826455743,56.06302852492903,rainy,1,16,fulani,41,961
1449,132.63406543275966,126.55044172800686,71.09276318999594,rainy,4,21,fulani,86,629
712,118.81186004692523,192.68423734765275,53.72258047495255,dry,3,4,fulani,37,344
1020,113.62510230509157,135.866227191713,37.29373596204198,dry,4,13,sasso,91,485
1361,123.60376552923903,195.30421380676864,57.05243444311097,dry,3,22,noiler,97,699
392,100.32258430142562,90.64982683330126,39.149639943300926,dry,4,23,fulani,52,201
401,147.86225293678945,64.57843882749627,79.9458740862317,dry,3,6,other,97,160
538,100.12635258815656,183.81030403238287,60.67256781269114,dry,1,13,sasso,69,275
1694,148.20714632737872,139.58487156497327,31.694332633273966,rainy,2,12,sasso,28,1202
1658,123.21023384819873,176.13015375021666,74.7245215218494,dry,0,23,fulani,94,663
998,149.91603859655174,136.7986841265091,51.24418765204379,rainy,3,7,other,94,494
1352,158.4102800561264,180.16066696131435,57.522261534775296,rainy,0,13,noiler,47,751
964,137.80256088735914,136.73538649726322,55.43333285189847,rainy,2,20,shika_brown,34,715
1818,142.90415258286862,167.55723841078955,36.02396845900947,rainy,3,19,noiler,43,1414
698,118.50707683922857,190.02342209643098,71.98589165407364,rainy,0,23,noiler,40,499
822,106.29900897413859,122.83735515965745,55.39113909584353,rainy,4,19,sasso,92,470
648,150.4355089635232,67.42856120281611,65.57380584659373,rainy,0,21,shika_brown,55,386
1833,113.28623055144001,117.09233563813646,71.39915717113449,rainy,2,14,sasso,65,1281
1238,139.86934414578508,180.97605711892206,36.66323089293635,dry,0,4,sasso,24,737
567,123.58992615673709,125.17270264927825,48.31595892500776,dry,1,13,noiler,74,316
1376,112.80910099951407,145.0216317168906,62.66627080422312,dry,4,12,shika_brown,87,730
733,137.74863065165354,161.9709037984095,77.26608026013031,dry,1,13,fulani,38,393
1248,121.34213920193119,61.878570283278655,57.9539960362816,rainy,3,15,noiler,35,943
1143,107.51970206522364,109.51453347578153,34.72674139647705,rainy,2,8,sasso,20,926
568,159.61729978086228,121.0967383764718,77.15276843715245,dry,2,15,other,58,258
1532,156.50937944024378,174.66671707399934,34.56820116235437,dry,1,22,fulani,50,710
1269,118.22628480969925,86.23890424939168,63.85062082051204,rainy,2,9,shika_brown,26,918
353,105.84597587731363,65.08167370328192,53.990117879233,rainy,3,10,shika_brown,24,271
610,143.35806859331265,65.79076939934868,31.537272444697763,rainy,1,0,shika_brown,50,381
677,107.57679124458123,122.66622535351411,56.95336984393239,rainy,3,3,other,94,317
1697,103.40277861966753,163.94963471020256,60.33649767378128,dry,3,5,fulani,41,889
1697,116.76133826784498,164.00849759968622,55.20204516177182,rainy,2,0,other,24,1062
1483,128.70805569738206,171.9031030432667,59.00342115820444,rainy,3,1,sasso,80,808
1058,133.51190971900428,88.717940144844,46.278151348967555,rainy,0,22,other,76,439
429,113.38439651436352,156.0995287631086,71.42937770072967,dry,4,8,sasso,74,253
1919,114.5034678869971,152.6203811909418,71.51236587089348,dry,3,22,fulani,64,789
1393,110.50050110775888,122.85809736103703,50.87580181289822,dry,2,15,other,49,816
1935,159.57389512673268,79.30355998275982,33.859388166308584,dry,2,23,shika_brown,36,1060
351,154.8715983075714,106.54999117552737,45.46892112502502,dry,2,19,other,29,194
1328,136.8618939834969,109.02134335024694,70.3998184499639,dry,3,7,shika_brown,29,886
1784,124.4946403378294,168.59020004095294,35.322659429680215,rainy,0,12,noiler,62,963
622,138.17084443981292,167.26886066216804,71.53408792688795,rainy,3,6,noiler,25,542
1780,142.26806570874882,104.76748194244516,71.1112230545026,rainy,2,18,noiler,60,1143
512,122.60313701569939,173.26426972359053,36.87373266871518,rainy,0,23,noiler,79,256
761,132.2099173177129,101.30464246309911,79.23778928319308,dry,0,14,fulani,82,304
1709,158.34350247964244,135.73149773507959,53.04057659880823,rainy,4,6,fulani,46,927
665,132.55178124389624,77.80525971294156,58.728299490777005,dry,4,20,shika_brown,25,463
1436,128.3310225837123,150.81034419362442,74.19353979897173,rainy,1,10,shika_brown,70,721
712,114.3640777966936,88.92297170396436,79.25395417247869,dry,0,2,shika_brown,80,285
1733,128.42565317838634,193.56107658887686,58.431185251805445,dry,3,22,shika_brown,48,1232
1779,123.06259829350029,170.92386563124052,51.08111339375289,rainy,0,2,noiler,46,1181
1837,133.21167561981696,116.64177187072511,58.584523694254145,rainy,0,6,noiler,55,1106
1992,135.5042452772547,122.26576725688548,54.063233099376426,rainy,4,4,noiler,46,1492
1521,112.50608013753671,186.25251803511873,35.47275504168279,rainy,0,13,noiler,88,845
1246,140.93898278936814,130.7415854453805,49.68116125923902,rainy,4,0,noiler,70,778
1904,105.21967883888567,174.79248867515105,38.41718917593739,rainy,4,17,fulani,64,942
412,144.62066551252786,91.5163848886477,39.47598866787614,dry,2,6,fulani,59,191
1208,111.0628893453458,97.6531774175393,43.037144319515534,dry,0,24,noiler,81,483
1946,104.11084844255609,171.27738796340412,44.198599670136765,dry,4,16,sasso,74,994
1330,124.00737674778226,159.62886199877917,62.072388426315975,rainy,4,15,sasso,82,768
1395,102.00364523505094,98.31157347947368,61.10476883457021,dry,1,24,fulani,92,558
787,112.07109373531335,142.0581056126603,73.02390544229667,dry,0,3,sasso,18,435
1058,144.44469398015502,127.58433683400685,40.12390441823212,dry,2,18,other,97,437
335,157.78459380332205,192.1366556643362,37.8485774349839,rainy,4,20,fulani,40,183
346,147.88435755167933,115.43804430630213,66.81914576540476,rainy,4,24,other,39,215
1682,138.55963043589898,79.74501473622031,74.68067616560654,dry,2,17,sasso,55,980
847,115.98664252432215,198.44723498298035,79.2164234530027,rainy,4,9,noiler,26,642
822,149.1046793170949,129.75833602912365,65.48558558390071,rainy,4,21,sasso,48,592
1086,151.919408875466,101.64725415535204,49.12635795934037,rainy,2,16,shika_brown,33,744
1071,113.32972297233765,142.6355317845301,75.91990924921373,rainy,3,9,shika_brown,52,807
1349,105.18080666530403,171.48065685176778,73.96917909697973,rainy,1,10,sasso,33,1049
1803,135.04704987790728,104.0081224470476,38.66435708779575,dry,3,10,fulani,57,788
1704,126.09675973819124,153.9608875779523,49.469995450296075,dry,2,8,fulani,55,840
1041,122.52644269426986,70.68150595175598,59.06120209157947,dry,4,21,sasso,33,781
795,147.9631334016143,64.3182128830008,59.763042351840106,dry,4,17,shika_brown,41,513
539,156.39278505747475,145.46359320375845,38.79818266852716,rainy,2,21,other,25,325
373,136.27379618182187,126.58395863553007,44.84685304030345,dry,4,20,fulani,86,151
1095,105.5467677239232,81.66404552075593,62.88954396578093,dry,4,2,other,28,650
475,140.37101685820144,124.5325614612667,75.62694006963997,dry,2,0,other,73,190
1045,127.4624436781034,180.95277702162167,51.2298339537123,rainy,2,23,fulani,54,606
412,111.26845392048988,72.38323384239321,74.25803379570146,rainy,3,20,fulani,62,243
515,132.79251045373218,160.14561551010667,49.00615954638046,dry,4,23,sasso,80,301
1836,157.28075533458383,178.50240076134196,41.54301978515799,rainy,2,21,other,24,1121
1469,102.71129716288728,83.4127446009536,35.09563920792933,rainy,0,5,other,94,588
828,140.91292122848432,181.18397720578974,51.80185640252088,rainy,0,12,other,77,374
1231,137.37876153476842,83.82015741593302,42.70202525193181,dry,3,22,other,58,673
1669,100.05423199688448,123.94936668274042,49.95065627803707,rainy,0,24,sasso,98,785
945,120.45094550105898,155.7065654957922,76.15654792839163,rainy,3,8,noiler,55,697
682,142.99262536926648,166.7509264235582,62.957234542475476,rainy,3,18,noiler,58,511
1159,104.84395857491837,76.60144238228847,54.05966134067103,dry,3,23,fulani,99,464
834,137.8470178194932,103.87069342858344,72.6366872415035,dry,3,22,sasso,51,550
437,123.34176611286875,78.04797251308496,49.353246664525436,rainy,4,9,fulani,53,254
1978,153.346267455263,74.45362658389564,42.55273103195732,rainy,3,6,other,43,1025
1393,115.58664878743483,163.63771130616996,46.65298594946142,dry,4,3,noiler,90,745
848,106.21912150606084,174.9103963047287,48.222442091818515,rainy,2,17,other,45,608
938,119.97469799430925,160.42874066882683,41.84232186520607,rainy,0,10,noiler,61,574
1103,129.94846360233439,184.70606808647656,38.4000777714479,dry,4,21,fulani,55,638
682,110.35172666197383,195.81778748987682,52.441891901275056,dry,2,9,fulani,50,354
1932,141.4503342228468,132.28886356161053,58.505139723278226,rainy,2,11,other,35,1320
1796,136.44901033987367,117.6665746711002,67.75774373998095,rainy,4,19,shika_brown,29,1339
843,119.02635484125952,125.41512543730087,75.05646216107444,dry,2,19,fulani,54,390
1487,148.99902619741107,110.12658315108928,75.26558586434939,rainy,2,18,other,40,923
413,110.83288502261416,73.02263329611577,77.01454149840674,dry,2,6,shika_brown,40,274
455,107.40378617810607,66.41193299032277,65.0981739269303,rainy,1,5,shika_brown,34,323
720,115.71974655343763,160.07205988276746,59.197832026015924,dry,4,9,sasso,30,519
1077,125.00685981551342,101.04140290443351,52.58437164484382,dry,1,0,sasso,25,682
548,128.6239163003019,154.7901114500949,71.8722499485392,rainy,4,13,fulani,95,270
1189,135.72770974090457,87.89679196999296,43.83191986946685,dry,4,13,noiler,78,686
1395,100.314082295631,180.74746989943182,76.90067870825575,rainy,2,7,fulani,72,671
1124,103.6158687723926,61.65534684929551,30.956722043927368,rainy,0,2,other,25,506
758,131.10780610572837,167.4781754526195,52.34288726467068,rainy,0,12,shika_brown,22,521
1458,125.63243308112908,145.15930799424495,30.230965892597595,rainy,2,21,fulani,40,837
1509,103.25967280738641,132.77848781418615,63.38058704783216,rainy,2,6,other,79,720
1505,121.27026123456497,194.02857990341548,75.60163473349805,rainy,0,4,sasso,66,859
869,153.5062686088291,71.96452497682901,74.84124181774573,dry,2,6,other,67,361
1747,122.2708096842968,148.00243841748448,39.843651783484276,dry,0,6,fulani,63,720
469,141.8505768286532,123.64680420284108,47.72608846327688,dry,3,22,sasso,47,351
879,131.18433917095405,69.48863014628772,47.79305506190511,rainy,1,13,fulani,32,532
315,159.69012668508051,196.35872110448224,34.309894804626715,rainy,2,19,fulani,43,172
1160,120.98000914601332,196.87879916973873,45.08981539168957,rainy,3,6,fulani,64,619
960,104.80837662895317,116.44432235644952,73.74512876383496,dry,3,4,sasso,73,535
1391,132.8225493846232,173.1779899719716,45.813573698886216,rainy,2,15,sasso,70,809
1313,146.69204341222184,175.73842991811398,79.39543186729556,rainy,3,13,noiler,40,1039
1236,127.08626175507806,133.7036778401818,31.367215098983703,rainy,1,2,shika_brown,36,861
1044,156.91090007504704,190.2185092595762,36.25001162319941,rainy,0,4,sasso,67,447
604,137.8697250905513,176.52277782615914,62.09195004527744,rainy,4,2,other,89,299
654,132.4775404950272,185.1929811528946,42.5265097959894,dry,0,21,shika_brown,54,401
1167,141.66196898224658,80.61887943565712,65.53144139036849,rainy,1,17,noiler,46,888
672,136.4670485803847,195.40317008967955,42.61489269683218,rainy,1,19,sasso,25,555
886,119.25871745996437,180.31469007412232,75.51910659219521,dry,1,0,shika_brown,19,520
1864,152.03781470369003,93.20202800883487,47.46426755143176,rainy,4,7,shika_brown,52,1013
1279,153.22972145688254,81.0702343190742,34.50760905999126,dry,0,6,other,88,512
1769,152.11047496120597,99.52240417978592,44.91769675308922,rainy,2,24,other,96,708
313,129.81208924189073,168.50125073674093,72.1547837359816,rainy,2,11,other,57,195
393,104.82510256680415,108.29497651237739,41.37611407477081,dry,2,1,noiler,54,248
1141,102.21387257051538,148.76876156906022,58.64042900830783,rainy,2,21,fulani,97,456
693,104.4179506870677,154.93670500600462,62.97665396368091,dry,4,11,shika_brown,95,353
1860,121.52090522845782,80.03377818534494,71.00699595140904,rainy,1,7,other,19,1104
1997,113.13476367130156,91.63470759262364,54.164094230102194,rainy,0,22,sasso,94,829
619,120.79192485575983,144.06279876091088,70.8845568540576,dry,4,7,noiler,74,365
1876,101.75950289722978,110.77285350967011,54.077562738844954,dry,2,16,fulani,52,892
1759,105.25836107290176,94.08103339679548,57.19524051387775,rainy,0,2,fulani,83,704
717,103.19187072257152,102.2760554873986,34.18401633445203,dry,3,16,fulani,40,383
350,134.59490730616315,127.40827035678107,63.03942423936193,rainy,1,4,fulani,99,141
1186,122.1926833364471,128.15321229096844,33.78522959236987,dry,2,24,fulani,55,626
1648,123.88353978609531,151.3167922269152,42.00304986681752,rainy,4,14,other,98,841
1596,136.67165593780953,137.92877016010894,51.07171758111991,rainy,2,12,sasso,48,1143
1892,129.364742523621,134.67108506053808,53.26263915933658,rainy,3,4,noiler,19,1396
550,112.62260059397877,65.9573587883942,43.23108626370933,rainy,1,10,fulani,68,283
1527,156.56558708359182,113.81126468569559,58.8458966387429,rainy,3,20,sasso,90,675
663,106.52347996197493,125.86731648858546,61.58729646381962,dry,3,13,noiler,85,367
386,156.510136183148,73.87979240472616,47.45909455597338,dry,1,11,noiler,47,235
1509,120.04331606640312,85.80720518834858,48.99580362604716,dry,0,6,fulani,85,604
1735,125.13471674506829,113.74149775481789,59.54546042164539,dry,4,24,other,88,783
511,130.7558078997502,133.3242138556315,46.97975694743992,dry,4,6,sasso,77,314
1050,149.6188891231139,186.33420546084199,37.2674993562812,dry,3,20,other,43,611
911,112.86833339392547,159.08063876648265,47.76558787323695,dry,0,21,noiler,38,593
1806,148.6947412871191,180.58258798993938,31.384996754194624,rainy,0,16,sasso,61,962
1087,113.31057664323598,64.79775141220905,71.76951087844205,dry,4,15,shika_brown,36,779
1805,115.40485389621166,195.43788166918645,61.87481535330036,dry,2,19,sasso,27,1465
1762,149.35029302832345,196.81698593356356,41.03654077013236,dry,0,19,fulani,30,833
1939,145.07825052026558,123.78289394145537,66.29886994331275,rainy,4,13,shika_brown,36,1312
406,145.4377334883582,126.8677863712086,32.97754920435557,rainy,4,19,noiler,23,299
1445,117.62410405595645,78.55372680411566,77.72314124775122,rainy,4,0,fulani,65,578
464,124.92407644598003,156.23204341585927,56.48931782412075,dry,1,3,shika_brown,82,224
1165,103.90368979065987,197.1069006503436,65.1815363085137,rainy,2,16,sasso,33,980
782,116.71056423102422,71.65360459038197,56.62224305625077,rainy,4,11,sasso,83,410
1943,123.60661865833397,79.57384540441075,48.7668823271693,rainy,0,22,other,28,1021
1892,159.0391114092064,156.3761406250559,59.73990500941258,dry,4,18,shika_brown,35,1053
544,109.65942035761108,76.40294268156643,54.7497409984895,dry,3,5,fulani,81,218
1608,113.14263915243718,198.68884636308783,70.42408001351447,rainy,0,12,shika_brown,36,988
786,159.27361624489671,147.74934007393188,79.4123237283947,rainy,1,9,sasso,20,504
553,110.81992944285345,64.19610474952358,65.66919206081485,rainy,2,13,noiler,60,403
1585,122.28899933108318,186.75380976210937,45.13308612928898,rainy,2,14,other,36,1160
1958,102.04235921952335,87.5123644202289,74.55467435963016,dry,4,0,sasso,29,1132
1288,125.55839991905452,159.31886783165953,50.63096462337174,rainy,2,6,other,83,585
1171,159.98059892563978,143.528341713165,40.815115061576215,rainy,2,5,noiler,58,731
1833,143.98806210875256,142.24404139621782,40.43151468242439,rainy,3,19,other,64,952
1433,137.88733220604976,67.61309739770876,75.30083755165282,rainy,3,20,fulani,52,772
1383,122.13218845682167,113.77517041291499,60.7715644167245,rainy,4,11,shika_brown,91,745
1034,131.7996247364777,189.66418291602812,52.18864961851948,dry,3,1,fulani,55,464
1800,132.78002504387933,183.38570686394675,50.903391681131446,rainy,1,4,fulani,84,806
1554,146.75667741848082,87.38691314050436,77.77286637021984,rainy,2,20,shika_brown,81,705
1562,136.56621375148916,188.01352171091168,31.14090065985976,rainy,1,20,noiler,23,1270
1924,130.40653629771208,174.81351500679725,37.0543452065056,dry,2,17,other,73,995
1083,124.81982270815499,182.84759609674876,48.31558917567362,dry,3,24,shika_brown,75,599
889,136.5821039105152,187.0722938909022,39.670654719455655,rainy,0,23,noiler,74,542
1818,153.13781394520154,192.16547597163643,79.54681595794119,dry,2,11,other,21,941
951,102.24468687133319,179.74454173430658,38.4532008748382,rainy,2,6,shika_brown,97,550
416,113.94676432373937,113.54180185249356,50.87679974524403,dry,4,19,sasso,71,261
839,125.33237511762118,62.37509539403559,65.05007214022662,dry,2,2,fulani,65,366
838,158.22390899853642,123.84532021504366,78.98848976884292,rainy,3,21,other,33,531
445,129.06829677262368,179.8819463425183,65.03662201144904,rainy,2,14,shika_brown,85,274
1474,150.33764995986863,85.38530344646428,37.554775968962595,rainy,0,20,fulani,53,590
1090,136.62445053837712,157.85516627750704,61.01786413875253,dry,2,8,other,53,640
1327,140.77785093269227,72.93816793822725,71.33227946067306,dry,0,6,sasso,22,830
1177,134.06973382249046,161.7699987616695,76.52983532496228,dry,4,6,shika_brown,38,814
485,148.51447414326694,187.63916678385016,75.01544175547701,dry,3,17,fulani,75,194
1830,126.46698877807226,157.8128241875243,68.46691556421398,dry,0,15,sasso,87,789
702,139.77904123500906,192.07056219018236,70.91456391895409,dry,0,21,other,71,281
1920,143.94777731132586,143.90779164153494,30.547276173316654,rainy,0,12,shika_brown,39,1072
1315,147.98004826637464,179.91660456112072,59.61608288149341,dry,0,0,noiler,61,592
1513,133.96306458110368,129.56310456375044,59.725228449123776,dry,3,11,other,35,1014
1513,152.18794174623338,108.31840950619116,33.55331699888467,dry,4,6,noiler,93,671
1235,141.67263079712092,77.38969366231437,51.65723237621563,dry,2,21,noiler,43,720
1340,132.31741392952046,150.63355662381915,76.28828841921967,rainy,3,10,noiler,94,695
1122,134.03574577036468,150.29839481121527,71.99614418359263,rainy,0,6,fulani,83,449
1409,159.0133427827481,92.99080453382936,56.52769853151902,dry,1,22,sasso,94,581
973,152.38083382289125,99.94191422055366,39.18033827621579,dry,0,8,other,63,389
1497,158.53145242122534,95.36554974096396,51.736332929789924,rainy,2,14,noiler,26,1088
1459,126.13183251077487,116.72724467448431,69.83164744357637,rainy,1,21,shika_brown,56,1055
1072,148.65919867238878,170.5862550408618,76.1741184286083,rainy,3,1,shika_brown,80,455
1650,152.47063420650818,158.0089257694768,52.43710113646657,dry,1,15,fulani,25,819
1762,105.35170475133702,176.1266538377464,40.699983870708095,dry,0,3,noiler,97,735
585,156.5691091881747,85.00822258350331,71.79901512384009,dry,2,21,sasso,44,363
1538,111.78093052847657,108.42976664439094,45.402141177700926,dry,4,15,shika_brown,92,731
640,129.3381173047297,191.1943607486134,30.03541030501551,dry,2,14,fulani,49,353
1085,154.73012030697578,107.20814093453774,38.378943161179734,rainy,4,5,shika_brown,83,546
350,118.37804729479238,154.51942279543334,31.179506278726965,rainy,0,14,sasso,39,232
436,128.21383906909907,117.95293075456337,55.6647485313584,dry,2,23,sasso,61,281
1161,146.37209071819743,154.4343191493706,51.719808735254674,dry,1,12,other,37,698
1568,133.4627323969616,130.06356093906112,39.86083044803578,rainy,4,23,other,56,1013
893,115.57283407108591,193.43294081110184,63.256951114386055,rainy,3,1,shika_brown,90,494
762,142.43566799445816,86.90169326013478,73.77536604940636,rainy,1,17,shika_brown,29,609
1798,117.68253614757045,111.22425602730635,56.67845905939227,dry,2,1,shika_brown,22,1152
1939,142.5034298677709,131.29741627561944,61.447120124338824,dry,2,22,fulani,35,1009
1148,108.49447836599882,77.03633717918538,36.51344534215487,rainy,4,16,sasso,84,603
1483,100.84233503003279,98.35715850741666,46.58477604723327,dry,1,18,noiler,53,896
437,102.32045162176816,177.1610176314553,35.85927170685132,dry,3,1,shika_brown,42,247
976,115.0652080376751,171.55277137323398,37.60786688921917,dry,1,12,shika_brown,63,547
1619,121.32081946009546,199.79707193391152,67.00209001939035,dry,1,2,noiler,78,797
1401,117.75744239202858,139.4186077800086,39.607001829994104,dry,2,8,shika_brown,43,967
661,132.0892810463384,122.69935727393813,65.09206437570431,rainy,2,10,noiler,60,473
1348,141.56044693288734,149.4427750995198,60.939716526842204,rainy,2,18,shika_brown,30,1140
590,137.6461903993584,157.57533530951022,59.51632767700918,dry,1,23,shika_brown,82,292
377,134.9367702413351,105.18985619930649,66.12699162975396,rainy,4,13,shika_brown,61,273
1231,113.58358630163222,114.30571237439145,70.25262887409568,dry,1,8,fulani,52,662
1466,157.85445361434918,89.14026554569617,62.19506173333267,dry,4,6,shika_brown,74,601
1954,129.91864885012924,183.2323607405013,34.430226259716655,dry,1,15,sasso,90,979
694,143.70254325440706,104.09485591909475,49.64796311458883,rainy,3,21,fulani,75,296
1782,135.23259616843444,143.3109661915073,78.19014451819838,rainy,0,17,shika_brown,26,1132
666,156.62279378477086,159.89805526001123,32.004041964728486,rainy,0,24,other,90,266
1145,135.98967877629008,146.3641690182225,77.12286083906827,dry,1,23,sasso,79,558
1101,129.16811864847944,101.96096396131782,51.806829109996144,rainy,4,7,shika_brown,40,851
852,157.99290632301523,161.15967388439725,76.0236481369684,dry,0,21,shika_brown,59,360
536,113.66448256384743,176.8241045453964,51.59432047901663,rainy,4,17,fulani,30,316
1803,157.0192226510907,111.16361872763048,60.38195634333316,dry,3,6,other,92,721
1762,130.97484877894175,148.47369430778784,71.621828173963,dry,2,11,sasso,58,1197
1145,152.30107003007504,116.95334468202057,38.36341389115326,rainy,1,2,fulani,68,458
1105,110.74172454846946,116.85313144552029,37.2122185294222,rainy,3,15,sasso,79,647
351,124.48050874989853,127.82194815772576,30.9305544973263,dry,0,4,noiler,67,168
767,140.92244663398208,169.1511762745506,66.05676422398786,rainy,2,11,shika_brown,26,586
1244,102.02676910120054,105.46718579094818,51.34394163053261,rainy,4,2,shika_brown,97,581
953,103.53102653363948,126.54259096761298,31.492376450905258,dry,3,24,fulani,69,400
1424,155.30243109939738,89.80511758318859,58.58821671867234,rainy,1,9,other,51,765
457,139.31865959748342,73.57970239215098,40.200681568094616,rainy,3,18,other,79,225
1281,121.33098336660551,158.1363891358132,63.044594823861665,dry,2,3,other,53,709
462,140.22928060296988,177.26539209368622,32.54980834558345,dry,3,5,noiler,34,303
1583,155.3462933660373,117.62631724026056,69.75575728556312,dry,4,10,noiler,50,900
739,115.54967788038478,73.77772096037728,63.62038346447076,rainy,2,14,other,39,543
1660,157.680252946136,162.5659732356785,32.33928317720375,rainy,3,23,other,93,701
1626,143.7825263865434,162.82740454730856,64.90017703941432,rainy,3,23,fulani,48,936
1588,132.5875621086059,90.53690115471369,35.18440242985999,dry,1,3,sasso,79,799
1457,140.30670148046158,139.70302489682857,66.10971539694937,dry,3,2,noiler,97,746
339,143.48269094611294,178.07606900526127,75.78733391923336,dry,0,23,shika_brown,41,189
1157,120.41674579200344,69.67093202277356,68.12041894549756,rainy,0,1,fulani,28,547
713,107.71416955084477,71.97585243596913,35.70464027721737,rainy,1,15,noiler,83,386
1944,156.28917510490652,92.29972733267957,69.9572744886957,dry,1,19,sasso,97,797
1903,102.03155317698787,175.97368941471666,48.88780259928214,rainy,1,9,fulani,23,1220
1703,148.31571247978346,118.68173390389009,44.37116764857724,rainy,3,19,other,19,1035
1558,116.25992962796886,98.9777632082398,49.08922645166054,rainy,4,18,noiler,59,1038
1961,127.42531371937712,167.6030498536445,42.42187589051791,rainy,2,3,other,97,953
998,125.28830356569127,60.53731909321665,42.571612215648294,rainy,0,5,sasso,89,446
1937,132.8629892172337,64.06054641443878,47.0418725388224,dry,1,2,sasso,28,1049
376,143.74887552886833,150.71922716375417,44.55211009788046,dry,0,22,sasso,99,179
600,123.68474489158224,126.93610032683006,63.60413126222891,dry,1,15,fulani,86,240
1497,153.4736550183868,126.76495015323341,74.54676115038178,rainy,4,4,other,42,784
1261,152.09141431527885,62.693290802424194,55.2293204769673,rainy,2,15,noiler,56,771
447,128.24942326609258,181.93904524576732,58.13798047185571,dry,1,0,noiler,31,267
1597,146.87019634880818,161.1197235002714,33.31285658796809,dry,1,20,other,44,834
1532,148.98936705415014,74.60384815690128,35.73740047535025,dry,3,6,shika_brown,83,652
1879,145.87705553114642,183.94375004778135,42.24466003553975,rainy,4,20,shika_brown,97,988
1940,109.17571598328074,164.33027886619132,39.45018327603023,rainy,1,14,sasso,93,1054
843,125.55978503452664,68.30668581631303,68.29098365796517,rainy,3,7,sasso,44,646
1424,146.09324572548167,149.9434788577101,60.19581477443148,rainy,4,13,shika_brown,42,1056
1914,148.39050782729575,107.93597278033062,73.33400144857059,dry,0,0,sasso,40,869
1947,131.16146952479394,93.7976241256705,34.657801681307284,dry,1,8,fulani,77,783
1094,144.3369557858116,87.02192796705903,31.386821947542437,dry,0,21,noiler,32,624
838,111.0542015308124,166.405308110607,39.23482561401344,rainy,4,23,sasso,30,705
826,116.60459773718694,167.5481533478012,40.602364072336414,dry,2,9,noiler,24,641
1318,151.92562063837838,88.35425876192271,52.01949943325397,rainy,2,21,fulani,46,705
1528,131.2139341470214,198.33346520795564,76.42289726161121,rainy,1,22,sasso,50,1166
1412,155.3562101939507,83.9912875200054,74.1729047708999,rainy,1,24,noiler,45,849
1231,156.56197941255238,191.60132130150197,38.7057793061099,dry,1,23,fulani,72,492
1556,129.47985548458735,177.78063938786545,70.94896042026758,rainy,1,10,sasso,34,1305
679,156.99890458818808,123.5106924585917,72.5374798337294,rainy,0,6,other,59,304
1446,133.40355180627304,108.83032025156822,39.28568210765182,rainy,2,11,shika_brown,51,1051
1764,146.0643667890943,84.89468619278236,30.386167488491452,rainy,0,7,other,69,740
1892,102.70091712087239,164.10301109339952,78.60566829336055,rainy,3,10,fulani,40,931
1323,138.41261123867883,178.94114857925138,58.595102880715835,dry,0,15,other,54,630
414,101.08783275178087,65.39192779038554,61.37968613715909,dry,3,3,sasso,94,210
1439,142.01407333709213,184.58766154711387,30.16902344546581,rainy,1,5,shika_brown,28,1015
1472,131.11537889656398,79.00962726430737,67.12722451075723,rainy,2,14,sasso,79,806
1642,125.5213256493404,70.18734811780487,79.44152659360344,dry,3,24,sasso,38,1013
767,132.82240341655876,199.1667821296916,59.75578518387254,rainy,3,6,fulani,62,424
1886,104.22853618037172,133.86236344951118,71.26658419341862,rainy,1,8,other,85,840
1077,146.5036049548496,82.14580006788007,60.460565530852335,dry,0,9,other,99,431
1751,120.86028892573538,72.57129108295635,68.22665124347988,rainy,3,1,sasso,89,792
372,130.77666847842292,60.916657568835994,37.41385818128358,dry,2,7,fulani,94,149
1138,107.53993878532677,119.22663619955608,62.13104382776741,rainy,4,0,sasso,48,740
483,133.37266121407032,96.17369681022042,68.05422596027853,dry,3,17,shika_brown,52,315
1652,112.78149065790132,134.48717516372284,53.3815947763477,dry,4,11,fulani,33,963
782,132.00514260071378,173.5888915550805,51.02748749441611,dry,1,7,shika_brown,47,528
1643,128.1106817076418,129.85254114199813,76.5611811104555,rainy,2,0,other,95,706
1760,119.6154167655609,145.59928345892996,63.88189659600042,rainy,3,19,shika_brown,24,1422
1914,142.98762091580898,103.1897252241695,70.36095373344003,dry,0,7,shika_brown,34,1063
1204,154.83997122867498,64.19003231515583,70.6754017415621,rainy,3,6,fulani,95,482
1326,133.90647821723283,173.21525277735492,68.82774277095226,dry,2,21,fulani,73,618
658,121.51739950317831,147.0638300906196,63.02066278649011,rainy,1,17,other,97,321
1573,150.27456846612944,125.88565160258709,60.77896293361431,rainy,3,13,fulani,61,732
1243,133.12236888260173,188.31023758292122,31.606229904967392,rainy,1,11,noiler,56,823
769,105.67833692451961,178.2689283855736,45.29731758757932,rainy,3,7,other,46,488
375,136.72576890318294,60.700234883532644,38.84573033001061,rainy,2,1,fulani,91,150
1863,152.581141325476,129.3446850382458,72.33924115384994,rainy,2,3,sasso,66,1020
325,154.60711180264357,165.73245988979357,51.302403242871975,dry,4,3,other,46,161
1444,146.84938290739055,167.78223610174197,71.35173871740332,rainy,2,7,noiler,81,770
1676,157.14662907778234,109.7753543724378,49.71469488905021,dry,4,12,fulani,41,779
558,119.03729075378268,109.86112429770981,34.35633381073892,rainy,4,20,other,68,315
1012,126.98916066371139,194.03968374448888,34.19059363289114,rainy,3,17,fulani,81,405
1728,116.94806574285516,120.81336413314303,70.87161466617508,dry,0,14,shika_brown,30,968
1567,116.84590169374215,146.17386032232477,62.19428061719858,rainy,3,21,shika_brown,98,822
1099,130.5174899643559,102.48925291880896,65.67662268815248,dry,0,15,fulani,99,440
658,107.25917992462536,81.64479887841739,65.14272184109791,dry,2,23,noiler,23,502
431,111.5640475877111,107.5161073042132,44.00832974526462,rainy,2,3,other,60,266
1057,121.82165652700414,80.68135479274781,34.58985328512315,rainy,3,18,shika_brown,63,642
1724,102.02024569340401,122.16643954321336,61.65382729581326,dry,4,11,sasso,69,929
1525,117.00835016946834,130.0435769496235,30.15741013894789,rainy,0,6,shika_brown,91,691
1340,157.34862398955062,128.63239948695497,60.01938978563038,dry,3,8,shika_brown,56,670
343,142.18458683457368,150.59953511379064,62.48164248256837,dry,4,3,sasso,20,238
630,120.78692884811176,193.26492310944818,45.252846851314466,rainy,0,0,shika_brown,26,381
1386,142.77905348322946,99.3708786481487,54.35161945721046,dry,3,8,shika_brown,93,663
1685,131.04541916905154,167.22384075944595,65.62063702060607,dry,0,4,shika_brown,95,764
1352,117.37592511954801,188.89242227749784,49.84724724465819,dry,4,19,sasso,60,861
958,136.47040142001197,191.78910125078136,40.70826423090632,dry,1,1,other,59,518
1428,149.15027973594454,97.04601127672689,50.35498299492946,rainy,4,11,sasso,64,855
1847,114.0610677831724,184.29185570754117,30.561067325861064,dry,1,24,sasso,99,800
945,152.9753554767872,146.20114860548932,61.24971068869571,rainy,1,20,fulani,94,378
1871,158.46337506792466,186.98236011678776,60.01628504052499,dry,1,7,other,25,1040
946,153.57213772932397,151.8825079503874,53.56222373645714,rainy,4,22,shika_brown,33,718
1420,145.04889844061162,141.63550005014764,73.1976967734017,rainy,0,18,other,45,785
1986,120.17115750212334,199.6333979223227,53.20812881340409,dry,2,3,sasso,31,1452
792,102.54082579316811,163.80257623640873,77.68886066240213,rainy,4,14,fulani,94,369
370,150.48595601233157,173.71493225555145,67.61882834672672,rainy,2,7,sasso,72,213
1062,134.87965606450388,117.903968296217,40.694882290501845,rainy,4,21,shika_brown,42,848
574,114.78000226674303,64.41415406779929,43.557803966404194,dry,4,6,fulani,83,230
1175,102.86570285205545,131.72633128419645,66.01266477065758,dry,4,0,other,18,632
1094,123.5538896218444,193.11214003979788,75.2647187966057,rainy,0,6,shika_brown,52,645
1915,122.06766078259001,99.59778363700745,64.90274935905651,dry,3,2,fulani,64,807
585,123.80829924384692,164.10267499597654,69.64022504252195,rainy,0,21,shika_brown,31,379
1558,102.04559261918848,129.53504468692051,62.471403245129416,dry,0,18,fulani,23,703
1972,141.2525119778363,134.0090834263376,46.50769460078776,dry,4,21,fulani,39,1074
1224,129.72195282349404,148.93065796505243,45.232503905937435,rainy,3,22,shika_brown,76,759
1154,158.49579932997233,191.60952666772494,64.82355117774125,dry,0,24,fulani,24,462
1318,155.40767305814353,84.09063887941839,67.21780470964879,rainy,0,4,fulani,22,586
1699,112.57187752763636,144.71762190568222,58.55806884067026,rainy,2,10,fulani,61,959
1356,115.33187034787164,110.6546130870195,67.8861507602459,dry,3,14,noiler,39,968
1175,105.56071367000793,92.44067521294662,68.07476196541037,rainy,2,12,other,55,704
824,118.49260548190054,108.61433679140109,49.46928285511102,dry,0,12,fulani,21,379
1720,143.7834793348087,131.89142567471373,34.210501333138154,dry,1,16,noiler,98,765
852,122.92384356529558,108.65470261713332,53.0693297986925,rainy,3,23,noiler,83,482
621,156.31878343310268,159.9905304179897,30.47292142555073,dry,0,20,other,59,251
1077,122.60924061338915,98.09282883979455,44.42102261854668,dry,3,11,sasso,34,800
637,111.3442170274733,96.88242243630584,44.45583306181981,rainy,4,1,sasso,84,310
500,100.39753305859777,156.5887516224068,45.56364941728663,rainy,4,15,other,59,305
1428,125.49282753488154,93.26089798950572,43.24383601895468,dry,0,17,shika_brown,72,571
909,159.6890519707615,79.0153235728304,70.57778805826399,dry,4,6,sasso,54,495
1569,103.70633340769066,162.00412477216062,69.31708169983926,dry,2,13,sasso,52,1050
1871,146.27949334056828,177.2437902539861,41.30720966319929,dry,0,22,noiler,31,1217
1964,135.30443026135916,72.39300767368061,70.3284945640296,rainy,1,24,noiler,26,1387
1939,131.82150903600268,169.36964033373167,35.696328569183294,rainy,1,16,noiler,25,1570
1648,107.39497284235027,87.18554881962908,39.262976665556764,rainy,4,5,other,19,985
570,147.48146400246546,111.92131761899046,59.34481801293619,rainy,4,10,shika_brown,85,319
991,144.21353200078514,122.22101404814775,63.1600408553416,rainy,4,7,noiler,60,655
1297,124.75124211349548,118.8333653752813,40.156168681177334,rainy,2,4,shika_brown,50,890
1474,110.87341656404958,165.51606500320526,79.5911747783388,dry,2,22,sasso,59,900
1656,151.27948145955048,98.92697679452021,70.66968673352386,rainy,2,12,fulani,44,809
1235,137.54342654569737,74.12974034877354,59.58187629853698,dry,3,0,sasso,42,672
1222,100.22363858626619,126.93926312218261,60.230785030747526,rainy,0,0,sasso,70,561
1040,108.05737245940779,102.34465077876939,43.1939852788291,rainy,1,15,other,76,512
743,158.18825858486917,60.301968502170666,61.70866616943394,dry,2,9,fulani,97,297
970,146.22296798575235,192.44103667158458,52.31546708910443,dry,1,11,fulani,39,503
423,110.7374437450991,76.27983509974763,39.119722330399426,dry,1,17,fulani,65,199
1419,112.6698208039927,61.35239995646474,44.57809548597845,dry,1,22,other,81,568
1548,126.8800909397386,106.53774061499412,31.18473830290907,rainy,0,1,other,84,619
1692,151.2390811983527,67.18613219309759,30.37862642778062,rainy,2,20,noiler,92,764
1142,103.68440473041805,129.76976446441893,48.02164308691572,rainy,3,3,shika_brown,41,866
606,104.62057696848602,112.50740899820948,52.006593710619484,dry,0,24,sasso,62,337
1886,128.95923693622922,196.9118063070757,46.656474101937945,rainy,1,3,other,91,884
932,140.73910935722577,131.26279225606987,60.69152315724383,rainy,4,16,sasso,22,773
372,124.01638933318063,145.36542681900062,72.76587723046052,rainy,3,22,noiler,77,245
1438,143.23321880064083,182.88952518795935,60.13582481460428,rainy,1,20,noiler,49,1093
872,159.1537132177985,71.28447909672786,31.73913735327873,dry,0,8,sasso,95,349
1204,133.48736486027803,177.06873948422265,73.91851126007833,dry,3,5,shika_brown,91,569
402,121.59674823840874,80.87540783327893,64.33024763379377,dry,0,19,sasso,45,239
1305,139.4698989177402,139.07047219916151,53.32501469718403,dry,0,1,sasso,25,703
1795,123.45245479791865,70.1033134962194,42.847571221059795,rainy,4,23,sasso,94,943
840,117.46913153361902,182.90962711505185,45.301321216317945,rainy,1,22,noiler,23,678
1578,147.0895425741112,90.80837725929509,48.7147573347082,dry,2,0,noiler,54,798
1922,114.65788455409907,68.29889465172234,67.55440069874086,rainy,4,11,shika_brown,41,1373
651,111.64076057195236,91.8398017709207,53.79149715822846,rainy,2,12,other,27,470
673,125.98906148640063,119.07995314623236,43.72100263629733,dry,4,12,sasso,45,503
678,118.25054780752866,108.17161352620957,35.16891449717441,rainy,1,13,noiler,28,522
1355,155.6722489068399,117.75712129520038,73.46913751576004,rainy,4,21,shika_brown,95,581
1900,132.1763763036869,180.32364815849922,66.96087087332447,rainy,2,0,sasso,34,1315
1293,127.19874708965116,118.74615315356115,47.02858709649753,dry,3,4,other,76,570
1288,140.90606035765737,184.29627138655476,36.354284250629036,dry,4,17,other,70,591
1359,118.27646372599497,102.33569923973472,56.668710971724636,rainy,3,9,fulani,37,845
447,151.51535915098893,164.83594570190388,61.82577140521292,dry,0,0,shika_brown,76,179
1155,142.58191821006247,154.48519467197383,50.05995464432499,dry,2,9,noiler,39,787
592,122.39025860944861,186.08327398732467,65.33903371492133,dry,3,15,fulani,80,262
1779,154.86736775384037,153.9875681770928,34.62940556249905,rainy,3,8,shika_brown,19,1118
1521,159.2431001490249,138.72939963550857,79.02554197659563,dry,0,2,other,89,608
1538,142.74198963945557,94.62824107773352,53.17671890815174,dry,0,0,noiler,88,615
657,157.70760324987714,133.14099391843803,71.94054558226395,dry,1,0,other,76,263
1245,106.22668728258705,157.59186180563398,53.30136738283543,rainy,0,18,other,72,521
442,114.49789067008209,96.39599948061999,74.64951989695793,rainy,4,10,shika_brown,83,213
1343,103.53790636213282,174.71867708054424,68.79707569367466,dry,3,21,shika_brown,84,610
1458,145.51627298275068,108.38973434636122,73.88198817928088,rainy,3,14,fulani,29,783
803,127.3867708852101,94.13943253947517,35.14701092979652,rainy,4,5,shika_brown,38,621
900,144.88288651720526,136.17538008079012,48.945459287305084,dry,3,24,sasso,48,594
399,102.35874108676992,190.10036297092518,36.76788296277037,dry,4,10,shika_brown,44,276
373,133.97078981980792,102.91735891001514,41.67178669556164,dry,4,10,fulani,47,186
1216,114.97484102972416,120.72545479569392,61.00314041773281,dry,0,19,noiler,59,700
382,102.49784332641191,85.59378511294953,38.00310377974548,dry,1,16,shika_brown,58,233
1099,120.15994334797513,84.81037388968362,69.98326777887081,rainy,1,2,shika_brown,21,828
365,107.87400711165029,122.81491072199978,37.05956409781462,dry,4,6,noiler,87,171
388,148.41904695969967,147.80123458257663,46.11865529291431,rainy,3,17,fulani,52,203
1128,130.40176154646613,123.31909198509553,53.48077811788037,dry,0,10,fulani,55,489
1835,117.57211589391747,173.3704675716799,67.11981576213849,dry,3,10,shika_brown,83,1012
1329,154.64378991909942,118.95029806177384,62.79620054497386,rainy,2,2,sasso,94,603
912,144.59781341664055,188.86424581659463,68.20025729197376,dry,4,7,noiler,79,506
882,132.8875338253278,67.7179463862111,50.80833748020922,rainy,2,12,noiler,41,695
463,114.74100302799081,179.97733195746315,59.29160876992997,dry,0,10,noiler,58,260
1219,118.37594388147392,122.50063910845782,39.97867072065683,dry,1,10,noiler,89,662
1681,103.172493738442,90.3320444897652,50.45837310116713,dry,1,0,sasso,62,777
1102,123.45766454644021,141.43269847533713,78.86157657669048,rainy,0,20,shika_brown,39,651
663,148.98329246910646,132.78944618716855,33.00247936674462,dry,3,1,other,33,300
1934,136.9599606507951,119.56063568564497,45.67619959081171,dry,1,20,other,62,872
509,141.74430332132346,78.97111800540773,44.69409609597491,rainy,4,3,sasso,95,294
1563,154.4077055786061,130.35680250034238,35.06355988816138,rainy,1,6,shika_brown,51,982
931,147.64037773586446,95.51473947648361,58.852913541250054,dry,1,5,fulani,28,487
1922,102.78258121940522,79.30476508735185,76.61455893807178,dry,3,1,fulani,43,769
1072,150.00885823553065,124.8602005403718,32.53225027244499,dry,2,18,sasso,55,611
1520,133.41392467244037,64.44945485978647,40.08189917856791,dry,3,10,noiler,26,962
707,152.45768196270376,71.45489532446149,50.29644818231106,dry,2,4,noiler,64,375
393,102.10662214988702,64.02653766095682,62.908524560719975,rainy,1,21,noiler,69,297
866,114.52073609978073,124.75762761713715,60.65405695599587,dry,3,5,shika_brown,44,623
992,106.03455493889494,89.86935090651349,31.015094504544585,rainy,4,21,fulani,44,569
577,115.83980309328693,165.51478515712338,57.842330035876174,rainy,4,2,fulani,44,295
322,125.75829032404567,198.64337049887703,46.134745741685066,rainy,2,8,other,90,153
1257,100.56562889461559,61.656575398314004,66.21755364322095,rainy,4,18,fulani,95,503
1889,129.7100601516659,108.20297188684265,34.871636120300955,rainy,2,13,shika_brown,46,1278
1903,110.644789361746,110.30545017947614,58.0054843929664,dry,0,22,shika_brown,98,761
1116,105.34015528810873,115.01369921549357,33.34910375046434,dry,2,16,shika_brown,26,728
922,117.98548984629585,86.27019961551808,33.34699275768045,rainy,3,0,noiler,41,639
1447,104.46851453112235,78.76695360930364,62.53746338586437,dry,2,6,noiler,32,1070
1630,137.52455707168104,165.8057717204768,65.49149230273068,rainy,1,6,fulani,50,946
985,108.88532657088402,176.85610281738764,50.56204648785156,rainy,2,19,other,65,590
946,139.54680601899233,196.89973384637224,72.35976015823296,dry,1,15,noiler,76,531
806,125.86202570325023,102.84922747258729,36.51871183010963,dry,1,20,sasso,79,420
1450,153.87552302819157,124.20840049966279,70.3957879906043,dry,2,17,shika_brown,80,687
636,125.32291166052022,189.4808689049896,74.92516760568206,rainy,4,23,other,54,425
953,159.81671001567386,163.04945171203877,77.27907081788557,dry,3,21,shika_brown,54,527
1892,120.22149909768083,91.33238713884951,36.93270228463465,dry,2,22,sasso,53,1041
583,138.86070342793715,107.68301786058107,71.82062670042802,rainy,0,22,shika_brown,43,372
1988,146.8640773156115,71.32928193162647,68.54145713761113,dry,2,12,shika_brown,56,989
1630,141.6093266127006,127.83237686118262,42.03234774887571,rainy,3,10,fulani,82,689
1514,128.83077408137626,197.99497660428634,46.80343994911797,rainy,2,17,fulani,26,941
1041,146.0840509631089,65.76303588654407,70.3784218139188,dry,3,7,fulani,47,489
980,155.32664148213493,64.89230109457854,63.45269580534644,rainy,3,13,noiler,46,609
814,128.89250250757405,166.30177348231848,54.15891926896213,rainy,1,8,fulani,19,445
1610,134.29456487116752,117.53760195208034,53.82710637311063,rainy,0,17,fulani,49,829
526,106.97049901280305,105.58696014633563,55.66185894589471,dry,3,14,fulani,66,229
933,128.156616064969,97.82168435693318,60.181429503282885,rainy,0,12,sasso,44,573
549,116.76808461083539,187.5277807516066,56.097713772291755,dry,4,17,fulani,89,220
988,150.83728708386224,156.9966973231064,59.876710919354494,dry,1,22,fulani,35,446
1446,115.02617746985193,95.76656467712948,44.056064819548595,dry,2,8,noiler,68,858
1753,139.32722867281544,175.58255494235505,54.43418880196894,rainy,4,18,shika_brown,28,1353
784,106.97208895373423,72.18421107632605,41.0590211958041,dry,4,6,noiler,37,615
1807,149.79209705920863,67.54760472407355,78.34628001902169,dry,4,14,other,62,723
1196,102.60110304438928,167.76751891137127,32.582408741941215,dry,3,12,other,63,637
1807,159.5167243602197,133.5213918404923,32.68816206476623,rainy,3,10,shika_brown,42,1112
1053,115.18699388420868,74.95583762556241,40.26140135458926,rainy,2,6,other,55,640
688,116.36683737911817,141.53670602926076,30.23396808200131,dry,4,12,sasso,70,363
1313,122.34452522495087,96.44632094960275,36.23711038771759,dry,3,16,sasso,20,933
1031,124.73247704974298,128.39533544414763,38.002751848149344,rainy,4,15,noiler,32,846
457,122.97123498056465,153.0975223869487,52.437221755437896,dry,4,10,noiler,91,236
1334,138.01723172710766,162.31208582641244,68.26269341455821,dry,0,1,other,56,582
378,150.1173252030187,132.89704307495018,79.12160840121075,dry,0,22,sasso,55,181
1068,146.82502945234933,197.21575548513792,79.67048998912787,dry,0,19,noiler,75,427
1474,131.48495303405767,88.84287130322127,50.425795865028874,rainy,2,7,other,30,1067
942,134.5641546226665,153.38297808632103,36.375955670097426,rainy,2,4,noiler,40,709
907,103.23603923175824,87.38489668592321,48.752004304352084,rainy,4,22,fulani,70,476
1970,124.44210866568694,160.86466999245357,36.20991831934654,rainy,3,5,shika_brown,55,1202
457,122.46298512252875,74.21835939986518,76.04151204049901,dry,2,3,fulani,45,261
815,115.58497906592899,109.9499063557164,43.1542551476705,rainy,3,12,noiler,90,442
1333,105.94910337529463,190.25579731432785,38.8597587488198,dry,0,4,noiler,24,827
587,116.22944811844295,80.61911655390533,57.63528542773122,dry,1,3,other,26,361
1400,108.51030667872152,99.94981508789888,45.65594184719378,dry,1,18,shika_brown,19,865
863,120.3832514220521,198.0243866795419,43.97973503050698,rainy,3,21,sasso,73,542
1699,147.24464997719033,87.62170522618244,71.17562240663251,rainy,0,4,noiler,28,896
1078,144.94071498682362,191.70714274520603,71.70001770279515,rainy,0,3,other,72,531
335,143.80512086424523,100.49469797236499,52.09389842114681,rainy,0,7,noiler,34,226
1658,100.22780421734537,170.88107745797032,43.22396726263014,dry,1,7,fulani,74,663
1962,122.05120543419335,164.379106928272,42.33263005974989,dry,4,5,other,61,978
626,154.20895575623598,129.49267747197396,55.43975810790011,rainy,3,23,shika_brown,56,415
1668,103.55574920195487,120.08401257697253,76.52499785278947,dry,3,12,sasso,18,1093
1629,131.46976958814497,101.0089498495706,65.61666800010372,dry,3,22,fulani,42,848
798,120.50880678570674,121.35327709862437,69.87290343083328,rainy,4,24,noiler,24,679
488,127.78699287910733,98.62586461989287,30.603215439665757,rainy,0,0,other,47,251
1837,128.04519616816856,160.86201987086315,36.359826687635874,rainy,4,5,fulani,91,798
1773,123.10348009093337,88.99891271965681,67.39171852578568,rainy,0,6,shika_brown,63,935
545,139.07088598255396,196.55230200885802,33.1311984557466,rainy,1,0,fulani,97,218
1211,141.99914959589398,131.57846120849752,51.356245564205864,dry,3,4,noiler,97,658
383,155.7204608590412,156.77148866844541,32.0929143976956,dry,2,14,other,54,183
1820,139.99982261436975,148.37443227155245,63.22814889735389,dry,1,4,shika_brown,45,1269
976,143.27961274393488,191.35109681111825,30.679147893851034,dry,3,2,sasso,44,608
1364,157.30702920576448,172.82000676759714,74.99561871501618,rainy,2,23,fulani,87,546
1609,149.87529862336984,171.05573039338145,56.97642945647668,rainy,3,0,sasso,22,1031
732,133.03846407780424,100.18854541826653,53.12523329178759,rainy,0,23,other,94,303
498,101.35170963775235,103.4816524700672,47.92429818323109,rainy,3,7,other,39,339
1412,109.01433343444333,180.03820866568506,62.61175825496546,dry,3,6,other,64,693
789,119.4761685138703,129.50542459966735,45.89510078154373,dry,1,21,fulani,30,421
324,138.0515255357288,122.89375359645219,48.572624616644816,dry,3,9,other,24,196
1824,135.13887220595896,190.57285466491473,72.27324058282618,dry,3,16,other,81,762
415,106.75254917955088,153.5572293431308,62.91915966885671,dry,4,12,sasso,50,292
982,127.94717183743221,94.68054042784405,56.93084690189106,dry,4,6,shika_brown,48,629
1964,113.51344588086089,66.93697719119514,65.09655212219383,dry,0,12,shika_brown,93,786
1304,153.24387256518787,140.63020009500184,56.222764869297755,dry,1,13,other,31,709
1293,149.58981375568416,197.29418277621738,50.73737967378638,rainy,2,19,sasso,64,836
1381,125.99120114349529,112.76349217044307,71.54980959369578,dry,3,23,noiler,72,813
1181,111.20279159548336,113.41234157143492,78.11811760440219,rainy,4,23,fulani,34,684
485,139.26936250700385,189.88031060022055,41.437909068261234,dry,2,1,other,84,194
1009,129.96880006074736,125.61273108147549,56.384712482764726,rainy,3,9,sasso,48,731
1260,134.1246832112067,86.66661691459653,51.34066356583085,dry,3,1,sasso,44,771
1941,136.7692913505334,141.00436684832925,57.584763052676706,rainy,0,13,other,94,776
753,103.79685800618076,94.55618322921994,39.726073554791355,dry,0,18,fulani,85,301
1634,117.65121210262772,63.995265337642905,58.39352340348891,rainy,1,0,shika_brown,89,696
555,129.0973621578628,186.9700382705674,48.16097233066963,dry,2,18,noiler,93,295
462,112.72864760601735,198.93959723042872,62.15100560182816,dry,2,18,noiler,54,314
1427,102.33396130507865,85.99575129980616,40.7310775595587,rainy,1,3,shika_brown,56,879
1797,107.10330375238675,61.48106446658182,55.20057021917795,dry,4,9,fulani,25,819
1429,110.40903522110816,132.42176950607757,53.46915968173282,rainy,1,5,noiler,49,1063
1720,152.1935702534039,160.27496554761467,36.58987352089932,rainy,1,20,shika_brown,73,947
1184,112.83087566535633,117.67883109930492,78.22181216934666,rainy,2,11,fulani,79,522
1401,148.54247369359368,154.88387876868853,67.8101996157701,dry,3,1,noiler,32,779
1118,138.40432685457625,193.31519403615405,36.72613445808935,dry,1,3,fulani,59,503
1327,118.29715616811337,63.458695675844794,71.28031666652342,dry,3,20,noiler,37,922
1735,147.91864177774224,164.52201717780605,66.07654308323575,rainy,3,0,noiler,68,967
1219,127.07587018530462,61.24727321780508,44.207014665553274,dry,2,11,shika_brown,99,600
605,150.74617832594947,152.40406352052054,67.25204340785524,rainy,0,9,sasso,32,395
392,107.19828449659416,106.67001571092038,47.39526278216913,rainy,2,22,other,56,238
1604,150.54420625472125,180.66091503475414,70.75762976592029,dry,1,13,shika_brown,28,1012
1234,142.62115459829852,174.9255103316317,66.91913179077301,rainy,0,23,other,86,563
725,153.42606745492301,97.32254443901641,41.17677636534371,rainy,3,7,shika_brown,38,482
377,150.55480324533335,112.78830005723339,51.63454275422226,rainy,1,17,sasso,79,179
1198,107.68424794097295,133.6594658486404,56.953995985862946,dry,4,20,shika_brown,95,629
473,134.5109221184658,130.4869250349401,69.24609871413034,rainy,0,23,fulani,91,189
1675,154.22805492676036,190.6201170373115,71.94558111745205,dry,3,20,shika_brown,22,1062
321,109.19561410856744,146.4175988531839,50.589918179323796,rainy,4,18,other,39,217
437,128.95772918345276,118.51303735584824,73.62695539122606,dry,4,7,fulani,72,175
533,129.7118083117348,132.81941034199411,61.504901946563976,dry,3,21,sasso,62,360
325,109.16234846380698,177.9589743189239,50.518279947585995,rainy,1,19,sasso,38,262
617,126.85328572628848,124.3080155981609,79.9157971022621,rainy,0,24,other,81,265
1468,157.78337653408977,165.11519519589467,47.021371022893476,rainy,1,3,shika_brown,47,885
1528,119.93105764315213,64.60554690751279,56.90136426357885,dry,1,10,shika_brown,53,818
1359,108.85751554520851,85.22970403173836,51.08441289670776,rainy,0,15,sasso,31,855
1321,124.36111304726747,160.18588696935802,77.65953427077989,rainy,4,24,noiler,94,727
361,154.60715681479786,149.0153342739788,73.72434988520061,rainy,0,0,shika_brown,44,149
1982,156.61254003589727,99.02000416600788,53.589406785677085,dry,4,14,other,23,1003
997,136.90865367588412,165.58866655323828,33.646373773644655,rainy,2,7,sasso,87,550
1559,129.17814630390373,101.3066169772278,58.18982020249771,dry,0,18,shika_brown,75,660
1861,120.13685100629705,127.57028761611384,51.0878998815139,rainy,0,16,other,98,744
1866,144.76865367616858,198.3907235063375,76.12540040115259,dry,2,20,sasso,61,1051
1388,130.1208668113765,149.31633384887266,49.63484473232985,rainy,3,24,noiler,23,1077
1147,145.68206496524206,107.40084151549962,62.65209533999991,dry,2,12,shika_brown,71,677
1049,139.40137108085463,113.13326205675321,57.3094111282372,dry,0,20,other,29,538
581,157.73244666929253,60.71004327096362,56.18451456759967,dry,2,20,noiler,29,405
396,124.2103613090591,108.16217033989287,35.740388066235774,dry,4,7,shika_brown,21,266
1110,159.28508216995084,154.52959919426712,65.95561598541494,rainy,1,20,other,59,575
541,118.58806278007798,139.42945456484733,70.95253528971527,dry,2,9,other,64,299
1702,116.76422682411021,76.94133527427897,32.104566408679396,rainy,2,8,shika_brown,79,888
370,122.76039460482887,146.53944812008228,68.18708636760121,rainy,4,9,other,82,195
749,146.39324377679083,62.61856240685044,61.718106866686995,rainy,0,10,shika_brown,99,326
1946,151.80136911503848,190.09292144777794,42.83986223769115,rainy,0,16,other,22,1077
1683,159.53892413210934,139.36768927987967,70.3163155581982,dry,2,0,fulani,30,795
1990,120.61076465609887,164.5994595125734,33.29883380840765,rainy,0,17,fulani,92,796
1648,112.47369925801604,87.65896100768373,37.28813425901567,dry,1,18,other,98,659
313,120.19783646383776,162.87232564551414,37.50806155559582,rainy,0,8,noiler,33,218
1290,102.80180023493936,96.31055609153589,50.165625547226796,rainy,1,21,fulani,20,732
937,107.87598106747593,177.56381866573741,76.2329109956514,rainy,0,4,sasso,96,391
1552,103.11218934766518,63.10205954908283,56.94714477369268,rainy,3,8,noiler,28,1115
1083,122.89155406488717,130.8222317490649,34.87059884301651,rainy,0,6,sasso,99,478
943,102.7160828770764,104.82752897178892,61.48761576055142,rainy,2,9,other,33,662
853,117.67627294516953,148.09526420656604,73.89151968012297,rainy,2,2,shika_brown,22,611
691,152.2325507839635,154.49417597449303,77.58688522055321,dry,3,22,other,55,345
1239,159.81306635404673,174.14907337442975,52.7480360685593,rainy,1,10,shika_brown,43,840
827,153.88852715538826,110.37011715766192,48.28778127882142,rainy,0,20,other,39,463
1909,143.36503092217177,60.96954966021949,35.848840000273306,rainy,2,14,sasso,88,858
985,111.3998246818538,91.86306983648316,37.112928443652514,dry,2,8,noiler,64,589
588,119.57181866733373,175.01832860771424,77.49987847436577,rainy,2,19,fulani,42,373
1024,153.13997758361907,111.68879570881899,77.52735469668528,dry,3,0,noiler,95,410
895,156.21967099060984,72.38439596424763,54.557111716799696,rainy,3,16,fulani,37,450
419,156.54915213430712,110.38902902525115,38.876096450593764,dry,0,0,noiler,44,190
784,143.17667797604173,116.01906988987368,64.07748354399976,rainy,0,0,noiler,73,359
1143,134.5909999425426,149.0735234653269,51.696103718798575,rainy,1,24,sasso,77,670
482,119.22644293532092,148.84670975801907,52.10200227020592,dry,1,17,fulani,95,205
1570,123.69722621804377,107.73850360794358,41.17231138719869,rainy,3,23,noiler,73,985
1701,125.94882341444517,186.91805205660867,74.45150447767764,rainy,3,11,other,89,885
804,122.40160132512678,112.81485937456895,46.28436416768203,dry,4,12,noiler,97,445
1048,127.78531455705752,175.15026815746648,54.47227123514467,dry,4,21,sasso,98,529
1312,129.36323939827403,90.85270267619214,68.00522234537696,rainy,4,24,noiler,98,721
332,142.59842304508965,175.37679090783683,71.97149936407419,rainy,2,6,shika_brown,31,247
1323,104.39313706281554,104.94614377872588,46.98557893146479,dry,0,19,other,50,582
1710,132.5352628482765,98.16296017237605,73.06559427074302,rainy,0,4,other,54,789
985,139.80548278570137,77.87405753734144,40.76491700172231,dry,2,12,fulani,90,394
1939,137.4954478878113,162.9173617751569,48.491113980034484,rainy,4,23,fulani,92,816
499,117.79209122056542,144.2599326431903,38.217607617805925,rainy,0,24,shika_brown,28,348
1417,115.98074539841343,177.70438724382677,69.4906258213509,rainy,4,24,shika_brown,37,1198
1343,150.67777798144482,99.91491579891112,60.15384484439822,dry,1,15,sasso,80,556
534,145.49079138009128,120.63198991711047,38.35864792219989,dry,2,22,noiler,55,335
1649,124.04783710955883,183.92829482238224,59.603056757936265,dry,0,13,noiler,85,782
1166,116.84408453052575,82.26352038054529,68.90972926494976,rainy,3,14,fulani,93,510
1379,147.56759562201665,169.32819656445287,54.98160970348035,dry,2,2,sasso,59,825
1367,145.7157699650724,84.254307314704,73.75380779415221,dry,3,2,shika_brown,73,643
1618,158.1922180698354,182.4060754559875,49.47676830144354,rainy,1,2,noiler,54,944
1311,123.10510427168359,102.87195536270423,46.79755252839798,dry,0,24,noiler,91,615
1763,104.42038499567805,129.42736919852632,77.81672363085531,dry,4,12,fulani,42,871
1667,116.08504255473126,91.01467511404238,77.49215307661117,dry,1,6,fulani,83,667
1567,126.51840073814999,116.39995748391247,32.366756582388625,rainy,1,11,fulani,62,714
1882,155.36871492260468,114.40522150879316,59.52718771811563,dry,0,16,sasso,52,857
709,142.77755422242953,199.45092027909783,53.96288129964233,rainy,3,12,fulani,30,431
1640,159.19820680901785,197.8847683788191,74.77283923489094,rainy,2,7,noiler,41,1153
956,157.4550486234949,108.28335112571119,39.89567070127596,rainy,2,22,shika_brown,45,643
1695,105.05499115730197,176.54801642345228,63.410317544979975,rainy,0,0,noiler,98,746
454,109.1432209379054,180.1947674788405,40.732142877446215,dry,1,0,sasso,43,281
447,110.31048116260284,193.5102889919912,46.77602101874747,dry,0,4,other,41,256
334,158.96711301899802,67.41870010440888,57.350614873444705,rainy,3,22,other,79,146
1131,118.48752861269776,114.54972502448594,34.22619564295281,dry,0,4,other,91,452
1764,105.38220322233228,194.92561552336954,58.16714207712221,rainy,0,18,sasso,30,1176
751,145.92632457161213,104.9778543904011,67.90158142081958,rainy,1,14,other,19,481
502,101.83093320692214,170.19225778906804,76.50087586262791,dry,4,9,shika_brown,76,271
458,132.06383652102278,141.54668908502498,75.9132971080281,dry,2,6,shika_brown,95,232
519,121.36483435937222,157.93769329898885,59.67671532416433,rainy,3,15,fulani,78,243
750,151.5910697141814,124.93409938549307,45.71422623565756,dry,2,13,noiler,79,387
418,149.22165232069688,81.45298138227218,52.15006325929596,dry,2,14,shika_brown,54,241
425,130.65674840466042,67.8228426144355,51.333688698923524,rainy,1,19,other,46,294
785,137.3069349678898,138.6385204114871,51.40176555364683,dry,1,20,fulani,23,442
1433,106.86479974888253,70.96813017876086,53.7708668173332,dry,1,20,fulani,64,573
416,103.48213346448789,134.91893275466177,57.49830006570308,dry,0,12,noiler,42,256
1654,131.43133487453818,165.6825630948737,66.63232653071731,dry,1,17,noiler,88,839
1750,140.34040095149274,89.7410186523992,36.39559434621567,rainy,1,19,other,46,1080
753,159.06471095102432,155.7337205237772,51.78694212613732,rainy,1,4,fulani,45,322
357,115.69058891896775,127.26761081485928,40.568635131662674,dry,2,16,other,32,231
827,147.1117352982289,68.8747362741813,30.95297268586853,rainy,0,10,noiler,26,488
1289,145.13205128805262,101.67263870992976,35.85943540911114,rainy,2,12,sasso,27,902
1701,133.86922600627298,166.35328373611858,55.18175752676023,rainy,0,21,sasso,53,1026
968,113.52220888222607,79.16386038430949,56.91653091416316,rainy,0,14,shika_brown,66,536
1829,145.5526033784797,90.45919302413462,70.89660109387043,dry,1,20,sasso,46,1111
1634,121.41214402426087,99.92229214759142,52.05303984425102,rainy,2,1,other,29,945
970,105.98417012001254,194.47611332797578,40.581673240073656,dry,4,20,noiler,92,522
1734,113.29941873659088,141.90394801494983,63.80809524135079,dry,0,20,shika_brown,60,929
551,156.60863452366684,103.06912005775762,73.85400739979828,rainy,0,24,shika_brown,71,220
1226,143.4432669934215,116.45312155418429,33.897608599793344,dry,4,24,shika_brown,75,585
636,119.96923761334466,79.76989880479937,62.1776714364769,dry,2,21,other,65,355
1014,138.64312000058163,84.6291630579244,74.23666065082931,rainy,1,21,other,93,464
458,127.2184904204737,168.83788824977694,34.38643689165401,rainy,0,14,sasso,41,275
1991,133.56466398931605,165.49548411130198,34.6467573012808,dry,0,4,other,58,955
1045,127.58938100284732,129.46018627184395,37.9875101794276,rainy,2,15,other,77,525
1137,148.2715939629838,143.15596828927085,57.077639791628066,dry,0,13,noiler,19,646
839,136.64945249260137,157.1579464823569,33.66944872548836,rainy,2,5,noiler,64,538
1988,140.97265864454442,197.8883728986612,74.86779682072984,dry,2,13,noiler,52,1370
888,115.16558072096215,126.07162931155898,37.127700647286176,rainy,1,20,shika_brown,61,557
1659,102.46063299420221,141.00861732839144,57.536133312707406,rainy,0,18,shika_brown,54,1024
1762,121.11089192642488,99.69156723822431,41.64565495230061,rainy,0,0,shika_brown,66,760
693,120.07225490843511,151.80470768343548,46.48697661024909,dry,1,3,noiler,18,469
975,136.09103144332283,196.48262508276554,66.18652229075937,dry,1,3,other,74,443
1969,113.56528935937344,85.09408211294556,31.929591076327853,dry,0,20,other,36,870
1967,110.20553946585217,115.96642923359343,71.60915071062792,dry,4,3,noiler,41,1394
859,106.71730884817441,132.2542173846324,67.06782090484111,rainy,4,5,fulani,69,433
300,110.68933874037525,178.6264993153006,60.927598579023524,rainy,3,12,other,84,137
681,155.62018703410223,176.9963208478936,43.4636915672217,dry,4,24,fulani,19,317
1638,142.06824526089272,115.42335528149214,66.857935134435,dry,4,8,fulani,29,913
1851,141.73408757642844,64.17347794969072,67.95060724779538,dry,3,21,fulani,88,740
1496,155.1019690352348,60.93665525092328,37.848608111052755,dry,4,18,fulani,69,598
1860,158.89182104532765,164.4155908158341,40.94012827086867,dry,0,9,fulani,43,747
1648,129.4166875370169,98.06051251150791,40.677360905301015,rainy,0,10,shika_brown,61,863
850,159.58222098362558,91.84265229316458,38.39744318340334,rainy,2,1,sasso,37,536
1164,133.27784181136053,162.74268968838143,32.57805027277842,rainy,0,23,other,39,652
1514,118.09781375659841,187.45022420925966,77.95268113278874,dry,2,13,other,53,883
663,108.92980571221952,62.43983273413738,66.29572835052156,rainy,4,20,sasso,49,543
1252,126.0811094724502,92.49518569713166,69.95645538160602,rainy,1,15,shika_brown,83,659
1036,106.99430398347246,63.574608478200055,30.650939637039233,rainy,2,12,sasso,47,685
1269,103.40496889059327,146.4253003493014,59.60550174609827,dry,2,0,fulani,75,508
1729,106.55284979443086,131.37515594414214,51.85009555054938,dry,0,9,other,95,692
895,141.42589713330972,80.20721175715062,73.05140124775036,rainy,1,7,fulani,27,461
899,158.26344949109765,106.63455093829847,55.937848726394904,dry,4,0,sasso,42,481
1549,102.8597605728255,137.80855426514387,36.15540947530771,rainy,0,17,shika_brown,84,620
498,114.76806890895986,112.09445434780483,39.41777015459175,dry,2,18,fulani,52,256
1476,132.8194746316225,152.58768826644283,43.39651896093117,rainy,1,8,noiler,86,792
1199,128.42439445504135,115.61882564800408,76.42573199587392,rainy,0,19,fulani,55,509
1029,123.716351249351,68.98593749170354,64.15144658270732,rainy,0,13,noiler,44,628
1001,155.5484803278283,160.1194378208107,33.19931512934711,dry,2,19,sasso,51,502
1815,106.6846695729293,103.40036546764924,39.53247729033323,dry,2,1,fulani,24,841
576,135.1081751296932,81.23078477533242,33.41908822925459,rainy,2,16,sasso,90,311
1041,125.91480652298812,129.69570884188033,42.50802849383886,rainy,0,5,other,46,634
1473,124.13432718450996,141.8957532259274,32.12523768613889,dry,3,10,fulani,93,589
964,132.6812327485877,139.2402041957656,73.36881067234697,rainy,0,9,other,26,593
1821,146.45669922361373,73.03026477198443,58.32435605832685,dry,4,0,sasso,64,834
706,152.8843487571796,153.8466868818994,67.21493913070236,dry,2,17,other,34,367
1366,140.30980282695927,188.271351011768,55.94891522044706,dry,2,8,fulani,45,718
1978,140.31516732315094,196.3118900333287,38.689017576469354,dry,1,8,other,83,896
628,117.42887076910374,158.52565827119756,66.86461623993368,rainy,1,24,other,56,404
715,126.26514857721777,76.79342851881705,76.44883154322477,dry,2,22,sasso,95,350
1655,135.14678161635578,102.20303566896801,57.03902188672379,dry,1,3,fulani,59,735
1453,102.7283674318658,87.2394937970418,47.31574571908311,rainy,0,22,other,39,743
1726,144.73732194975474,118.23938501301981,71.94272932883112,rainy,3,10,fulani,53,895
578,141.92791997253698,131.39194428801164,72.68652191741882,rainy,4,0,shika_brown,22,389
1789,111.33063237229283,75.97570690368082,35.97280116370362,dry,2,21,noiler,99,928
1705,117.47513186735709,97.21857020211102,53.95128057464049,rainy,1,18,other,71,939
724,122.84104014983298,105.55760450833381,40.20338411822669,dry,2,3,shika_brown,26,457
426,129.83213280693684,113.80867666380936,42.466735658641184,rainy,4,20,fulani,32,280
1547,137.39220108856875,62.7705204774464,67.18795198174023,rainy,2,21,shika_brown,99,766
1838,132.2065282265496,60.50130746062632,69.42131244375048,rainy,0,23,fulani,26,930
1446,108.6916927062316,189.73391855578012,53.44030693849329,dry,2,0,sasso,21,964
688,155.75544505591608,67.3973424161592,67.52700533601435,dry,2,4,shika_brown,81,295
1882,131.40644507551312,68.6521062029486,43.86702735498971,rainy,0,22,noiler,50,1084
1381,148.68492047176062,79.64244775327202,41.51326521455856,rainy,3,24,shika_brown,44,914
573,115.13607228272467,174.65337796668626,76.39623040828147,dry,3,0,other,30,318
489,114.84132336138303,152.27494582990627,56.015122967760576,dry,0,6,fulani,67,196
1293,141.5184427695035,178.70716807349004,47.971088844860155,rainy,0,0,sasso,32,829
1069,103.95782747032054,148.85786365544976,73.60345358593995,rainy,3,11,fulani,32,673
1176,124.5767759806796,108.78667946929323,35.930748787055876,rainy,1,21,fulani,68,597
1214,134.0589169173041,154.5068429838052,64.03883110736258,rainy,4,1,shika_brown,21,902
1103,112.10554860565354,107.53096944403751,67.96993976623952,dry,0,14,shika_brown,71,499
1818,110.98422077875168,154.81896796658003,61.60704591697059,dry,0,11,other,76,786
620,124.91111763175465,103.06519268924686,51.313524038360065,rainy,0,17,other,66,328
1158,145.79405415373873,152.54342261283514,47.37425040750057,dry,0,0,noiler,31,589
953,159.2287495104918,114.60071757888502,73.17486921649883,rainy,4,12,fulani,56,454
854,159.90182628770046,165.22233440485758,41.5116227637359,dry,1,24,shika_brown,68,428
1058,112.52917748666451,90.5922135279001,52.2914662294425,rainy,1,18,shika_brown,93,585
1450,140.32858035495585,115.79421247774843,63.09261832586539,dry,1,8,other,98,650
1777,107.35670554530424,193.69266917603645,72.91590805521902,rainy,3,3,sasso,90,1021
1675,135.46616422864665,79.9543077505948,48.52741670934623,dry,0,23,sasso,91,787
1026,144.10622354669613,192.75661335922098,65.03719611164163,rainy,2,0,fulani,83,410
1900,130.13808111543278,120.84354371655112,36.04494676961806,rainy,4,10,fulani,56,909
1771,115.0708806551464,134.64231019114672,57.99788310425058,dry,1,11,shika_brown,65,1001
582,135.61924180950285,109.63962236586477,31.870259452109906,rainy,4,20,fulani,62,306
1130,142.1989723882814,123.61898007205842,68.32487796226701,dry,4,23,sasso,39,833
1349,116.14245091155418,120.25612203030396,43.803463188537236,rainy,4,1,shika_brown,45,847
632,137.75988740674296,181.81969880463606,47.18616703644675,rainy,2,9,other,87,317
575,158.3118480252078,123.30595874760142,44.181433188770484,dry,0,24,other,55,251
1663,150.13970586943418,184.52921299696573,65.06245334488347,rainy,3,13,other,55,1003
1322,131.78057510834597,116.53631098501626,32.753822537086535,rainy,4,2,other,97,596
1792,129.93326861054905,124.5567867322405,39.132723087539304,dry,0,17,sasso,22,1087
662,111.57417929334557,153.41874459245412,75.12656670163102,dry,2,5,other,74,290
474,101.73013093818446,152.85155411977814,47.23555886940392,dry,2,14,shika_brown,83,234
1632,155.06899011187352,187.12562723603952,71.43369015453604,dry,4,1,sasso,60,733
1692,147.90727881589135,165.99904164292107,57.90820071174302,rainy,0,0,noiler,19,986
1737,156.3157767675858,121.19250510184028,78.72955238616595,rainy,2,8,noiler,75,859
1144,113.91912554265502,84.75996056582892,43.83953997184464,rainy,0,13,sasso,43,737
303,117.37081598990015,136.1658775167013,31.054054976049663,dry,0,19,sasso,18,166
675,100.19653656147443,60.02116664210204,66.97983022966801,dry,4,19,shika_brown,60,429
1166,116.33009461027896,79.90480374134451,57.55978652954185,rainy,3,24,noiler,70,730
1647,155.47426729266522,75.34913317569625,58.68730821976158,rainy,4,22,fulani,94,659
544,140.04813515169357,133.56046513256925,79.98761154787078,rainy,0,19,noiler,48,356
1790,137.86062363792053,126.15891692162519,43.98445094406749,rainy,1,18,sasso,56,1175
1266,147.70530911020694,186.6302969806529,57.9919148017872,rainy,2,5,noiler,49,915
1831,116.6188444763282,66.68030851722591,39.57155828228851,dry,0,6,noiler,20,1043
921,115.45932093205344,188.72826574497367,79.24715104254602,rainy,4,4,fulani,40,574
1242,119.64111798269315,66.88939580809166,39.768211666167836,dry,0,19,noiler,20,733
1144,107.86208768949966,154.04427100828084,47.00050468613158,dry,0,2,sasso,28,746
479,127.446167371198,118.97615907261718,61.1895342552413,dry,0,17,fulani,40,228
1124,128.84281019630907,141.93953176432518,64.62260683656162,dry,3,5,fulani,91,450
462,114.39187592003633,93.70918658151847,77.70510521187605,dry,2,8,noiler,45,317
1494,133.32696891536472,94.50899082075028,65.41372971096675,rainy,2,22,shika_brown,74,821
1400,150.1711670750911,94.52687580214575,63.50551297441298,rainy,0,21,sasso,70,730
1465,151.32859308845605,148.34451354613537,63.95744319313787,rainy,2,0,fulani,80,586
310,157.27188201726906,112.9974276744879,30.83924358294854,rainy,4,10,fulani,22,156
758,150.67318311749528,187.77056028770932,36.98550798675573,rainy,2,13,shika_brown,26,559
1634,136.8236871192213,66.56851313377,38.39136700534111,rainy,3,2,shika_brown,38,1150
1655,138.27456056756552,66.64746164354497,35.66275794714177,rainy,3,19,noiler,20,1231
1023,154.47314067592902,169.97340994049625,56.20177729060411,rainy,1,9,other,68,493
1515,147.24414545024632,144.23661170396525,54.33191348726564,rainy,0,12,fulani,44,692
1553,156.67220126911877,150.97659858896793,68.67152544321442,rainy,3,14,shika_brown,24,1118
1404,123.4764833836625,175.384991887585,49.9846264115104,dry,2,24,sasso,33,1087
452,119.75389400983448,77.19899460858555,46.12770285044657,dry,4,0,fulani,20,219
409,152.33841080822717,68.03657875695487,47.215218806373585,dry,4,21,other,95,165
819,136.6759364755169,62.782055924225425,57.78170746402493,rainy,0,5,other,43,469
476,107.20032589294432,118.38569454892624,57.968027485649166,rainy,4,11,fulani,84,212
1269,106.03126328078548,92.28872732328591,31.01145801740557,rainy,3,17,sasso,48,913
1172,120.10910038732314,149.6995477258103,63.32100015214072,dry,3,9,fulani,31,666
361,158.131268277416,149.82632574592316,37.678164412469364,rainy,4,6,sasso,55,222
1661,116.16944006900356,186.54383638656543,41.93568699595859,dry,1,12,noiler,60,1067
775,119.93289369878866,180.49649621766167,74.67636575702764,rainy,3,0,noiler,75,425
912,135.09822147399217,75.65230679145785,64.33494903084261,rainy,1,11,sasso,85,515
1494,109.83759707524825,125.5649777410566,63.52339829136134,dry,3,20,noiler,89,701
1773,111.8538798303526,147.3704960046212,61.3763720475046,rainy,3,17,shika_brown,19,1309
1125,107.80185505715475,97.52055270819459,66.17102121464433,rainy,0,8,fulani,37,565
1277,143.007982389152,121.29019348288955,32.30741851579697,rainy,2,1,fulani,84,515
329,119.0651343668799,147.3952061486446,74.28513938016478,dry,4,16,other,68,170
909,114.38250072074649,103.20146461717759,78.42542462419365,dry,0,23,other,51,438
744,159.53074784994365,177.70927265269944,54.134752994679616,dry,2,5,other,58,381
1368,120.61246998523816,185.91853975003914,33.7617651632922,rainy,3,19,sasso,40,1049
1162,150.56348786017938,93.24348402595574,34.83284982454224,dry,0,7,sasso,21,564
1229,100.10920946188267,197.3006820742337,67.81868713420135,dry,1,13,noiler,89,701
963,119.2956054812385,132.3312044593503,76.44739019038616,rainy,3,3,shika_brown,65,603
1946,108.69092061286844,127.28895979464853,43.513052056836216,dry,4,9,sasso,61,1184
1323,134.45695591896316,162.0954824724666,39.81175163434665,rainy,0,6,fulani,88,529
443,104.90958251629955,99.5600282209352,44.84475010267336,rainy,2,18,other,48,287
1865,145.03483702005286,129.76044090021588,74.67134404186743,dry,0,4,noiler,53,893
322,152.54736013275283,162.95280468798722,53.3542331963742,rainy,2,2,noiler,60,207
1694,158.1823294540319,64.32520495351086,49.133144438728024,rainy,2,15,noiler,91,727
417,108.99685084680404,66.69638664844074,37.94376002388938,dry,0,21,noiler,73,220
637,149.622620250051,173.7479683945684,33.13424729825647,rainy,4,10,noiler,32,444
1650,123.58336290823767,151.17131141730704,53.64283618978098,rainy,0,16,shika_brown,55,1004
1127,135.44617298457823,76.2713117354088,75.74614987377812,rainy,4,0,sasso,36,671
933,159.53485615849095,167.13025501608882,33.47428121871576,rainy,4,5,noiler,46,633
781,119.88237239199589,169.76048033705172,73.06377450504215,rainy,1,6,sasso,40,579
1696,119.1098356444418,159.07337495138177,60.128561663383884,rainy,0,1,sasso,43,1009
1839,152.50723379735138,97.40370238318187,58.18695651876058,dry,4,19,shika_brown,73,834
1012,150.73346187617722,157.8103752690527,56.37516376976506,dry,0,19,fulani,80,405
1210,157.16652559381652,86.11371875651531,43.84358537386089,dry,2,24,other,51,580
1684,103.34218280477943,115.97874775303976,75.67938729512247,rainy,2,23,other,27,1095
1281,115.67697314651471,190.15216337781936,30.423864360457525,dry,3,9,other,32,716
1089,155.32885831897573,184.04205260815243,67.40354455567059,rainy,0,18,sasso,49,555
1950,123.91791736849714,113.34455338537241,47.504506124230744,rainy,3,12,noiler,30,1497
759,101.93720364395811,134.02700732639366,36.854738992675536,rainy,1,12,shika_brown,48,536
1166,101.18848424157156,141.97290991463552,40.02206055282148,dry,3,22,shika_brown,69,607
422,119.819700256159,65.97210694088145,74.80781211563058,dry,2,7,sasso,66,247
915,107.06986857842743,143.03080001019362,40.69218046911355,dry,1,5,sasso,62,512
1082,110.76982432319863,140.72884997554956,57.75688881278734,dry,3,23,fulani,92,439
1266,155.70405821349976,155.61380241894295,67.81278743971066,dry,1,8,sasso,37,742
768,136.6686155220082,140.58655473990757,39.128332295278085,dry,4,19,sasso,97,446
1312,146.0883619592348,174.05200770638945,43.825706768830294,rainy,3,8,other,61,742
1562,156.20946114921838,185.77063466959035,53.66245876816773,dry,1,7,noiler,40,990
1411,135.18512681005413,183.9090656930572,37.440939182377534,dry,1,14,fulani,66,617
1145,141.93022631487315,173.00352676899612,44.80070067995751,dry,1,19,other,20,721
1793,134.37103071262703,87.60401579418706,42.0752333962919,dry,4,5,fulani,86,717
604,158.03835399254206,83.14250385535092,48.014933160985535,dry,0,17,shika_brown,90,242
492,154.0610897768466,105.66682786249812,57.93983043379971,rainy,4,10,other,35,285
1742,145.3483033509059,111.84832574816865,46.52211073833334,dry,1,23,sasso,26,1041
1281,148.9080767174052,89.50009835082803,71.40606730828118,dry,0,9,fulani,23,512
911,121.48095288591831,173.50152720924117,41.06024664427955,rainy,4,20,noiler,78,617
1064,101.94540337811759,114.6410442367679,78.15608557979795,rainy,3,3,other,43,655
1232,131.9070781798164,197.11603295894236,39.735938267051864,rainy,4,4,fulani,48,755
1476,145.60997665395502,75.64763306493832,74.94908974451948,dry,0,14,other,47,625
948,140.8701502502043,78.33370516420158,66.63068459786571,dry,0,18,noiler,73,446
1527,100.22280853580259,169.92750123700395,50.205175419342815,rainy,4,5,other,73,830
750,134.01163066515898,180.409477062058,31.937611739813583,rainy,4,12,noiler,67,518
1827,135.05592647738294,126.1350231541592,42.75215399051628,dry,0,1,sasso,69,810
400,110.81339643916795,164.19471836692207,47.8987759092304,dry,0,16,sasso,19,252
1477,157.23696932674278,194.2323240475478,33.55388070768772,rainy,1,21,shika_brown,62,764
1182,126.43919691688637,83.37741992915508,75.2914140292558,dry,3,1,other,44,596
1666,113.32984796785502,142.59951774374935,31.097271054706404,rainy,3,7,sasso,69,1002
610,123.01959315128893,118.22997449233591,74.2009687138197,rainy,2,14,other,57,374
485,142.49249351149513,127.23969073035562,37.59189525990423,rainy,2,12,noiler,20,366
693,112.75148090532879,135.47102496581368,36.981067887367345,rainy,1,7,shika_brown,96,380
1838,133.00041810643998,186.44974955347345,30.32712368823023,rainy,3,7,shika_brown,21,1325
733,153.61744744841104,199.97451218217813,33.419398899311446,dry,4,11,noiler,73,303
558,104.41646948373912,188.11051555022166,56.3052006354181,dry,1,22,sasso,48,377
758,112.3107090232366,127.71595636717706,37.067184582385465,dry,1,20,fulani,41,402
1247,125.9596606635283,189.75814653654734,45.275592759647104,rainy,4,17,noiler,95,726
1843,132.2252287018507,199.89821321589415,65.90271849499794,rainy,4,21,noiler,43,1495
1986,117.15409163643972,177.33643571537584,56.218034532801376,dry,3,18,noiler,88,970
1331,150.02824832995475,124.93658581118083,45.477657411686714,rainy,1,22,fulani,47,720
1289,125.71731879078294,179.5341955800066,72.57029776502942,dry,0,24,shika_brown,81,545
593,129.9063482906395,186.05476523521506,79.51904131868707,rainy,0,16,fulani,57,283
455,151.06652188568492,188.24791618725646,53.051544549375386,dry,3,3,other,92,184
1512,102.05240854049478,89.62192522096562,76.67849861375852,dry,2,19,fulani,94,605
1659,154.06160209643485,154.16939492623263,76.05129555076121,dry,4,5,shika_brown,23,939
584,101.64726762162144,80.33712951371928,55.55647775771284,dry,0,15,sasso,30,350
687,158.62089121330212,138.0566920075455,47.360774448256564,dry,4,9,shika_brown,89,278
453,134.08247338456295,124.67452496000189,34.055264520676346,rainy,0,21,noiler,73,231
1546,143.4873358379755,199.12893989847996,59.8703449445118,dry,3,4,other,81,705
888,124.55164469086301,183.51635906264414,59.56829681694914,rainy,4,23,sasso,51,705
1459,134.3350684332024,161.00287557600913,41.86295714010917,dry,4,1,sasso,19,923
1837,149.412297219443,61.168675271179104,36.10389598251923,dry,3,15,fulani,35,735
1629,131.9139361274376,102.57090743435433,64.81264574887882,dry,2,10,other,32,998
1618,148.5863025344457,80.02095284114142,67.0939433580138,dry,1,0,shika_brown,73,647
1008,152.41935377691763,114.23965808196384,32.21618710398216,rainy,2,9,fulani,36,537
482,148.50636488132443,128.59566903884416,63.67243763045621,dry,1,14,other,60,227
1816,133.5923353439544,98.72826592617585,55.48309340761986,dry,2,24,sasso,43,1314
1313,105.38895496466718,82.74011315782028,36.932231142996756,dry,1,20,shika_brown,34,816
1740,123.47503332055956,185.15577445014617,77.41891602463586,dry,0,24,fulani,25,810
339,144.3656207287956,143.35016265551945,54.08355472984642,rainy,3,9,shika_brown,26,260
1290,105.37187128849851,163.83040432098966,34.74809438594612,rainy,0,19,sasso,38,917
534,117.91646128282754,108.95594760410964,33.45800327098721,dry,3,19,sasso,86,246
1526,158.14756099623702,148.74364103557267,56.933072499178365,rainy,2,0,other,81,610
988,143.10912234149083,83.73587422141341,45.843161683742544,rainy,3,13,other,79,480
1832,136.2441488042542,62.77619125911632,67.08774126487714,rainy,2,1,noiler,40,1225
615,106.212505517956,155.67960369334355,70.95103220576182,rainy,3,12,other,54,415
1574,142.9234414742472,63.646043431838656,30.65567405769047,dry,4,19,sasso,85,648
1675,145.98303228400542,150.4800427911123,42.38927511844532,dry,2,17,fulani,82,670
324,110.59856862832225,95.4953100096569,79.34588245626139,dry,4,3,shika_brown,72,171
1598,150.91278529812615,79.54402937671942,61.82527350025629,dry,2,4,noiler,56,809
1699,150.7847865546523,90.99681771857345,67.30206983158493,dry,1,20,other,73,712
1975,107.94791213789051,123.92471435547446,32.182382220771785,rainy,2,11,sasso,42,1282
963,148.9611601563526,75.75175437947875,43.924617412643464,rainy,1,6,other,63,450
1934,151.34460312871934,81.05940556530656,51.48167866103231,dry,4,10,noiler,76,937
1322,124.60792498355079,153.7511618239746,42.14259502300582,rainy,2,23,noiler,87,815
492,105.411721848096,157.62371445385702,61.4231844110057,dry,0,12,noiler,31,323
634,138.13750382555006,191.86736008726388,52.82329434660834,dry,2,20,shika_brown,79,335
374,106.8013621267839,149.09557819473534,40.21070863432848,rainy,0,5,other,18,213
1617,122.14247804805207,141.1105470959866,64.48054959615845,rainy,2,12,noiler,37,1349
1855,143.9543668139449,172.67945220844203,47.24231085086852,dry,1,23,fulani,89,742
783,104.11755812494522,76.124018121629,64.90871188429189,rainy,0,8,noiler,19,517
1817,114.39941246563818,163.39443532210328,73.26453928454517,rainy,2,13,noiler,96,1032
883,128.0466166250631,79.35644183747274,51.096294237285946,rainy,3,5,fulani,25,518
493,143.70107494037273,145.99000711983507,48.34116995985663,dry,0,14,other,70,206
558,119.42414019911972,72.06871020155992,54.60012143205857,dry,1,12,fulani,67,226
1498,136.23154411789318,147.99134402448797,55.94576729722137,dry,1,9,sasso,21,1128
567,113.78472388985354,97.17495831692264,56.093476671840214,dry,1,15,noiler,51,382
1292,139.91647861760407,141.78984295156317,66.69555358185444,rainy,4,2,shika_brown,69,766
836,127.67191045486743,152.39738677883705,72.73584405134838,rainy,4,3,shika_brown,65,511
728,123.63456818126991,143.5480599970786,57.57269761332226,rainy,4,16,shika_brown,20,555
965,105.44747394849368,189.19307866022876,68.20876607061922,rainy,3,9,sasso,50,717
1335,149.01043458027257,122.00483233229804,69.99789615113617,dry,2,9,fulani,61,554
1512,104.65428566154281,96.51987292737091,59.35040482344056,rainy,2,8,noiler,98,806
1334,146.30220839047263,124.85891844040675,73.23386526300537,rainy,1,8,shika_brown,98,660
1270,153.28951761323643,109.56573388870888,39.344836264491576,rainy,2,23,sasso,98,577
1037,102.2706052612465,71.67969221928696,52.10247078700475,dry,1,8,other,29,646
955,127.70952924679747,130.39486192619665,68.52034241449238,rainy,4,14,fulani,48,564
1343,159.2355985447296,151.79396754170003,37.43427769355527,rainy,2,16,other,98,630
547,156.53922734999236,101.61344030160966,79.86364828595678,rainy,4,14,shika_brown,50,318
1912,103.6074705808175,148.46335799409783,69.81953725296253,dry,2,9,other,88,832
476,111.8711695057747,196.99818111345908,35.172275211520535,rainy,4,9,fulani,39,295
1354,137.24784973020678,183.6712557649713,78.4202958764695,rainy,3,6,noiler,42,1098
1572,153.22938279673343,128.80321558080968,47.271953162904424,dry,0,20,fulani,19,648
1044,148.18098579536723,122.1903362549902,69.93430666917988,rainy,2,0,other,56,561
898,123.99456754534546,164.92452221483157,51.173065892047916,rainy,4,0,shika_brown,46,609
932,118.82095917923665,189.52467428541308,48.40679039219388,dry,2,23,shika_brown,83,500
447,143.1814773345363,123.81090505128074,75.2339827567759,dry,2,6,noiler,67,273
1392,102.76285193480415,110.30851361829369,59.71936659809847,rainy,4,11,fulani,72,680
748,149.78740465003347,122.1130294219038,33.34411096199528,dry,0,9,sasso,63,357
1797,109.59131297266866,132.63710875942027,72.94918235404305,dry,0,11,fulani,93,719
1644,108.45194785079659,148.09882036356507,77.35671811421973,rainy,2,23,sasso,57,1158
416,134.49433218505555,123.51527988707012,66.16300666697471,rainy,0,8,sasso,95,199
1609,114.99001257712317,160.19268722135178,30.457017226390573,rainy,4,23,fulani,58,877
489,142.956272675476,130.52426441967404,60.94806586023501,dry,0,9,noiler,35,317
1678,102.62291002735812,100.697184916903,40.397441931930906,rainy,4,18,noiler,29,1377
1228,115.59964787657273,88.461835041771,32.78701802824104,dry,3,18,shika_brown,31,821
933,156.78784064135044,70.07789098377576,67.9935071427816,dry,1,24,fulani,36,460
1307,156.87789784089068,111.37482439743158,51.17683347103974,dry,3,0,fulani,99,523
1027,150.53608699174376,134.08041484606218,44.135107028232056,dry,4,22,shika_brown,96,443
1194,150.9432064765902,175.41697240476378,74.67365669735656,rainy,4,12,sasso,75,652
1214,125.71227359850249,194.83087980674884,68.99798776606788,dry,2,22,shika_brown,56,808
1127,149.20311147616013,77.4747002313116,62.13701335958897,rainy,4,0,shika_brown,85,451
1172,130.70867697359324,84.70960307260111,57.53219108826765,dry,0,15,noiler,85,518
658,109.37257939455166,194.2182084521849,61.134996597876366,rainy,4,22,noiler,91,362
683,125.04242797647969,166.40365749449177,53.644722654162805,rainy,4,24,sasso,99,408
1557,139.92168032207553,100.12888785646598,54.43146686275679,rainy,0,23,fulani,62,628
318,155.8511829504306,124.9931498170184,55.34915302388147,rainy,3,0,other,23,148
488,128.83225959405635,108.48341552567297,59.59509248086033,dry,0,4,shika_brown,22,280
819,127.95110804351447,91.17983596601093,70.84651092373635,dry,0,14,sasso,73,382
1533,149.89189230765146,100.72870629563442,38.61931049772347,rainy,4,10,noiler,46,1058
1071,150.48069628360852,94.77634716643635,64.89993299819383,dry,4,16,noiler,56,621
1452,120.2289501304736,105.64239668332647,51.250029106155964,rainy,2,4,noiler,30,1063
631,103.24350754930315,184.4458735565717,49.94959861513538,dry,0,16,fulani,59,273
508,102.918040044364,103.05567272213068,40.34258732041394,dry,0,6,other,59,240
1133,104.02643875541628,116.47740341925555,72.0855021903799,dry,3,23,other,38,670
874,139.62144436497863,160.65159926913896,49.19080041108042,rainy,4,5,shika_brown,78,541
1742,127.81725951056666,107.33156668767415,65.85125853015788,rainy,1,5,shika_brown,70,986
1003,108.05390038191027,61.34507037914564,63.84453794030119,dry,2,9,fulani,73,406
1702,129.70958116420474,87.01319007630822,41.38073985706452,dry,0,6,sasso,53,880
795,147.5820007731862,118.0694661902763,67.09670505311729,rainy,3,23,shika_brown,66,457
1642,156.09488747104237,95.05022415377044,58.506853148330634,dry,0,8,noiler,94,657
1264,132.32733862966927,96.06156389284848,46.95737299718613,rainy,4,6,fulani,86,555
1400,117.15153832508652,167.16424196732436,63.74813630354,rainy,3,16,shika_brown,26,1119
828,142.0750976825655,70.40290106230444,32.50093816189615,dry,0,21,shika_brown,32,533
571,157.47889962656896,136.14058875425496,50.9645916539627,rainy,1,22,fulani,55,289
733,153.1586449443164,117.0245316350879,50.57912326592135,dry,4,3,sasso,96,315
1193,129.1103121106444,149.877272085955,65.15704444209808,dry,3,21,fulani,82,499
1425,152.81467958905446,146.74175155518213,66.8733339424355,rainy,0,3,shika_brown,96,583
771,122.58857156568317,139.44759408869817,67.30246659707194,rainy,4,5,other,22,559
1069,144.81500370312784,93.77417856730415,48.138100295232846,dry,3,9,other,93,445
832,100.96481820911873,192.5207406083857,53.370612608941904,rainy,1,7,shika_brown,63,524
1264,147.0076450881911,199.4004420372626,62.19437901344828,dry,4,5,fulani,97,506
1847,104.43622130182962,70.99877761497847,73.11606839592322,rainy,2,12,noiler,63,1061
917,155.79232148292618,105.91946201747669,35.50217758531625,rainy,1,5,other,31,552
336,107.56784229941181,176.50839034136914,60.03027395391783,rainy,3,3,fulani,78,155
1537,153.6229013922729,113.5871316433566,31.984026709404667,rainy,1,19,noiler,57,928
1658,127.4629406117331,145.09333888451866,71.15607118598732,dry,1,15,other,95,761
1043,148.530614294315,61.74935652830376,62.868368516229815,rainy,4,15,noiler,86,524
1518,135.51083564888233,161.71431997251636,39.87735489089205,dry,1,9,sasso,83,814
1636,104.02655618117684,78.39751089545139,57.26284969573594,dry,4,22,shika_brown,79,794
1296,139.569163525841,72.53138725805199,74.51833094890497,dry,4,24,other,18,749
1222,112.16352331332926,64.94366580874434,30.49441592763217,dry,4,24,fulani,61,512
920,109.8665498417109,179.9004477304947,34.90410227030264,rainy,4,19,noiler,20,736
1417,113.07276483757511,121.73119160961119,56.54295333571859,dry,1,23,other,53,782
1582,148.84229437087015,159.82852428426173,44.975135422900514,rainy,4,4,shika_brown,73,840
1074,104.87650472849487,77.96091339544384,32.051700562296524,rainy,3,14,fulani,28,686
914,137.45016642015565,195.64702156458463,60.75490199116115,rainy,3,23,fulani,29,568
484,132.8087052234783,78.9203624305338,54.977706365014086,rainy,3,4,noiler,98,301
1589,111.28300385597746,141.65723219745135,76.42496333625508,dry,4,15,fulani,75,679
705,139.6448259025534,87.39780313315143,30.161937942640016,rainy,3,15,fulani,96,321
1106,125.96730595313878,135.4404716503036,65.93139517099763,rainy,0,14,noiler,48,759
799,108.2682464588165,196.95428567601436,45.20770776663361,dry,4,8,sasso,27,615
1440,141.68122639428825,109.84904725665436,48.681522765472,rainy,4,23,other,53,897
771,101.19343050562686,107.77507277783351,71.05419756028645,rainy,2,1,shika_brown,84,363
303,109.65745609200238,98.31887047094148,63.30701712322846,rainy,0,24,fulani,39,163
1433,156.7198414921401,145.3038705771647,49.3575182697614,dry,4,19,shika_brown,45,875
1509,114.78675120784635,122.43883727111987,51.11202666304071,rainy,3,0,sasso,60,855
1053,158.43010066991695,82.29167323398704,69.46516628048423,rainy,2,4,sasso,47,651
773,100.68373537857761,169.66588414057102,36.89888176772666,rainy,4,2,other,48,502
634,111.47376018434629,96.39796305661599,73.58987293971626,rainy,0,20,other,67,331
582,141.09755492319027,180.5208310161857,41.881945799387076,rainy,4,16,noiler,53,454
978,134.59399710158502,199.39516153385293,31.32667371329448,dry,3,5,fulani,43,578
391,149.63324411003128,172.75212753243494,78.12436458796526,dry,0,7,fulani,93,156
1237,151.439463958962,150.92805075196597,52.91001111729072,rainy,0,9,shika_brown,32,784
1225,115.3086784637969,170.97190507178868,54.882549466405806,rainy,1,9,shika_brown,73,746
1208,141.0871394244634,161.61161892964512,40.82465398939149,rainy,4,22,other,89,582
1632,101.59047064879869,149.34763386158662,73.08487999530891,dry,2,3,shika_brown,31,1091
1436,140.9304148128265,180.54907726915744,41.13124376108037,dry,4,13,other,60,781
663,154.98720275085032,81.72192193191952,41.2206909925857,dry,4,22,noiler,53,385
1630,115.17763879487269,90.73887548568075,31.052688153705226,dry,4,8,noiler,28,1060
1322,103.79042355967644,108.6348426411855,35.484834727150634,dry,1,11,shika_brown,57,799
1433,150.51743816949738,70.18000609469706,64.66098474099039,dry,1,22,noiler,20,939
1587,110.53327416737662,150.6008558242571,75.98667042870636,dry,4,9,noiler,21,1150
1207,155.4130883118617,141.38327400089688,63.34734996192141,rainy,1,9,fulani,30,684
1255,121.26247575269542,140.78154026977032,45.82330000718517,dry,4,15,other,42,815
412,119.13981663588987,97.15024078443365,65.74297195185991,dry,0,11,noiler,89,192
439,111.96773401109962,163.5213459834539,76.25623304723268,rainy,0,11,sasso,90,222
1704,107.79590088610288,132.6202965295561,37.48703294192178,dry,4,17,shika_brown,73,845
1139,110.91347221794355,149.75847210176968,51.652534539566325,rainy,0,16,noiler,75,639
926,140.9106941630489,161.91481743136393,52.2235829489403,rainy,1,17,shika_brown,23,703
1110,103.99096904333884,83.03200393041944,65.65584468334637,dry,2,24,other,97,459
695,155.6484846697365,66.00066787631754,57.5631794004336,rainy,2,15,shika_brown,56,404
1372,118.69881738545577,71.86512621431393,35.67528294747579,rainy,4,21,noiler,94,700
1102,156.71950729450657,135.42993960622448,45.01130666464813,dry,4,16,noiler,53,612
900,139.5800989014522,135.2632986924128,30.34722763744685,dry,3,15,shika_brown,19,620
906,158.1583468598846,140.46524705481426,44.3408493243479,rainy,3,24,shika_brown,58,580
536,108.61854259902925,180.76908193842,54.30803172654971,rainy,4,10,shika_brown,98,302
573,124.54885428598907,122.93086960305646,36.700784049296544,rainy,2,18,noiler,36,492
1011,159.60261418822537,137.79469504867313,70.72916149569431,rainy,1,9,shika_brown,89,480
744,100.1406123907952,111.89169310988432,77.59720277117617,rainy,0,2,shika_brown,28,431
1728,139.13875015131322,110.09993325760439,58.37648346424709,dry,1,16,shika_brown,59,1048
713,120.86105066816853,199.60581160468794,73.05218309334103,rainy,1,24,sasso,48,551
1076,114.56492800031353,160.17425488000504,52.85937111547081,dry,4,0,sasso,50,636
980,102.88244155398493,79.08074580308495,72.26575305960628,rainy,3,18,fulani,44,596
714,144.60888591405882,176.1937439879377,55.793275650995724,rainy,0,13,noiler,57,401
715,144.379061525716,147.79120434967467,54.087036963457166,rainy,1,1,sasso,26,510
1148,146.67231361800017,165.63220861913794,62.05553156860154,dry,2,19,shika_brown,65,704
1873,100.44707226196176,111.27813189530994,77.22240796732493,rainy,3,12,other,60,855
1652,149.4709361355773,146.72471165223718,31.918820119880916,dry,2,3,fulani,51,748
990,151.31421626308259,167.48618315010378,33.903745759367496,dry,3,9,noiler,55,590
1828,139.9652777011387,108.21331768273889,42.1250357441686,rainy,1,8,other,74,806
920,106.992830770504,148.76117851343116,74.83611915067908,dry,3,4,sasso,21,668
982,102.42717563840542,193.87467199817144,74.7038080895648,dry,1,0,sasso,82,405
675,106.19635200534933,141.75796394706032,73.35765753013351,dry,3,11,fulani,39,374
719,151.03333130143253,111.88776559153797,43.472866331954194,dry,4,17,other,50,365
1983,122.76765053421128,199.6227087724841,59.56957098018191,rainy,4,1,noiler,99,1002
1151,104.25020026020213,70.60293839754864,73.53003224401778,dry,1,1,noiler,87,491
1804,111.10259585659938,102.65571247449944,77.479961777873,rainy,3,24,sasso,22,1408
1086,151.89544204362642,152.29512142151094,55.93028881130773,rainy,3,2,other,91,512
1952,140.62894909995305,116.21696049829497,34.74344334355057,dry,0,7,noiler,66,966
961,138.37457587276026,89.43006467584198,72.97607783238037,dry,4,20,sasso,55,637
1048,121.656847065192,96.73314375426007,79.12028506055037,dry,0,13,other,33,606
1693,133.22241382031882,109.89751006887792,73.5394451806456,dry,2,10,sasso,61,926
1557,138.97941581174268,101.66536613426925,46.07205026194051,dry,4,20,sasso,94,650
1772,149.8684517683639,194.3982096016681,38.28236522595154,rainy,1,3,shika_brown,41,1198
1899,117.84311548465524,88.58043157853476,58.2914792656595,rainy,4,1,noiler,29,1285
745,118.71929249556132,178.3393493948134,45.12537334664968,rainy,1,19,other,60,457
414,142.96446359370003,64.8326716336614,35.31478831913779,dry,2,14,sasso,77,214
524,121.53149766822682,72.36362051324522,49.64907532997113,rainy,0,4,shika_brown,77,261
1273,159.5395376197873,182.89475761127483,40.909278566736,rainy,3,17,fulani,40,666
1020,122.9480851117317,75.07839390693862,68.24466815182191,rainy,4,2,other,40,650
861,147.27317105568167,198.01284246286906,72.71130340964378,dry,4,23,sasso,95,405
455,120.2649461066998,83.6392210017254,34.439703082158886,dry,4,2,other,45,271
1873,133.37369916068627,159.58944774619766,36.72227926389634,dry,3,18,shika_brown,94,905
855,153.1816492320193,122.61089125939247,61.101150552244306,dry,3,6,noiler,64,471
878,104.65872864250618,89.05423549159036,35.481976502852646,dry,4,11,other,94,371
738,114.00508782345602,149.4994610719287,56.65099177354633,dry,0,1,fulani,72,295
1978,103.70710142996944,141.02492321731137,59.23662298301697,rainy,1,0,fulani,25,1057
723,148.60610139876502,192.01714009866313,67.96467884160415,rainy,3,9,fulani,51,411
1161,158.70850506151558,151.00554366807899,74.61515773629897,rainy,2,12,sasso,88,540
906,112.82040445292388,107.70473022791485,56.70441448452026,dry,4,18,noiler,34,697
1981,152.89262274802843,174.76757664073313,38.51970877790668,dry,0,18,other,64,792
1651,118.72729184941394,148.08485445205778,76.93238699682618,dry,0,10,sasso,31,940
600,138.26458071712858,130.7276905685777,41.12485074101991,rainy,4,7,fulani,54,317
783,114.41767149329796,172.78879698886914,76.90810208064221,rainy,2,9,noiler,20,622
1270,145.6499847545952,100.53589473202352,37.179474149998605,dry,4,19,fulani,46,604
1437,140.8851167915881,121.03300147665203,53.49540889171131,dry,2,16,sasso,57,866
1272,124.67757615030233,110.69212413931497,78.91150185639033,rainy,0,1,fulani,73,509
1911,109.49143461093239,159.1678650541719,30.994664262407813,dry,3,11,fulani,28,1010
1481,150.28383121662716,175.47473475093022,68.16786056984498,dry,3,3,noiler,44,980
864,129.58141552243487,69.40078879279858,78.76315571086928,rainy,2,5,other,46,500
1078,106.50046755788962,98.22503316148746,59.02048680502067,rainy,3,4,noiler,24,899
1117,120.59997843936914,184.48680802999834,41.33865432163002,dry,0,1,shika_brown,97,447
1276,106.84446339577508,111.47547074270678,33.82648685384817,dry,3,4,other,38,791
1362,116.4392304791213,150.14229473086453,76.09659737159578,dry,4,3,other,72,588
1563,121.80319195382371,152.53159346063006,74.72798041733743,dry,2,21,noiler,56,1077
770,124.94300254629412,155.83988883302612,49.872555772898565,rainy,3,15,sasso,79,442
1271,101.74722002019558,66.53206556021615,55.468186797355706,rainy,1,6,fulani,36,675
452,110.94775641888242,76.75379788084001,73.51802420684712,dry,4,9,noiler,55,286
1476,110.21909346274836,101.25744882988643,57.31004482329263,dry,0,7,fulani,53,601
1865,152.75465396390035,107.07197713238945,38.627721305204304,dry,4,17,shika_brown,67,941
1940,153.3563853828232,171.67482176916002,41.67248700715951,rainy,0,2,noiler,21,1163
358,102.25641804028047,115.86701242335278,49.646014708554745,dry,0,3,fulani,51,154
388,157.90042792878234,61.627350386366146,54.39784282922594,dry,3,14,shika_brown,47,221
759,108.2801889200642,89.68289677461685,33.916402805932144,rainy,3,5,shika_brown,31,519
932,118.25871213434726,77.31426100515174,71.11792026732374,rainy,1,6,sasso,81,517
1691,108.99835403799347,172.03073146922176,48.926435206335825,dry,2,20,other,76,917
613,133.8301923560302,186.29165045681242,54.46375932514707,rainy,0,10,fulani,63,262
1450,154.9327830351107,141.117028175151,37.714791927321386,dry,2,8,sasso,63,771
1595,133.33170991148208,155.99894663976056,78.97980893713179,rainy,1,7,other,41,1078
1185,111.33325578748094,114.56936090564699,57.865367122934344,rainy,3,3,other,51,714
431,117.92479931268085,143.80478912783047,38.963447929638754,rainy,4,7,other,51,287
731,147.73918457843843,158.99719160013638,42.49063071710698,rainy,2,14,other,73,348
1349,129.90471751095106,149.8583319634527,42.5069412989128,dry,3,20,fulani,40,751
807,126.52955417709589,180.17106605264863,32.367650087225456,rainy,4,16,noiler,77,479
895,142.27969556522623,84.95511887743436,74.00466379797386,dry,3,6,shika_brown,26,596
368,138.51466148200387,122.88609486090516,47.73020268793822,rainy,0,17,noiler,92,185
781,140.96526803291624,176.30618465237785,71.601273346375,dry,4,19,fulani,51,423
353,153.3816611863112,82.35352289720129,53.24597078343513,rainy,0,16,other,69,149
955,128.70258001423682,131.9806093618611,74.87390535082213,rainy,4,15,shika_brown,36,725
1514,142.3127701412666,136.62264455866995,73.37991389184606,dry,4,13,shika_brown,35,1058
381,105.63688490498856,151.79821218599142,49.48529342673821,rainy,3,21,sasso,22,313
1640,114.22829468796665,70.53806651578506,32.777660433477855,dry,4,15,sasso,22,1141
1849,123.17491807033946,109.39641045324122,63.96079974216739,dry,4,3,noiler,49,1264
1688,150.3486820464646,151.612767112942,36.202669366450195,dry,1,12,fulani,38,741
416,149.53153841000832,184.84832499464343,71.92726826002519,dry,2,19,sasso,60,235
1910,155.6936721495662,62.43054929698488,34.109300672953125,rainy,1,13,other,49,811
1502,124.4456905905115,125.22496733789123,68.16514984348164,dry,1,18,sasso,43,981
1855,107.91035925271319,146.19443155241188,58.20102647438853,dry,0,13,fulani,67,742
1438,153.81920335233713,121.84068630500312,51.35485365903619,dry,3,1,other,25,752
1582,114.29333985223191,180.8329169737223,75.14322551551416,rainy,0,10,noiler,35,1131
1688,143.4638179120294,92.320408218777,36.27932014860261,rainy,2,22,shika_brown,88,822
1952,152.7048494202991,124.86768742322681,62.70773249249639,rainy,2,11,sasso,27,1387
1785,147.70891645894588,78.62320658021403,69.33109608576794,dry,1,5,shika_brown,24,994
1343,122.87582270868435,111.56583571432276,54.02489591754966,dry,3,16,sasso,37,977
1200,120.89464177167848,182.3501402075404,59.25579018950154,dry,1,16,noiler,42,913
1309,133.6122090897369,183.37974088066997,49.08761153901118,dry,1,0,sasso,55,734
827,136.2759140179539,198.56017229626138,32.910536598751804,rainy,3,8,shika_brown,20,632
1930,154.8206854400836,176.08966360821898,76.12063227973033,dry,4,4,noiler,23,1199
353,109.75726317648446,105.9708204644523,50.86369259061295,dry,0,21,shika_brown,54,188
1690,137.21108216872886,149.84911012904797,68.43303193243771,dry,0,3,fulani,27,811
1875,115.2823569324074,197.32381982533622,47.873824338536636,rainy,1,5,other,50,1218
828,152.8295979575087,180.71083839952672,67.78286203737036,dry,0,15,other,44,416
1431,119.06249626068319,94.2745192367299,38.58338092079268,dry,1,8,sasso,65,835
1005,106.26023196107153,101.7633735247995,53.776425788504184,dry,3,3,sasso,50,659
699,138.06619081990198,62.57951482212148,55.32792607299294,dry,3,0,shika_brown,98,280
1244,144.7230546240818,155.67571303191914,44.91836776946885,rainy,3,23,other,50,847
965,136.53492089386745,186.18782136827178,39.512134443166545,dry,3,4,shika_brown,29,658
1457,145.35971087833425,153.06889285916768,37.78293179648451,rainy,0,7,other,65,648
1849,149.71133021240541,194.75954918414982,40.66528366815068,dry,4,6,shika_brown,22,1110
1989,112.52775547406871,103.71828438472787,56.044928837494226,rainy,0,1,shika_brown,35,1140
1004,147.54918983513264,177.742548441327,31.097605288143743,dry,1,22,fulani,51,458
1264,107.56677705445377,175.44948249686814,63.61106494931932,rainy,0,2,sasso,78,578
1712,122.86809294987604,197.06348147144712,54.47815179073208,dry,4,17,other,78,728
530,134.51980801754814,163.07553078044901,40.87295059974217,rainy,2,3,fulani,26,324
1767,118.34747608569168,160.73096618725089,78.40905738608788,rainy,2,9,other,44,1171
380,152.99195721406443,186.02416102944562,36.09805583643487,rainy,3,16,fulani,83,152
1322,137.58673139830762,169.17333226866882,60.553510101535274,rainy,1,19,shika_brown,42,1042
1906,143.89876895776098,117.57086229843833,63.7025046435391,rainy,4,10,sasso,38,1411
859,111.68574417929374,117.11094859684368,58.25881829717271,dry,4,21,other,93,404
1212,102.00367349810966,73.48084602299895,61.85503458917208,dry,2,10,noiler,60,747
1165,105.27384898592038,160.93003979010462,63.88871615281423,rainy,2,15,sasso,86,646
446,111.28209505560996,150.9027424617609,51.71937245916523,rainy,2,2,other,85,211
815,100.1287925366884,162.1429371271291,71.15695837702378,rainy,4,6,noiler,88,472
1838,154.83663896854102,62.20336590794293,32.461229869634835,rainy,1,9,other,58,877
1662,111.05256609128827,64.78094899972062,43.94155434477646,rainy,4,20,fulani,82,665
1310,149.2037278450353,78.87751683584611,63.96449832403674,rainy,1,21,shika_brown,75,634
326,112.3826429982808,109.7741895360897,77.34557881649394,dry,0,22,noiler,85,140
1274,120.00348375676617,72.4033472254057,52.19204713501962,rainy,1,9,shika_brown,68,757
1822,119.71897140505692,117.5465444283162,56.326101373242025,rainy,4,21,sasso,49,1322
1509,117.38804711343111,106.6928962177123,66.63103405107172,dry,2,7,sasso,81,724
852,105.26825721166102,142.44826599620814,32.45044418629377,rainy,2,2,fulani,22,468
1818,103.64756238013513,61.58945792702027,47.121576463865374,dry,3,21,noiler,75,830
1035,115.97409285469554,158.49923396526307,35.437451837914544,dry,0,12,sasso,18,620
705,149.24466885770605,104.51195113962174,56.57525834052543,rainy,0,5,fulani,19,324
985,111.38486458990845,172.34605929692052,48.37869523220236,rainy,0,3,other,44,573
612,149.36825750028913,87.06655703906227,75.36499143751911,dry,1,14,shika_brown,29,387
1174,135.90963726362287,133.3292962962402,40.86630616628599,dry,4,10,other,37,817
342,145.22694474602568,189.8281104626588,46.51489520670594,rainy,2,5,sasso,83,175
1263,115.32155656622128,165.73227597158376,33.17025348651063,dry,4,3,other,76,588
880,147.39921478623074,78.87691284616344,47.35608785296304,rainy,2,0,noiler,86,447
1334,142.85218106495464,76.40738321515603,77.39516899549722,rainy,0,0,fulani,35,537
1836,146.77521587997566,161.18367933220225,57.33221741545638,dry,2,10,noiler,57,1150
383,132.47424756452813,98.59241275746078,76.58825672265829,dry,0,7,fulani,27,179
664,108.14403501344081,93.71620107033164,66.69794740581301,dry,4,2,other,58,337
1227,130.00419145749257,99.70813816079529,38.57365826121432,dry,4,7,other,89,500
476,155.82264484340953,127.11703311965762,44.40985327480839,rainy,2,12,fulani,68,206
1413,125.00420112939682,197.67181658014695,61.29188463259342,dry,3,5,fulani,58,656
1814,100.02310904484314,123.19696406137314,44.687635277851285,rainy,2,2,shika_brown,33,1209
1154,126.12166581621709,103.38210500098862,79.53792767910278,dry,2,7,shika_brown,48,700
1954,119.88675178315606,115.61892337915381,75.85506369191094,rainy,3,23,shika_brown,41,1388
1988,141.66169899084682,174.83583117500746,78.37893605960018,rainy,4,23,noiler,27,1563
1333,146.50221695506724,143.6878739309767,44.553306498521174,rainy,0,14,shika_brown,31,834
1143,106.18787053618797,175.42179510378273,60.53140582914341,dry,1,22,sasso,80,627
579,101.00503079372837,194.37492367021207,30.610644678009702,rainy,4,23,sasso,78,342
1775,112.81209172619708,158.06553006952896,61.879108757408865,rainy,0,6,other,81,710
1987,144.3067501818241,164.9229827027699,38.335225698280595,rainy,1,14,noiler,50,1382
651,148.78368054618932,117.00864122083787,70.84714664565244,dry,1,15,sasso,28,410
889,107.82486133606345,141.89914614699086,45.101206828440155,rainy,0,23,sasso,44,676
1322,154.62065515647078,104.11170658412732,32.519903165055744,dry,4,10,fulani,85,529
539,107.7138989967085,157.4998146387079,72.98929353499544,dry,1,6,fulani,75,217
1205,153.77880680003824,67.07541141980438,73.92769863888395,dry,4,17,fulani,21,576
396,138.3112823213938,197.5959619631426,38.33058967319595,dry,1,13,sasso,37,275
513,148.23934405876935,189.20217745690167,50.17210971763477,rainy,4,17,sasso,40,372
1034,112.08562106717059,83.91042324807495,73.80239102304097,dry,4,6,noiler,40,759
1154,126.60710528436138,126.04680021674852,57.299469760240484,dry,1,8,noiler,70,637
1845,142.23014402003204,107.59211777440291,79.2424333407655,dry,3,18,other,88,766
1595,153.74379013770087,112.60265417933695,75.33533407491939,rainy,3,9,noiler,94,770
1242,126.34698348481699,194.66282845029014,78.365723627184,dry,1,11,sasso,41,834
834,126.26399628643142,82.95097759865371,75.28179234719359,dry,1,3,other,43,482
1364,149.70471626502163,106.81794799030877,71.78831650287862,rainy,2,7,fulani,23,674
411,139.01844889814328,62.49574833693083,63.3701586126617,rainy,2,8,shika_brown,73,253
703,148.55636969521393,199.95054036106038,57.0304628500244,rainy,0,7,other,48,352
935,124.31407311899758,133.58654051847702,46.20546648752608,rainy,3,12,other,43,692
1548,101.03256896626955,108.92503105596172,74.63325962434358,rainy,1,14,shika_brown,46,1053
966,129.7022498316594,197.87597185750866,32.02101496274117,dry,3,22,shika_brown,97,449
428,129.61947526098274,95.81247797389354,78.12245130107178,dry,0,16,sasso,52,228
912,156.8317196256069,142.13048015016147,74.78495477349009,rainy,1,0,fulani,86,365
1827,123.24631084645966,77.26122522853129,51.77477771384122,dry,3,2,shika_brown,76,844
952,109.78005350555179,144.9052918590814,54.115050855207485,dry,1,16,noiler,40,719
535,123.13007171039382,103.06861789224766,60.742060420489324,rainy,4,6,sasso,86,325
1358,147.16054004569642,190.43410051288816,48.25607390855572,rainy,0,18,noiler,30,889
1419,118.35512644415293,183.35719667388918,36.77696126889505,rainy,0,11,noiler,27,1025
1257,142.29178118883823,88.73364395605421,74.10627585666927,dry,1,18,sasso,49,795
1997,119.78849365815887,145.44942724460304,32.71329611039689,rainy,4,18,shika_brown,92,1072
878,128.3975270136577,95.88596732703962,40.62667883321797,rainy,0,20,fulani,35,511
550,109.33235815399597,158.78722182353158,45.160045306372396,dry,2,1,fulani,84,220
1153,103.94854514352667,181.47529535384353,61.61888918153505,dry,2,1,sasso,72,587
1633,101.94902759964938,66.46270535109326,60.737478192827794,rainy,2,6,sasso,68,980
1233,146.67440319282773,179.28160537975344,73.60738144597326,dry,1,14,noiler,27,896
1284,103.1911241918207,99.54266978649127,77.45240677607097,dry,0,1,other,93,514
1642,112.6821532068146,136.941538755589,73.04010407319466,rainy,0,6,sasso,79,797
1699,141.32573268982296,100.2952581620739,37.67286514734955,rainy,1,10,noiler,40,1238
979,151.5063550723441,84.95507237542371,72.18947150315675,dry,1,21,noiler,51,568
1772,138.21340532498485,178.72446338984713,63.46943608091684,rainy,2,13,other,44,1220
1976,125.52562278716843,180.44522778344538,30.15821947349189,dry,1,1,noiler,91,857
966,152.13516351850996,98.95822351995965,52.08454969156681,rainy,3,1,fulani,92,386
1189,147.57955484266435,149.444813592459,43.65460481278028,rainy,4,11,shika_brown,91,626
1446,156.71712115260516,82.95825318434737,50.11844650176294,rainy,1,10,fulani,60,653
1153,101.21454813820523,107.27698299928801,71.60583259917706,rainy,1,10,shika_brown,89,615
1786,127.2886588477666,68.09981786700567,58.3847708464851,dry,4,8,other,36,959
549,138.56092361946992,141.44017781588897,54.750517661640224,rainy,1,1,noiler,60,368
1804,120.02253168564609,98.95236624112684,46.979663752927806,rainy,2,18,sasso,68,1049
811,111.9494462040336,174.68036005211553,77.01240527909607,rainy,1,15,noiler,57,580
1557,152.8466754030668,153.18141879065456,34.2206298688682,dry,4,2,other,66,668
669,103.8297030568971,64.5388258806748,37.30039299745897,rainy,3,24,fulani,40,394
1987,159.7157760142644,111.05420750146806,43.25496641334038,rainy,3,8,other,58,829
1812,128.48282787539378,183.82116372178422,54.19823919408575,dry,1,22,sasso,58,1152
1333,118.99083803035197,198.87648598324657,48.04132627722328,rainy,4,13,fulani,86,621
796,137.7008585107864,92.51569800883075,70.8963763472884,dry,4,17,shika_brown,30,625
1004,146.50749929699285,111.83424736921953,72.7481993605277,rainy,2,20,other,35,653
881,152.11669551028774,133.5170217701508,64.13999250608339,dry,2,20,other,48,501
1880,153.33363232996766,159.4208252639816,73.84502969911802,dry,4,15,sasso,95,828
1048,144.92812501903333,165.05425917841632,38.49957710421848,dry,4,0,noiler,26,594
1590,105.19552311421154,123.40642195543734,44.50386349072068,rainy,1,3,sasso,46,1140
1283,135.03724096122818,99.05536373094085,63.823192739482366,rainy,4,10,shika_brown,97,682
1044,139.51863647601644,66.98383596628975,69.76066848074308,dry,4,10,sasso,59,613
1737,122.55780246941103,132.52395104813002,57.28784660766842,dry,0,0,noiler,82,695
1225,140.52324998849434,125.12015735357822,49.72945172670683,dry,3,20,sasso,33,898
399,113.23098509203956,90.06241116351545,78.53412080443198,rainy,2,21,shika_brown,73,207
836,102.64757407741673,113.42535392822813,37.93958940674578,dry,4,0,sasso,22,521
1028,103.08551349638714,193.51562099268406,46.47495219610252,dry,4,20,noiler,70,603
1608,127.42449931573807,171.5138461391594,32.945628100775004,rainy,0,23,noiler,53,892
1991,107.7070823450321,101.89857144110007,72.94808404006827,rainy,0,8,noiler,18,1156
821,121.9120718681601,90.71839602342084,62.27965634401351,dry,1,13,other,22,484
1224,130.71381005289908,129.8854822509009,52.53065818231167,dry,3,4,noiler,53,815
884,154.91431717755816,83.70767608408542,63.809488621262894,dry,1,21,other,34,449
1515,130.1188130143251,101.63391663917645,32.66354099605164,rainy,1,14,fulani,33,820
1366,148.26401838278466,83.58274526369485,51.844664712065594,dry,4,13,other,86,567
769,150.7332141646017,126.39201380170107,62.02500311615361,dry,0,15,other,43,350
1321,116.74063337980405,188.77100782456475,32.89172842347601,dry,1,23,other,72,551
956,150.28288439527194,139.81607250671493,31.581428042873917,dry,0,2,sasso,90,382
1644,142.91241053343882,134.74483517717485,39.46698322383612,dry,1,6,noiler,27,1062
1899,155.8250253117947,131.09380174185273,69.53230012854016,rainy,4,10,noiler,44,1192
743,153.6600076265135,185.06023079964842,44.06256441887284,rainy,2,14,sasso,41,579
1557,153.80788404571294,145.4518024907687,60.22639951907743,rainy,2,10,fulani,86,623
358,128.4620755999698,110.3357538993844,39.068633117256596,dry,4,19,other,50,223
532,111.67766729222078,169.17365352071005,58.92749410491224,dry,1,23,sasso,83,246
1673,101.54406528382025,188.17064531447778,78.22787842063642,rainy,4,15,shika_brown,24,1234
998,120.5996757075605,96.00030272542983,52.490725321099234,rainy,1,16,sasso,21,787
1438,139.84779544691975,198.38346685764358,30.240884130627382,dry,2,4,other,89,585
1239,147.74595466525614,179.431021997952,71.82597804440371,dry,0,22,shika_brown,59,626
1777,113.71932696031683,80.50626050600061,49.62872901175798,dry,4,8,other,77,723
1144,113.36284946037196,110.70266159600837,38.30756039711612,dry,0,21,other,76,536
616,152.83895240560608,155.87433795365155,63.79401248682663,dry,3,7,fulani,34,318
924,147.71433881773916,108.45247756663966,53.34863786307666,rainy,1,9,other,82,435
565,145.67295358229228,173.33933955594028,43.22391435767257,rainy,2,4,fulani,27,333
1884,127.5261518136771,86.23808570864047,73.73598270887884,rainy,4,8,shika_brown,38,1343
1655,119.35769584169486,145.7887319115659,56.62137232964153,dry,4,21,shika_brown,70,1097
905,145.56924593575195,169.54592521848483,43.831912812015,dry,0,8,shika_brown,67,435
1943,131.54008181924112,63.25469308199311,70.10184156876184,rainy,0,17,fulani,34,902
707,156.3067662290485,178.8852339091599,78.1409015296365,rainy,2,23,noiler,81,326
1871,116.27050278442223,119.903622657705,60.49204855813683,dry,1,8,shika_brown,62,1092
1819,110.97555755567926,144.75542123901647,44.782717019692505,rainy,0,22,shika_brown,76,806
1371,146.18395271964184,63.94769083341326,32.99888584510107,rainy,1,21,other,25,740
1971,112.56862600457643,100.02830294926717,71.61020422002402,rainy,0,13,other,50,1016
819,129.48442573710327,124.28013099088572,50.63134641880742,dry,4,16,other,51,479
1454,103.91962876328924,74.042216528685,32.7151400520824,dry,2,21,shika_brown,82,582
1311,159.38405475413094,148.02833360285575,70.97277814718727,dry,1,16,shika_brown,44,753
346,112.8238893025425,136.66856562098653,78.33251935826695,rainy,1,15,other,47,215
1324,120.6620576906646,138.86476440245403,49.89719904850565,dry,3,22,fulani,65,578
1709,143.46227591948065,74.93254196782677,56.60669950260551,rainy,1,4,noiler,58,1139
666,116.20727644678122,135.20180675615015,39.677708264813056,dry,1,24,sasso,90,321
408,145.1402312865967,65.33804258618821,41.16914230784705,dry,1,2,fulani,42,233
494,156.47600247559652,179.8370438815671,43.29267820602044,dry,4,21,other,67,198
1008,117.51534227367844,116.980734640957,71.2499225122759,dry,2,6,sasso,53,683
1169,149.1048291202369,179.77185342635096,71.14635139756052,rainy,2,5,shika_brown,73,684
1313,125.80433632411663,196.28522317853063,48.695152404593244,dry,4,16,sasso,96,788
673,151.60801885060135,131.2768963775718,58.108745050797175,dry,2,16,noiler,67,362
1572,124.3722538841257,72.76892847397724,37.517598033433664,rainy,0,12,other,89,629
1123,101.39093332027933,182.07683538352214,79.60402441505488,rainy,0,7,sasso,22,710
1811,137.88899704545727,92.14398049844073,58.83349172801863,dry,2,17,other,77,776
1622,115.80538394443946,62.204243636429084,35.16409266031661,rainy,0,18,sasso,20,862
1945,121.10831272882874,72.28037936293426,35.11491780782202,rainy,3,14,other,25,1085
364,120.23610326201171,121.66580604173903,65.4779888973217,dry,4,1,sasso,44,234
1873,157.6308078575313,90.48251826323933,71.32021753674047,dry,4,12,fulani,21,888
738,103.36578796482836,65.00856053381511,62.29466624006844,dry,4,11,noiler,90,358
1856,146.57297503593736,101.94859843370551,71.3935991140213,dry,2,0,shika_brown,40,955
906,148.112369132294,130.71039352670243,53.18555019142163,rainy,0,0,other,87,362
1572,141.87075537035807,192.63903893023857,53.571658021499,rainy,0,10,noiler,34,1096
551,121.88001167248879,61.334464029961694,33.75142189824191,rainy,0,12,noiler,44,367
927,116.16514597476922,172.38152873998462,30.83421267876685,rainy,1,3,fulani,75,435
1962,148.99121322304694,196.18387115621155,73.83050689366056,rainy,2,22,shika_brown,87,944
1511,152.56111998215954,150.4092085721495,62.36250517811208,rainy,0,4,sasso,26,851
1954,144.51669538245196,101.33342048166497,70.5628156062366,rainy,1,13,fulani,22,1067
452,145.2313981293062,123.51120245836171,55.574279814865754,dry,0,3,other,73,181
1229,147.69595020800006,181.08318880044288,53.315895289323905,dry,0,18,fulani,46,630
354,140.84510420559124,122.16129659937015,44.757342754124565,rainy,4,12,fulani,96,142
1299,115.61419114802231,64.46965643938495,71.4168082791998,rainy,4,8,sasso,18,949
753,128.83986863328002,112.49101131102493,46.6261584390669,dry,2,13,fulani,69,301
1862,113.99813687054251,92.86726569085823,45.111303497917184,rainy,4,7,other,83,794
317,119.53631664929446,94.4610518120384,40.216095852048326,rainy,4,7,fulani,47,175
885,111.60695220598282,187.56341876704113,52.46764311610619,dry,2,24,noiler,59,641
1838,101.86885618449213,103.0768411001738,72.36632566923547,rainy,2,17,sasso,25,1387
505,142.2512805475665,93.31425328813464,75.05183486456764,rainy,1,19,fulani,32,313
1895,145.7441653851469,105.95763393051874,49.24749063525995,dry,2,14,noiler,46,1185
1033,158.5858325184177,188.87469342879976,51.31474497453337,dry,3,11,noiler,53,600
359,106.895712993574,131.08369237733385,56.60559287890767,dry,4,15,other,45,228
1465,144.84600327943548,177.84385861344015,33.64961174146616,rainy,0,13,shika_brown,21,791
1114,127.13483679056598,75.95478682476222,47.21325075749213,dry,3,15,noiler,91,560
763,143.7953218665214,111.07454090932956,62.53333684325577,dry,0,23,sasso,36,475
1973,152.37051870423045,85.09578668558768,68.92138737109036,dry,0,0,noiler,80,789
1020,120.93954420793767,186.08213694757288,38.42074312604812,rainy,3,24,other,22,695
888,106.0473500487494,158.60388755078807,79.12664561806696,dry,4,23,noiler,36,637
1977,108.2439134232031,106.49310728622332,69.94102993331188,dry,3,22,fulani,23,1033
801,132.8063313875839,153.81918501445776,63.49586945088023,rainy,2,15,shika_brown,21,642
1214,142.55416426477862,190.05337408038724,67.52183888026191,dry,1,14,sasso,50,795
1798,152.42168263571315,82.39551023397999,79.3260220088496,dry,3,20,shika_brown,32,927
339,143.73556291471644,79.86769552960084,50.446686545718876,rainy,2,22,other,83,170
1965,104.71957379510276,142.34867515260578,69.00005180245293,dry,2,7,sasso,96,894
490,140.02120263654103,62.629295095967066,70.6331742110244,dry,2,24,sasso,55,343
1890,127.59360762815277,190.0863927072309,51.88737779363295,dry,4,15,noiler,98,1042
1995,152.93301605338803,106.43791682363003,78.62285488962988,rainy,3,7,shika_brown,56,1020
1408,125.74825741366894,67.8581333107224,47.01456968251147,dry,0,21,other,40,662
1733,123.04017171531177,190.70807229340025,60.53092646146854,rainy,1,20,sasso,57,1206
390,153.53878434354135,160.28480940109753,69.16999331891307,dry,3,0,noiler,23,210
414,114.9218235050616,190.68606733183134,38.987893679841605,dry,0,18,other,79,166
1415,137.93148999434106,117.13068389422762,53.873023319848734,rainy,4,13,shika_brown,42,1134
1836,142.56290126149187,199.1391808664441,44.70277513331598,rainy,2,13,noiler,69,1207
1061,154.23020965766918,191.87685089212275,49.8034906656638,rainy,3,1,sasso,23,688
487,131.55224998046754,176.3517207817883,78.80927961595586,dry,4,24,fulani,82,195
722,148.5179263647215,158.9371854789949,73.1421858051056,dry,4,17,fulani,47,339
1464,136.89245738190013,147.28457930468176,58.650289637190696,rainy,3,17,fulani,33,916
314,139.5676207336275,126.18879318640782,77.98278505404426,rainy,1,24,noiler,99,171
1259,119.38907369544503,138.62786740173811,49.44234996346091,dry,1,16,other,88,520
385,148.55115746151517,72.18582669585741,65.40778790526943,dry,3,9,noiler,62,236
1156,102.8461184883742,69.01456494695456,32.55894190691737,rainy,4,10,other,87,536
430,130.25444652586353,63.4432858251884,56.87033317859549,dry,3,3,shika_brown,38,296
1540,130.9357316258465,93.99273243348581,51.30663738975653,rainy,4,6,fulani,37,869
591,100.78568120659419,91.45129180257534,77.89089238455898,rainy,1,0,noiler,63,318
1085,112.70586422637668,164.87778732788655,55.41525990181359,dry,4,6,noiler,72,597
1244,106.22507341947878,120.85493957440912,64.76321119436545,rainy,2,17,noiler,78,736
1204,159.78701383246084,88.08280527831764,49.20114755051667,rainy,3,15,noiler,49,796
1989,127.33354247481252,62.129311930447145,51.563342901959274,dry,2,19,noiler,22,1276
586,128.81485004298443,101.95703865732338,48.38833199171879,dry,3,22,shika_brown,38,410
1911,149.97695137689024,145.01901971509236,65.05858089239132,rainy,2,22,noiler,58,1321
331,159.56951205886872,77.96259064616628,50.582077962085336,dry,2,3,sasso,30,207
1678,147.98926085813036,156.37589027905062,57.2241478062021,rainy,4,19,noiler,79,839
754,143.19067870882617,98.96217220752338,47.698731448632174,dry,0,5,sasso,81,302
1966,105.17871706114353,70.27057681649917,66.06147411218197,dry,4,15,fulani,97,786
605,153.89926582049597,94.09969535464953,54.88275792316125,rainy,1,23,noiler,49,396
1042,149.40040350156082,114.37480068754617,39.25494314923417,dry,1,5,noiler,48,632
1052,115.73929015754027,138.02035341930932,74.38385706364161,dry,4,14,shika_brown,97,505
1823,155.7999162055052,195.12441736614477,76.8325145679274,rainy,1,13,shika_brown,70,903
1662,156.48039262869864,136.29970395199456,79.76906273935435,dry,4,5,fulani,63,665
598,128.8562849570111,198.51464216687714,49.94380519864948,dry,2,7,other,33,380
376,117.77754478371791,60.60546871280966,72.82858014472203,dry,3,18,shika_brown,81,166
946,135.1019149165785,132.38771022505836,34.93586587074399,rainy,4,17,fulani,78,383
1654,158.12867423411953,60.21603567344772,45.97711560760194,dry,1,10,other,87,662
599,155.6293590139724,150.45290405588528,38.12565821958413,dry,2,1,sasso,32,349
721,126.49418310337377,176.48190321311733,64.86593332154268,rainy,4,3,fulani,92,319
500,102.83968810721065,168.00470558392925,66.51725121369336,dry,2,14,other,97,210
739,107.46076122535659,170.5399075144079,43.498164197035955,rainy,0,20,shika_brown,71,371
1141,112.82351439815584,97.47723375195817,48.86232779176044,dry,4,5,shika_brown,72,568
1313,141.5591081507526,131.97121989296002,72.03428180386254,rainy,0,5,sasso,26,816
360,105.28770307977723,119.99085325668469,39.25953606634303,rainy,2,11,shika_brown,33,289
1217,104.53926538308428,183.6600717674291,39.07864824394543,dry,0,7,noiler,27,729
1120,100.48362223055703,190.13332359324227,54.22991580948282,dry,2,10,noiler,82,655
1509,107.97138393170718,152.55813182714343,55.53434049451265,rainy,4,1,shika_brown,30,1075
1749,128.90732079949592,118.82858327630248,67.74354043055428,rainy,2,12,sasso,62,1184
820,130.88412851987948,175.9636648610894,72.42032496924065,rainy,4,3,shika_brown,36,677
781,134.86967808101667,194.6533583315011,61.85463520313068,rainy,4,9,other,86,402
426,148.32064391791698,192.96508316677725,65.30261474525003,rainy,4,6,sasso,49,307
1992,118.64343939787958,132.56457469226828,36.54600997478866,dry,2,17,noiler,96,967
527,123.66373506889417,119.51293608130494,47.881175974437184,rainy,2,15,sasso,33,451
1199,125.59137724220065,112.8420021141329,52.52360742695302,rainy,4,15,fulani,34,765
1341,107.69020043473878,124.16019856529334,56.27895766210823,rainy,1,24,noiler,39,1126
1938,121.01504227622618,104.50346930804619,53.18574375605459,dry,4,24,fulani,46,962
829,109.57840791250493,180.54032158677677,50.36475628776256,dry,2,10,sasso,95,452
667,155.6062340879345,75.0871793632173,59.53004359275825,dry,0,7,other,53,284
674,130.98633009401135,134.0138636513467,64.09225041210416,rainy,3,18,sasso,48,543
1118,159.74689678800704,179.03231333986764,44.22953930386595,dry,3,15,fulani,29,537
934,128.63115970684254,149.1973728114418,72.88630176813086,dry,2,22,sasso,33,679
423,106.90244007770625,184.42576773973275,63.779200130849496,dry,1,1,sasso,55,246
1850,149.24550756550133,169.92290265925885,42.574864436732554,rainy,0,21,sasso,73,829
1286,104.7670224392708,124.57818907905653,78.72856605744397,rainy,2,15,sasso,43,937
1419,133.24288171457624,113.93765150267596,58.57968436235353,dry,4,7,fulani,64,643
1541,114.70811869466492,162.834959486042,42.64130161247302,dry,1,17,sasso,51,1022
514,151.45165956606738,148.10925253963407,49.60037718366888,rainy,3,15,noiler,93,279
532,109.00077540150909,167.4190211255243,42.382595534155385,rainy,0,16,fulani,34,275
559,130.88698517913988,60.32754830190171,63.982868491838566,dry,0,8,other,41,302
1388,126.1918837051112,129.1952916039912,71.17525838466497,rainy,1,18,sasso,69,880
504,135.05506837856439,112.54472057087594,51.551753557632836,rainy,1,24,fulani,62,280
1941,100.94113875590554,101.09238087588088,51.003720593241155,rainy,1,11,noiler,57,1188
718,120.59578476381856,60.184629343638235,74.05563733072934,dry,0,4,other,78,287
979,115.07164195207676,183.09675904420925,48.78508073416258,rainy,2,4,shika_brown,41,779
1229,155.75974183098418,80.49007272526104,56.8301839821247,dry,3,14,sasso,18,715
1666,136.42201569596546,84.62258744838218,53.83181222066143,dry,3,15,sasso,51,973
1859,154.60247809222648,150.84849435492038,50.88700910469549,rainy,4,0,noiler,30,1054
1743,105.11880765630225,182.8607997010289,56.960232903005405,rainy,2,2,noiler,82,1034
1202,112.59011678120669,69.81575464685879,61.01265859920633,rainy,1,11,shika_brown,73,698
1163,143.51547496209866,131.7236990753741,48.451623669923784,dry,4,18,shika_brown,97,582
760,130.63485443264057,178.35743967003694,49.975520838132866,dry,3,0,other,93,315
931,122.02286563788978,96.03813549902569,60.214108127017596,dry,0,3,shika_brown,47,533
617,111.02684790864345,190.66981681595936,61.40164232659623,dry,2,9,other,34,413
1407,152.62792302554757,193.35320586590007,33.60698787139404,dry,3,6,shika_brown,74,664
972,132.70807136061083,75.40838773291283,59.526743073609374,rainy,4,5,noiler,61,630
1102,152.59314136850045,91.66058898446767,49.19959065021824,dry,2,13,sasso,76,569
910,125.21582480610556,67.71818981945394,73.63536348009652,rainy,2,15,sasso,51,671
455,116.29916453642537,193.74778087649983,78.60264350359786,dry,1,10,fulani,67,198
919,110.23310698760855,79.96167747227966,51.20354631006869,rainy,1,14,sasso,49,702
1750,135.91343174153818,102.5063082179999,51.42200570691017,dry,3,2,fulani,68,766
1892,125.00724385719221,174.9510485782405,53.59673956503791,dry,3,0,other,79,794
1194,154.34740731724173,167.35441318007045,53.059645760994584,dry,1,5,sasso,78,478
1999,130.7219409367562,108.2142359468759,50.88949525987074,dry,2,7,other,51,1139
380,111.31027308659382,114.13323660831358,75.84432334511979,rainy,3,15,sasso,78,224
1098,139.19502503748404,138.46615487579612,58.031366898162034,rainy,0,17,shika_brown,32,774
934,156.13084487143962,177.28046992908193,49.20801970129716,rainy,3,13,fulani,31,509
1750,123.41758283248562,66.65343723714116,62.51019568550101,dry,2,12,sasso,52,1027
1626,122.90210416988117,78.14851504818797,77.36434803143898,dry,1,18,other,52,831
571,156.59205313869714,67.58586317293506,45.5798797814436,rainy,0,0,fulani,59,228
1565,130.0508697345071,190.03570898195508,71.04912713058033,dry,4,17,shika_brown,27,1101
1240,126.76224226231803,72.17518442064026,33.23929776449818,rainy,4,21,sasso,99,676
321,107.41490665557366,86.12130835860496,62.98010811071163,dry,2,13,fulani,24,194
579,110.8806580404715,89.20268404733287,54.098752514624096,dry,4,21,fulani,73,258
957,103.6085850944275,148.82966990882755,68.96002255622697,rainy,1,19,other,81,480
1617,101.95767013505159,164.12907781386554,34.82270316191018,dry,4,22,fulani,97,680
1009,128.65383079849897,101.16404811718729,68.92021007471334,dry,2,5,shika_brown,45,671
411,148.28381331420485,187.9914464150961,76.87602411498187,rainy,1,17,other,26,239
1530,104.98241348909612,146.40526440432814,49.02636941222893,rainy,4,5,other,62,974
1173,127.36478849888456,153.546279818696,39.431254422755266,dry,4,10,other,38,726
1032,158.12416103011375,92.12007234724888,42.516518997541525,dry,3,4,shika_brown,44,571
1033,142.18629947175674,110.6874440079585,53.316302912233525,rainy,3,0,other,23,593
1972,147.8102152002304,156.82610057805675,56.82826899811626,rainy,3,20,fulani,92,789
714,132.381867737667,181.07754599677708,40.93270293668148,rainy,4,22,sasso,26,572
771,140.40937943522235,172.74076390974926,58.171587448499665,rainy,4,20,sasso,99,466
1776,112.32385300754511,109.07759777077857,51.72250276260736,rainy,3,22,sasso,22,1372
635,115.21124278385389,170.73888947935012,38.508148718583755,dry,1,24,other,70,323
683,109.2216219267354,143.01171652045701,38.69088157077217,dry,2,10,sasso,62,437
727,157.22876647693346,84.71963033138054,79.97722452630809,dry,2,20,shika_brown,24,360
414,154.04767275515667,173.20633044406605,64.62200282195587,rainy,0,24,noiler,81,179
1200,146.9208538390444,91.72567880782971,51.00380997262684,rainy,2,3,shika_brown,91,579
301,116.96321627918343,126.820955057151,52.585353950120165,rainy,0,1,other,28,154
544,135.31927946667025,104.395766030072,32.51715366128775,dry,1,11,noiler,54,368
453,112.50919376998779,135.94478430997486,65.73590865273171,dry,1,3,shika_brown,71,259
1314,110.93781356666199,99.54375329032675,57.310013632444296,rainy,4,4,fulani,89,579
549,127.65193393254005,153.16320119419296,51.391908330740016,dry,2,4,fulani,38,271
470,111.70969240157524,99.5673626998131,63.1787095368884,rainy,4,9,noiler,27,413
859,123.19012874098435,193.44251473987825,53.024432275802084,dry,3,12,sasso,58,576
328,106.37739887401375,180.65591620010701,64.88240772025294,dry,3,15,shika_brown,51,193
1770,145.69535558644822,118.89230742072033,38.8235108704881,dry,0,23,other,36,804
1489,107.01886457203547,122.13549921685585,51.275924242023535,dry,2,14,other,55,809
1096,104.22735081483134,101.47363980088753,58.115420589286344,rainy,2,21,other,97,573
1045,127.31625455782205,139.6735222747343,58.04404831527131,dry,1,11,noiler,36,734
986,111.94730380732699,113.53031927925711,55.20316895343018,rainy,1,20,other,89,513
1977,116.83117654619952,77.13991239493733,59.62472111011771,dry,2,17,sasso,60,1182
1156,131.6369567398542,104.79917483438291,55.62604837364742,rainy,3,24,fulani,90,483
1553,120.80371307374358,181.50388157576256,54.469300588455965,dry,0,8,shika_brown,35,980
1588,157.66965718838722,111.34568476646717,76.45201090074117,rainy,2,8,fulani,93,635
1849,146.48587040013928,169.27837178168193,51.905575331820735,rainy,1,8,shika_brown,61,1132
838,157.87833921158267,66.5447275227702,78.21451348011676,dry,1,23,fulani,63,335
1330,147.46277815343066,179.02318218192656,54.26898790022962,dry,3,22,fulani,48,687
675,156.9098869708339,129.00303359168947,72.83624794278813,rainy,2,24,shika_brown,27,490
1998,158.32676698893292,151.1420886143943,71.77755363800921,rainy,2,6,other,70,930
1660,158.3079729843259,76.55599209754001,68.587710887783,rainy,1,15,fulani,98,664
1861,145.80481917951025,71.59521311083557,70.47082133818377,rainy,4,7,other,19,931
992,118.33448957193696,198.50437600019967,78.56779309177476,rainy,1,9,other,20,694
1730,151.12386195759723,85.65417613057647,70.85294611817058,rainy,3,3,shika_brown,71,867
551,110.74587669896123,163.8642890712905,38.83105125504013,dry,3,8,fulani,37,325
1665,142.47155344842002,145.55000869691145,44.80531310966425,dry,4,0,noiler,50,924
1203,152.79070013422157,134.84615271670197,34.452768134827856,dry,2,19,fulani,95,481
1293,122.48333976195079,183.75818842966595,34.04359337573191,rainy,1,1,other,33,798
975,110.22163526955521,155.2411078150311,48.08559304655222,rainy,2,22,fulani,50,574
1654,116.31782640187349,79.40989596346759,58.87853105479096,dry,0,11,other,81,662
1379,115.94237724653294,69.21564296877396,72.18264668505753,rainy,0,7,shika_brown,98,561
1991,112.51254090055912,120.96543501953938,65.20690439334567,dry,0,1,other,74,803
950,153.4194833277501,138.475114949976,48.364066781274786,dry,0,13,noiler,95,380
346,100.41026781964388,153.95325462486176,38.801035120524176,dry,3,7,other,82,160
785,146.6039089172328,131.5267395031787,48.82751600933773,dry,0,9,sasso,58,408
1116,124.21968045904141,70.19523696870763,55.73359432576281,dry,0,1,sasso,55,538
944,124.88406453319092,101.84236447224433,76.33860007847505,dry,3,0,shika_brown,21,570
1694,114.45353907930509,83.39861823168854,60.11326994116045,dry,4,11,fulani,40,839
926,136.70713977240123,116.27921161642269,73.31349065596726,dry,3,2,fulani,75,395
1090,159.31996369108217,149.84551434479403,31.57631613713339,rainy,3,12,fulani,42,541
887,100.71632124217912,96.80418912832623,36.87816576248416,dry,1,0,fulani,91,355
1866,115.50497525727602,70.20388107916551,79.07826677079134,dry,0,8,other,27,848
1897,115.73902192377689,168.50199628331313,65.70489831951144,rainy,1,7,other,84,888
629,148.764351700112,100.34518187917101,46.335929067967015,dry,2,20,other,55,283
1572,120.38941504401431,179.3448194420934,50.99661411161748,rainy,2,14,noiler,42,1297
366,152.1860193414613,199.58094788943092,40.15506589843907,dry,3,22,noiler,44,225
1792,148.77940124817712,91.14881448903749,55.77656081330512,dry,1,3,fulani,18,802
1230,107.54170254213938,161.0537071352208,67.96737486641359,dry,2,17,other,23,773
969,139.53856935525653,116.52191536094904,54.842765116642454,dry,0,10,other,89,388
820,135.7488487769959,147.54337416030143,33.000959871213325,rainy,1,21,noiler,83,434
586,139.52664742786354,77.87598799622353,62.47375652656876,dry,2,12,fulani,69,295
318,147.33617389120406,163.96709160913304,65.56048807869377,rainy,0,6,noiler,30,211
795,108.66238445992781,62.60753650772175,49.33774490416297,dry,4,10,sasso,59,527
946,103.25662176568572,177.46807752194786,36.74747856370497,rainy,2,22,fulani,98,396
1900,131.2827146179128,72.51137347081357,59.54960470563753,dry,1,19,noiler,42,1224
1181,109.55108573697973,94.06882311860842,41.37188673607528,rainy,3,4,shika_brown,40,914
1398,115.5849819981826,179.47742193466615,70.25627923826917,rainy,1,7,noiler,63,975
1153,112.0604622645484,150.14489604180022,63.92129149034799,rainy,4,7,fulani,88,508
957,116.8727385411496,103.24034267867647,32.24498956146625,dry,1,16,fulani,38,483
504,142.97059252307182,162.9648518165316,63.147932690685735,dry,0,13,fulani,68,202
672,140.4013599942834,123.61444881455394,34.13760092936665,dry,3,12,fulani,66,304
1248,141.20201944473115,129.09388488760828,75.71678054733405,rainy,1,17,sasso,51,900
617,119.53191392447833,183.84274461295274,52.31154632202208,dry,1,13,other,83,272
1575,129.08734994433732,68.79693037262732,32.68532182977994,dry,3,20,sasso,97,723
1597,117.76457748395065,128.73776362951594,69.60585574274606,rainy,3,7,shika_brown,53,1156
1399,140.64771473775863,179.46663112127857,53.98801915293693,dry,3,14,other,36,783
1971,135.23092863867228,102.92393282544919,51.90297228514452,dry,0,9,sasso,80,788
509,128.83441559601698,134.02019951691113,55.009371070410104,rainy,3,17,other,63,300
793,153.84626991307536,90.65557398144938,33.365922049968596,rainy,1,8,other,30,462
1666,120.2914413569655,109.57331774670507,68.85023029124413,dry,1,9,sasso,19,1079
1017,132.40656797581312,162.04600701586912,43.65301953649339,dry,1,3,noiler,77,520
1907,102.42478662838533,180.21150383871162,46.09839298425799,dry,0,14,noiler,41,1126
1158,131.36167117435824,161.8824448265003,41.37468516665574,rainy,3,2,sasso,27,960
647,141.62129436807302,94.74762059779604,46.358117679304996,dry,0,1,shika_brown,70,272
1809,148.49816042286471,171.32120214012699,64.65665361802807,dry,2,4,sasso,44,1188
1942,159.3509007827768,146.9691347135181,71.06110555241861,dry,3,8,shika_brown,70,973
1460,158.85636074492942,85.58029505633257,58.05804387077282,rainy,1,18,shika_brown,96,584
1112,141.38847584349344,111.78293307379872,77.456972925049,rainy,2,12,other,22,783
1508,134.69084919795614,106.9726599635013,44.79133229859959,dry,0,3,sasso,77,699
1792,141.31639170309936,134.7677211976988,72.20527618878376,dry,2,3,other,78,717
1445,108.3893237537228,175.69590565097775,33.03301519551702,rainy,1,23,sasso,97,806
722,115.74059070958478,118.25245886240567,52.50923585840415,rainy,3,9,fulani,93,313
1144,148.79408930407138,77.007811168831,41.63598047728357,rainy,2,0,shika_brown,56,596
518,100.91546611933114,133.11969845004361,68.78586977056274,dry,3,19,sasso,80,273
1032,147.631037472515,87.73058978164664,38.74583894249653,rainy,3,22,fulani,55,511
1364,157.80742504796424,92.75585231814058,67.01600905079036,rainy,3,5,shika_brown,45,854
1264,119.04691187319547,163.6354855587748,45.76349522580466,dry,2,2,shika_brown,18,870
989,154.89233861629356,175.84887295332967,58.79881855775859,dry,2,4,fulani,53,418
1399,125.24192689331807,69.01786272664457,47.911670554686616,rainy,4,14,fulani,83,600
1438,141.33616083003426,145.03330408796924,40.90755742215937,dry,0,15,fulani,53,586
1593,105.49234598624464,134.96553607690703,53.405973383864676,dry,4,0,other,46,734
782,151.71274097279013,160.01903474741673,35.07755103892091,dry,3,21,other,74,342
1506,147.30740721260815,63.05343227232422,79.76756668457449,rainy,3,11,other,51,688
515,110.5206994141203,146.16608319513065,74.99985856399655,dry,0,9,fulani,98,206
328,151.62076915264362,131.4623888075102,78.44884289328284,rainy,0,0,shika_brown,88,131
1947,150.9073335542279,194.92202419413567,56.31516066931502,dry,1,23,fulani,37,967
517,114.07945581524108,185.80359582055758,72.1172879749413,rainy,2,23,other,73,280
684,142.95536536956246,150.3990312744724,33.47523522990554,rainy,0,2,other,62,322
891,112.18058686317184,138.33274617715944,40.0578437480915,dry,0,18,shika_brown,47,570
594,137.26337938268975,184.0089679646163,67.78247915851803,rainy,1,22,shika_brown,82,331
1940,157.82599532446793,184.57046928819827,60.621372967222825,dry,1,2,sasso,65,934
1414,107.69606310418582,86.51255960145794,38.574553649095975,dry,2,21,shika_brown,97,644
769,100.1800423453381,155.83557353238172,64.22863022559939,rainy,4,12,sasso,36,632
535,159.60781906321643,79.77820852316148,41.4185307638884,dry,3,18,noiler,26,342
1244,151.75618115718308,183.8720367808607,64.55168942712848,rainy,3,18,other,60,697
1561,120.80159857984899,130.85017467948447,67.15203112276888,dry,2,14,other,89,706
308,134.42717823743425,86.31827516708285,73.27313698315515,rainy,3,14,shika_brown,75,188
306,116.21735990763732,110.34712131049034,33.14962772979131,dry,3,24,shika_brown,30,230
928,156.77560584319176,119.9433249236115,50.37170865829782,rainy,0,19,noiler,94,410
1697,112.47657781953896,129.34611555062497,72.57464628094615,dry,0,15,shika_brown,75,679
502,142.16515917372902,161.17533403683979,43.040675536023315,rainy,1,10,fulani,69,244
1671,155.19508012792025,182.68013620918475,39.05786823581425,rainy,0,14,other,96,668
311,152.54528700781643,128.1712038910785,62.45815691991617,rainy,1,6,sasso,70,161
624,128.31321197430347,66.02657323858328,56.761788232363486,dry,4,20,noiler,59,437
453,150.01646436665607,69.72057646044811,44.75105297224454,dry,3,20,other,59,210
1849,148.89510560459715,86.23079657237574,46.82572618038179,rainy,2,8,noiler,22,1320
1455,127.65839091721368,177.61833728398136,64.13118441305116,rainy,2,3,fulani,54,823
1317,138.80709299087488,161.40444491075587,52.80380401552209,rainy,0,18,other,94,560
448,142.74541914390863,122.0047421507671,61.36488961997567,dry,2,23,other,28,287
1426,128.7770338707055,161.3008624961517,52.49034441340335,dry,2,17,noiler,54,1035
370,104.25973923020841,177.7155673740424,59.11017645572201,dry,1,9,sasso,57,220
649,109.9512409437092,99.8889409835919,47.5611363693711,rainy,3,10,sasso,54,508
330,124.66419045444844,177.05587109184887,69.79825583624273,dry,0,15,shika_brown,53,205
1589,115.10625212870264,98.14875675901813,72.90957595362764,dry,3,3,shika_brown,78,784
1303,141.16614619971278,134.51647461758773,57.03147778049044,dry,0,18,shika_brown,71,619
1540,142.56644210643725,186.00049855502908,70.18899161304125,rainy,4,17,other,19,1124
1875,154.5130371425082,95.85914270533173,64.32922430006121,rainy,0,12,fulani,98,750
1873,136.45242992859556,124.41934755284827,32.47270516156611,dry,1,5,fulani,79,749
911,106.6333942028085,139.37989292322146,68.4454351070698,rainy,1,12,sasso,86,534
590,133.2774115165959,85.54837391013865,45.959273059551634,dry,0,13,sasso,55,338
994,100.2589580442199,122.77431336270566,71.85158788915103,dry,4,20,fulani,26,528
1535,117.80492659653893,193.167163432996,62.02371930682873,dry,0,21,noiler,94,737
981,147.71754059165903,133.64277958158527,62.09197679864474,rainy,3,6,sasso,37,681
1055,134.31458880113317,117.68837489286109,46.197367993643354,dry,0,19,shika_brown,72,534
1771,141.56282185833876,63.72798456143685,65.48158318186051,dry,3,23,shika_brown,51,1031
587,143.9868100160206,153.93118303237537,33.08626609036812,rainy,2,15,fulani,78,235
1774,131.53444260624033,112.16546797118274,58.86785655016308,rainy,4,4,sasso,51,1227
733,159.90433430872832,117.777002773293,31.93717459709102,rainy,2,17,sasso,19,467
676,105.03535323593232,82.84970456715298,33.2807302556697,rainy,1,16,noiler,88,334
1378,108.77443878271005,153.34017537701254,42.47042134759617,dry,2,14,fulani,77,569
837,107.18723536429955,141.9328844253588,33.58787773324921,dry,0,6,noiler,31,533
1673,136.96106861596752,144.88446023403165,43.141720542306196,dry,2,7,shika_brown,22,1106
1909,107.70467123896748,98.64821174058707,38.017606205688864,rainy,2,19,shika_brown,18,1287
1369,144.26615372525015,78.88695387816855,44.14237359391462,rainy,4,1,shika_brown,31,872
513,120.35939546009888,64.07481983102352,44.01722345027202,dry,2,9,shika_brown,71,246
870,111.67366279129814,85.24089443499093,31.841339011757142,rainy,1,10,other,53,539
396,151.21326523480656,190.1446315869184,61.67961174300086,rainy,4,8,fulani,73,182
928,120.18423035989723,140.93151613730814,38.801109338916056,rainy,0,3,other,50,562
1969,156.0750378763039,142.0661890434859,33.86128082230354,rainy,2,17,other,88,788
711,139.63080299714625,181.69038759917797,46.61855516435516,rainy,1,0,fulani,80,293
1213,112.98920739916463,108.97022274162862,44.27904746294422,rainy,4,4,sasso,90,685
994,102.23592486019535,156.4861822258893,42.78416108285718,rainy,0,2,noiler,92,437
303,116.92175266800638,168.85757492994708,74.28693272104778,rainy,1,7,noiler,97,169
881,103.97460849583983,152.2314599938138,63.175836714082656,rainy,0,24,fulani,25,413
981,110.68743305331267,160.5627070207765,42.02106987936821,dry,4,23,shika_brown,24,700
1367,135.2582324594192,193.42775810704325,31.518255099225662,dry,1,17,noiler,38,967
1488,142.31857664810605,125.26394825225371,53.51552627842416,rainy,2,7,sasso,76,898
437,147.18245283665232,103.33595931935078,39.09630164541945,dry,1,11,other,78,175
1087,101.70392932431778,124.20432702407574,63.85948414604805,rainy,2,22,noiler,38,878
1748,102.88900692296859,94.07470951461202,56.93125511675316,dry,4,9,fulani,19,947
1821,139.98864343171465,133.08976771301363,51.72869178745623,dry,4,22,sasso,21,1231
1959,145.72119297101773,105.64584948654166,61.29808154328865,rainy,0,8,sasso,69,989
820,155.84592106266325,176.46419074772047,51.40372047440887,rainy,0,24,fulani,51,368
1430,154.09446666083963,118.63642048045773,43.163358750956235,dry,2,0,sasso,37,738
721,116.6690975230517,91.01405031160175,52.45979860622593,rainy,2,13,fulani,30,467
485,114.31542611151414,165.69438423210556,66.40211506116574,dry,3,21,noiler,67,301
1367,141.50503250492744,182.781042901849,59.93193152067418,dry,2,13,other,72,690
1638,101.3976967443699,101.62112418512882,73.6375680986871,dry,3,6,noiler,19,1063
1564,151.34647679864628,170.55307247268473,79.86232327378072,rainy,0,16,sasso,85,626
1539,142.71954019346006,82.2525983490555,62.6872735292351,dry,3,22,shika_brown,80,681
1667,148.15382645914815,159.55075662137222,58.4080114052085,dry,4,15,shika_brown,40,1065
1438,107.47205341194281,171.8561492616604,45.1397084694002,rainy,0,19,other,41,894
759,153.67360474797476,122.8742913950262,49.60854761881144,rainy,3,0,other,56,381
730,146.22025028335185,149.04601393009574,70.75154394676451,dry,1,3,noiler,38,495
1120,102.43086111952263,60.64964450856388,73.39217702863482,dry,3,6,noiler,74,566
1995,158.91271536117196,81.44652012507908,32.09724011463421,dry,3,15,shika_brown,95,798
555,152.07137805301954,104.98499106030738,59.64930890447657,dry,1,16,noiler,45,372
1738,121.8113855543895,63.480365200010105,63.3718390335711,rainy,3,22,noiler,98,892
1887,152.76551426290777,151.25874338447971,38.544314075907316,dry,4,14,shika_brown,43,1088
1392,108.47716617510059,143.6561128000537,56.95095708054086,dry,3,15,noiler,43,1062
1815,137.45846207507688,75.8880360917368,76.12927624338184,rainy,3,6,sasso,55,1163
1176,134.84546796971807,116.94886302948963,78.18900566658047,rainy,4,6,noiler,95,681
1823,118.9474070803915,150.61694213943633,52.522322440946965,rainy,1,15,sasso,40,1417
449,104.32854264526974,195.13356873953532,45.074783950969675,dry,0,21,noiler,85,180
938,111.86165376920006,191.78924283995542,58.602370238902026,dry,3,5,shika_brown,41,655
1301,136.42784007165292,155.51956041283808,57.97832125519021,rainy,3,1,fulani,43,728
833,144.71976212294425,183.19357336206374,62.52510752193572,dry,2,1,other,39,460
790,152.6774628932388,88.88739095900408,50.89842822254201,dry,4,18,fulani,91,316
1311,118.52178278940332,197.30155983154856,41.02992470425946,rainy,1,9,sasso,65,902
538,121.61746394357164,159.72671105232456,43.40905452182528,dry,4,4,other,32,370
901,126.13202971627405,193.67660831854334,51.947365985511325,dry,4,6,sasso,39,604
658,146.32242491851935,77.14654058791075,41.3323267685074,dry,1,5,noiler,28,441
1900,157.0441899997761,119.19590580020164,56.595614376647916,rainy,3,23,fulani,43,890
1077,157.89641414760118,162.7516206340922,67.37134941294335,dry,2,19,sasso,24,737
476,111.30235186759356,122.98387520959741,37.660896167611,rainy,2,1,noiler,60,309
1078,118.89995595257032,105.93640224592203,78.14077824488947,rainy,3,10,noiler,95,662
1786,127.427876119123,91.5683124489537,59.25605843303333,rainy,4,17,noiler,79,991
681,154.1193630457655,147.6623526848503,59.3974497241004,rainy,0,21,other,67,289
1510,132.24617715824564,151.0138584863311,57.35482522624069,dry,1,24,other,95,612
351,154.31770264755832,111.20106084485938,75.79087504140529,dry,0,9,other,30,166
1753,106.17155920829633,195.483491403985,72.05427499421057,dry,3,17,fulani,61,845
1359,139.55636326461337,174.61101721294114,49.09848620030848,rainy,3,5,other,82,642
1678,121.89852679218298,135.68017172468728,70.23748339102715,rainy,0,15,sasso,47,1079
1788,123.37194145550079,102.91127915052041,36.62231205656313,rainy,1,1,fulani,95,715
1925,145.1581104602531,145.7469859437888,35.77266210292977,rainy,4,19,sasso,54,1193
1163,114.3784676745504,103.98207930228656,60.170235017815386,dry,4,1,noiler,29,810
1917,141.37764392690931,101.40816853448673,49.68116478794694,rainy,1,3,sasso,54,1238
607,130.26250504561324,162.73746310593495,65.10326546874265,dry,3,19,sasso,73,355
1537,112.46576116355999,142.58423033545256,65.34108334969709,dry,0,3,other,83,649
429,106.20748879661326,91.69514023673295,30.448515848103387,dry,3,23,fulani,63,214
835,150.27590191829796,127.8577180748618,64.48598105865962,rainy,1,5,noiler,27,613
1949,119.4219673486145,65.85016590742622,31.702553180819482,dry,1,12,sasso,50,1108
1226,145.33942858015283,86.5946835426186,76.23608397434455,rainy,4,16,shika_brown,67,623
1934,119.8307482036634,152.8817416692005,57.03240722599376,dry,0,18,sasso,21,1155
1546,139.00727889040394,180.43297531587916,69.76845926500619,rainy,1,6,noiler,50,1208
544,144.8950398914272,99.08676565605046,50.733936833857555,dry,0,12,noiler,30,353
1762,129.17995286235424,72.42409296850953,53.90693466119717,dry,3,4,shika_brown,36,1113
1946,153.2374845447139,80.3690491632428,37.78647045078142,dry,4,11,shika_brown,64,938
1423,109.49260022799974,69.96578497303737,36.095445475717625,rainy,0,10,shika_brown,24,920
389,157.00066705982323,63.91703705682695,63.569006991048674,rainy,3,20,noiler,57,249
1033,101.30342079640687,124.12485370983032,41.26219050684674,dry,1,12,fulani,24,554
327,143.94343825664686,95.43204769739506,65.09824637456381,rainy,4,17,fulani,81,131
1794,114.83897199210571,126.21395194056377,33.33653995943883,rainy,1,23,shika_brown,91,837
1837,106.18532112585842,117.55516344988749,34.440448644975085,rainy,0,10,noiler,23,1140
995,152.91091914520882,142.93583558133068,59.61847602432507,dry,2,23,fulani,99,398
896,150.40534843577592,183.2656404772273,73.93726985552603,dry,1,14,sasso,54,513
928,145.30763455692812,146.1806984293019,31.374496908168226,rainy,2,24,shika_brown,37,649
1003,115.68983311468193,173.28511987012917,38.718784719896064,dry,1,7,sasso,61,578
1028,155.6724233759848,139.29805755320604,42.96693409372631,rainy,2,3,fulani,46,548
988,143.54765997931588,103.8645010200533,46.54743949307801,dry,1,14,fulani,64,443
1402,141.22670720214074,96.12734512629305,68.02458398150776,rainy,4,13,noiler,48,1017
1001,153.47212091189957,156.39733882809858,78.44880472634563,rainy,4,19,sasso,72,494
907,155.96295323886673,188.01078301154524,54.12577262764769,dry,3,13,sasso,44,599
1238,130.31361779269503,70.99887961367884,74.48468723366204,dry,2,10,shika_brown,97,645
1278,151.25584240107537,70.7260407449047,39.22826833972306,rainy,2,2,other,55,640
1057,112.40966815486178,199.91254967558214,79.32974198223741,dry,0,15,other,70,456
1318,119.01975201903622,69.66033648634205,31.35362630544663,rainy,3,16,shika_brown,61,856
636,115.43674097332656,163.41513023464574,37.30584832120203,rainy,0,22,other,95,254
659,142.27488808566636,141.6079254090671,32.47717272744022,rainy,1,11,noiler,55,439
379,100.14192461255954,68.20380517105839,47.48308023752093,rainy,3,2,fulani,49,218
977,142.08369992944162,191.27023982272522,66.43583683730125,dry,0,11,other,22,480
1479,155.07455645999428,169.34259756723065,68.73677973560757,dry,1,14,shika_brown,91,599
995,143.66202624734677,124.30439604901916,41.613383833201055,dry,0,0,shika_brown,32,487
1650,117.23008563999545,115.23387101267619,74.42727508562548,rainy,3,13,shika_brown,56,993
1639,106.89504473173693,191.0732208589019,31.353653136165978,dry,2,1,shika_brown,91,656
324,148.80351842884198,195.88695001249837,51.478646790354155,dry,3,23,shika_brown,52,199
1665,113.78269700593292,151.62105555464655,50.788909568625854,dry,3,4,sasso,31,1140
670,130.04960080106346,113.5840431198388,58.20882005324458,dry,0,6,other,78,292
1655,103.0286025383912,82.33347348437644,67.3229647662667,rainy,0,11,shika_brown,40,1051
760,134.262256999905,163.30259781524694,66.00235120917334,dry,1,12,fulani,39,442
614,135.22226250047524,75.01870896101869,62.69339682800527,rainy,3,7,shika_brown,18,484
665,150.37390466508393,64.27053985139017,42.907400883318395,dry,1,8,sasso,55,368
1657,149.62850223872516,169.5108103600872,38.75606149369565,dry,3,19,shika_brown,21,1026
1911,133.7499060685774,99.8543960356217,36.50367431388369,dry,2,3,sasso,50,1096
1235,127.95069841720147,74.5833154146377,79.71691643308597,dry,2,13,other,31,701
1812,139.7657385967988,147.01640456107086,57.772817449633024,rainy,2,18,noiler,48,1403
799,131.66260904219044,184.28088703385447,31.13989631563079,dry,4,11,fulani,87,344
692,113.14215967807976,106.44820388336478,63.857511744915634,dry,2,4,other,56,384
1431,131.7316522240816,159.1436912386209,59.72049414492072,rainy,0,4,other,39,830
1952,100.26043082891896,92.35385246363202,65.69043727342437,dry,4,14,fulani,92,781
721,142.4364322714759,78.71806960579033,54.98110886184114,dry,3,8,shika_brown,32,467
911,106.13086563577508,92.84272165593325,39.59596067785137,rainy,0,23,noiler,64,547
428,117.94302805957042,157.27430009864116,57.59376866541825,dry,3,20,shika_brown,35,297
1662,113.22117286161716,188.8957135883229,65.62545955653994,rainy,2,22,noiler,92,916
350,102.06591072660399,80.25733121072547,69.03597623095015,rainy,1,17,shika_brown,28,275
1438,153.79316384563043,158.6650950520637,52.69590574348566,rainy,0,14,fulani,24,721
512,136.415816785314,173.04942718407915,69.90905082095465,dry,3,8,shika_brown,94,260
706,127.84829922076722,69.39439755176609,37.39264578951091,dry,4,1,noiler,19,437
308,140.0862104309944,79.27339277728426,32.46298936112386,dry,0,23,noiler,98,131
1202,156.15477999392374,153.9393554250811,76.29329508688159,rainy,4,5,fulani,86,481
1653,119.70169460743574,141.868488485051,50.17776837064003,dry,3,15,shika_brown,68,964
535,157.279482518409,62.60646593309463,55.05021079297975,rainy,4,3,shika_brown,25,336
1915,129.1354886889528,182.5489188174223,42.354966955192594,dry,4,16,noiler,60,1347
1134,104.6764512901449,88.09390371629753,66.46275895385193,dry,3,21,shika_brown,37,838
1077,101.12378891511975,162.71679173231627,71.37808334365965,dry,3,10,fulani,29,555
1142,140.3245317927235,118.34111599678789,78.63030407808793,dry,3,3,other,27,656
1926,107.45705614872891,199.57193927678875,58.670493140763966,rainy,2,21,other,40,1434
928,137.55355351547422,66.41392918085992,65.59845611956189,dry,4,15,sasso,78,530
837,156.13338613432015,95.68810775486324,42.55316758516973,dry,3,8,noiler,62,470
1644,101.93118508297735,121.08823431584018,53.253307548274805,dry,4,15,noiler,38,1112
1716,136.9164366584003,125.25570830544275,55.127547805450064,dry,1,12,noiler,74,950
989,123.09920156680585,132.6311150609468,64.21263306278394,rainy,1,13,shika_brown,41,767
437,109.01094557029707,124.5311956562763,45.97985325429259,rainy,4,18,fulani,96,198
1906,155.23827509889645,88.96977723414619,61.563837110286784,rainy,1,16,noiler,44,1266
753,130.20690934751443,130.26474455030322,79.70600652034075,dry,4,7,other,31,432
750,116.56514582928887,102.42036793978485,36.89488758497327,dry,4,5,noiler,26,518
1671,128.41752231441464,196.7311602578005,61.924370373256195,dry,1,24,noiler,99,849
1044,105.24220077078054,155.18160417227074,40.014478462065505,dry,0,6,fulani,81,418
1567,138.783843126204,135.6208064503469,47.44362672825541,rainy,3,10,sasso,30,1293
731,133.43476707465095,66.9190151648461,54.5618891218578,rainy,2,0,fulani,36,388
408,111.52786628221529,191.2739734489746,75.3762065938096,rainy,3,12,other,70,218
750,149.95559016751912,108.67969844092465,30.558319042707456,dry,1,16,noiler,72,364
392,143.54142046292108,102.43511814653573,36.760319547338234,rainy,0,2,noiler,28,256
1504,154.69732255293655,152.72086594636022,78.7830496543284,dry,2,0,shika_brown,47,631
372,130.8840152520673,93.42078276599179,49.14684405362378,dry,1,9,other,18,256
467,152.04883611579143,163.2336446839431,71.20388035562128,rainy,4,0,shika_brown,86,229
361,127.05016846610533,102.66166996157523,42.78256268731649,rainy,3,11,shika_brown,40,284
1935,117.59015425978897,134.80344685522812,32.28094521273667,dry,0,21,other,83,774
479,154.59201397287148,64.49253288417572,33.20842382922578,rainy,0,7,other,48,217
1651,125.1064776048187,84.07716553880451,64.0650929236817,rainy,3,2,other,61,894
692,156.4909046649927,117.92549235802218,31.153994662130103,dry,4,20,noiler,19,402
308,153.32019341540285,63.01394888983606,79.36138182747615,rainy,0,12,shika_brown,20,178
1978,130.32595225812395,158.5056716891621,47.26994039345057,rainy,4,7,sasso,89,1077
1495,118.58778447317714,198.4772878387189,52.075166772322554,dry,4,14,noiler,51,1052
1615,142.52471461258997,132.65181328714647,36.11879283453185,rainy,2,21,other,57,966
733,138.9245770792453,148.21242608859018,69.95727714254608,rainy,4,18,shika_brown,61,541
563,101.75677262549453,82.38684999321839,41.408456966275125,rainy,0,3,noiler,27,377
852,117.85682443791288,144.64113842202053,59.95189269290158,dry,1,5,noiler,35,615
361,128.8781649692759,188.44984552035237,36.964834888331104,rainy,2,1,sasso,33,247
334,156.3439172309376,133.46005551917318,58.430674979826904,dry,3,6,fulani,19,165
1268,157.98200063047022,166.75843096212287,66.72061820934775,dry,4,13,fulani,26,535
1021,118.03243610958734,86.87202564373054,47.08046572777708,rainy,1,16,sasso,24,827
1966,117.93374886370344,186.38392379852894,30.299657014702063,dry,3,5,shika_brown,78,1065
1846,138.77216657680347,81.01992299902587,55.62337720271847,dry,4,23,shika_brown,51,1060
1006,140.14121333532276,97.01400819099806,58.858185586557326,rainy,3,18,sasso,72,672
1284,108.93271547404194,184.08284312728165,48.64167446820221,rainy,1,0,fulani,52,600
1009,154.85415912242735,125.50446404930864,49.691134988750385,rainy,0,3,other,45,513
1463,145.09692898472605,88.58293843055164,31.941719666045728,dry,2,21,shika_brown,86,608
1575,112.54062683228375,119.89051315638619,54.94003636338914,rainy,3,17,sasso,89,765
956,111.1957357169925,77.99356996925468,74.06845196545342,dry,1,7,other,57,497
312,108.5111046387692,191.4719591697188,70.41069635440377,dry,0,23,sasso,44,188
792,107.5687688786472,180.8600194247634,59.05648900226872,dry,2,10,shika_brown,75,424
1728,131.51587804378633,173.04510711929055,66.66793940585909,rainy,2,13,sasso,30,1469
670,139.36809683993457,195.88530133979512,58.272479507272095,dry,2,19,shika_brown,82,367
1273,152.67723945689926,128.25953935711948,75.01754575581003,dry,4,24,other,73,554
615,117.45102641276567,131.9212695070558,60.52151762446935,rainy,4,4,fulani,31,387
1459,124.83956681440216,143.63823480646187,70.19076350393549,dry,1,7,fulani,69,612
848,152.34438610353965,172.82250659678613,31.05435930202256,rainy,2,7,shika_brown,94,404
1155,118.14813614944688,89.49447038027697,46.38208171498482,rainy,4,13,noiler,28,890
1485,159.2681025980051,83.54880325359352,66.18012825764393,dry,0,1,shika_brown,98,594
1266,107.47058958526739,154.9959838007026,40.191952462444725,dry,3,0,fulani,20,627
1401,148.0979869124854,194.12205773789805,47.72118272889496,rainy,3,14,other,82,585
1118,159.92625410809998,68.13050910332913,70.51746857327626,dry,3,3,other,26,565
1460,132.8880067163311,91.9648913323338,49.15858207988383,dry,4,17,shika_brown,97,720
1561,140.54753966692707,159.1854049866571,69.1354889604205,dry,0,5,fulani,49,694
768,158.57814377621568,60.8425314678074,64.50824972188511,dry,2,9,fulani,40,346
1708,134.71929442988284,75.15190516357801,40.91346378146669,dry,0,24,fulani,85,683
1851,133.4555444660822,187.18272707514845,62.53987697691158,dry,0,22,fulani,62,740
1698,139.21225746259407,123.5396952500557,39.20675056968281,rainy,2,9,noiler,76,939
331,115.97156020620676,146.662163139386,62.2284325485647,rainy,3,19,fulani,59,188
1971,121.03900346080906,180.72202009726928,58.843089036475206,rainy,0,23,sasso,47,1332
547,156.6440877332107,122.17829934724324,36.86381698973091,dry,2,17,other,91,219
1731,145.13714336573142,139.18980544484543,75.3840998734257,dry,3,7,other,35,918
1249,156.2741141691602,117.66224437745004,76.26003277552107,dry,3,10,noiler,18,731
1550,106.09138234199543,184.84997338918558,39.9768721866244,dry,2,8,other,34,969
873,129.87949899660896,165.05248666952104,70.8559366930715,rainy,1,4,other,35,607
1238,121.48903877003214,146.5280950527017,64.3318991920173,rainy,4,6,other,82,623
1534,120.5523455063788,186.96492134246998,39.877865165198166,rainy,0,15,noiler,84,836
959,110.98963172794106,190.77513324817193,74.38579247666192,dry,2,8,shika_brown,81,474
1267,141.53624878667358,97.87202784618748,59.71699325071818,dry,2,15,other,48,705
974,110.07252321654306,180.57229299057644,49.190037947244335,dry,0,0,other,91,390
724,156.6216712430341,83.10352991888399,37.10038337932938,dry,3,3,sasso,66,375
312,141.91024826138553,154.0600938710477,68.17308450890928,dry,3,18,sasso,41,225
1758,107.47300905385897,85.9139266760998,31.480656212248853,dry,4,14,fulani,95,703
704,141.97796296174897,120.60492016733409,48.24293199093832,rainy,3,24,noiler,73,466
1458,153.82514533309882,106.7119232700892,67.53753830528137,rainy,1,24,noiler,46,942
308,142.34856074333584,135.6345388609147,72.4237927676684,dry,2,12,sasso,26,213
979,123.21189937706987,129.1732216241827,46.75225153512292,rainy,1,9,other,44,675
376,106.93157194732663,122.3334252273221,36.86288801838836,rainy,3,1,other,89,162
1748,146.4766258340154,118.93275377312912,34.61142771437112,dry,3,6,shika_brown,30,990
381,101.29536699057962,128.57612811762988,47.02980970450727,rainy,3,0,fulani,21,219
1237,109.50681330754746,153.0047688343393,48.590027472717956,dry,3,22,sasso,20,957
1276,121.79668729277061,100.37455907620507,65.58649632104937,rainy,2,20,sasso,78,751
1708,121.12907522174271,192.0431023182765,75.62985605014524,rainy,0,19,other,41,966
820,132.53245857245926,65.40961263743885,33.40538423171742,rainy,3,16,noiler,80,451
1843,118.7205956470477,71.65709200127476,69.04208138009713,dry,2,1,other,99,737
1144,113.75413298551948,123.91613965088627,66.14800265573079,rainy,2,2,noiler,42,919
794,103.8800445115282,114.7574021259791,61.55715720997987,dry,0,20,other,38,407
1731,141.57557367637463,82.12618020477095,41.10412682951902,dry,1,21,shika_brown,45,976
1821,137.6846194984136,116.74172241732103,55.93268543111069,dry,4,21,shika_brown,31,1160
1675,155.98624676258197,113.64889692789384,49.80991261001337,rainy,2,0,sasso,71,735
400,155.16104684870885,173.78503925114018,60.53882446694844,rainy,4,18,sasso,50,252
380,127.06446260625381,120.41212320248174,78.67683303314823,rainy,3,9,other,77,170
1239,141.63148299264816,130.14855838296185,64.70512730042276,rainy,1,24,shika_brown,69,739
1974,134.10548237005005,85.01394732694583,65.22932409102194,rainy,3,5,other,63,1102
433,131.31219393978787,64.94794969241492,32.13804104950418,rainy,3,9,noiler,66,253
1759,155.71881101138536,88.76657983867491,52.13464480433527,dry,4,6,sasso,77,704
1601,159.4277421524681,155.90923681792214,44.476796889037814,dry,0,17,sasso,20,796
1766,131.4469641766608,171.74546244276374,39.08932094983904,rainy,4,5,shika_brown,79,964
680,158.09019334682168,74.67946545397498,44.73499540336669,dry,0,4,sasso,65,294
1788,158.34249733293444,166.32725862379226,77.39176003905189,rainy,3,13,fulani,26,907
1994,109.2289582115707,70.83622068508254,38.09289178566323,rainy,0,16,shika_brown,75,832
631,101.45283371488583,108.73785990687165,45.20205251921142,rainy,0,12,fulani,39,360
1188,153.27519576366421,161.73581156286218,40.5862698934896,dry,0,21,fulani,49,479
619,110.45854109671612,133.3240066091009,61.85485002693484,rainy,3,15,noiler,55,459
534,117.85974071357559,159.66849720192948,57.132603710525956,rainy,4,1,sasso,95,262
1409,148.24765881188392,184.39850493310763,31.02165312742015,rainy,1,21,other,30,816
343,126.45702225613238,184.03258938001468,42.90320781071565,rainy,3,15,fulani,94,165
1832,119.09147152761882,100.40905190146815,69.803604151741,dry,3,5,sasso,77,917
880,158.836189308217,172.15874426642486,31.496067719502975,rainy,1,9,shika_brown,66,449
1640,145.10938872624035,102.26976587547608,53.47092328041803,dry,2,3,fulani,45,748
774,146.41526179167388,134.0546561606381,73.01640244397952,dry,0,13,noiler,74,364
888,110.12750412476584,102.64664230805448,42.78084363587311,dry,4,2,sasso,31,584
1857,106.57775228610495,112.13195860590463,43.80377965406076,dry,2,15,other,85,804
426,153.3350783492215,140.11547370008708,72.00912813107828,dry,0,2,fulani,52,170
1310,153.66917512590186,130.89501375899889,67.43705416553215,rainy,4,4,sasso,68,718
1415,102.59794296642677,114.15621440902981,46.73504425331953,dry,4,7,other,43,829
741,114.33332932295781,84.11332802791907,52.68467660628687,rainy,0,6,sasso,46,531
1296,104.36332476803709,136.72019237518725,69.00231979031592,dry,3,2,sasso,89,670
900,105.8891090233383,116.5807941978344,52.31006606075474,rainy,4,14,shika_brown,50,609
398,108.4315322166911,112.18065012589555,33.94098691787752,dry,1,20,fulani,91,159
1863,140.76286002914912,188.70213808693163,62.73519214174295,dry,1,12,shika_brown,42,1340
787,116.59644898587297,105.90923065057724,57.46692641399906,rainy,4,16,sasso,54,575
1635,138.39855417238348,196.56253416162892,47.95488462742535,dry,1,1,sasso,98,728
940,145.2169627378153,115.65922972399933,36.46360458777271,dry,3,7,sasso,64,522
1682,153.70040389982148,116.95264162730882,56.45223180372294,dry,0,19,noiler,64,763
1082,132.35198745114394,88.24078745324147,74.71769883953837,dry,1,23,sasso,91,510
326,101.22931867844261,83.31198821074994,34.04741461632972,dry,0,8,shika_brown,89,130
945,129.88100657417073,79.0715699287314,56.076770248571094,rainy,0,19,shika_brown,99,442
858,149.0111231074512,114.57471869891131,73.77668020605053,dry,2,21,shika_brown,99,409
681,102.79181819733164,105.00197799171447,44.030054177267274,dry,4,20,fulani,40,383
1619,156.07989974726507,131.60927473293432,34.670517567638576,rainy,4,12,noiler,63,1008
1502,157.1259757705486,126.5257440771177,61.53314472767748,dry,2,0,shika_brown,99,601
1793,123.20590954808878,72.95362299857585,44.239710283254276,rainy,2,15,shika_brown,40,1213
1131,119.6319153921991,147.33358406496458,30.118434068343916,dry,3,10,other,59,558
782,139.09434080182388,151.65957522600718,57.88164885808544,rainy,3,9,sasso,35,646
1048,147.56336891731053,152.5973431248728,49.11592439089493,rainy,3,15,noiler,60,669
1895,139.15197897862586,70.01241327431028,38.276407927312405,dry,2,14,sasso,34,1268
686,109.66061724593976,116.4209158194162,44.226851824064994,dry,3,6,other,79,297
1961,152.89068652757064,123.9710538641717,65.58423008138475,rainy,4,5,other,82,784
607,118.80746036260041,113.22798890897823,34.528320149379276,rainy,2,8,other,33,442
1694,158.3253672284943,185.71371299815303,77.34208343922654,dry,1,1,fulani,69,678
525,139.386624411038,160.09323030268308,61.16419413697497,rainy,4,5,noiler,51,416
746,130.77009533457962,141.6645411170924,45.08222605046585,dry,3,10,other,77,373
1392,154.680523760991,109.59435157397263,41.953127344827436,rainy,1,22,shika_brown,38,894
1510,158.15610089939906,99.0360173782498,58.254792184260914,rainy,1,12,shika_brown,50,797
1771,128.53833229749813,148.32724544794087,58.83249055665887,rainy,3,19,sasso,60,1189
1457,154.37676677539028,122.12653594457747,36.6089495099,dry,2,15,other,84,583
459,115.01054667414456,90.2849411890126,61.11089991992251,rainy,2,17,other,48,320
1676,147.68929955292055,119.99600410277834,73.26866854365204,dry,3,14,other,43,950
1089,155.4142040320436,138.03819001910333,49.5129635633089,rainy,2,9,other,63,522
1249,132.97373123851548,178.53025418127322,59.85799570584837,rainy,4,11,shika_brown,60,911
667,122.23577579489533,190.9922897763008,30.78793247218873,dry,2,1,noiler,62,336
1120,134.92333973326276,195.37285627558157,40.57739226505384,rainy,3,7,fulani,39,696
907,114.07441259200723,130.79653513471936,50.01195624425536,rainy,2,20,fulani,77,452
874,151.2381297883509,191.34873651642695,30.875456621478083,rainy,0,9,noiler,65,442
705,149.1422788804417,66.68761582117389,59.77776233510716,rainy,4,10,fulani,36,433
1218,104.47847859655094,143.7080138733953,75.88134530229723,dry,3,15,other,89,585
1277,111.32679757899484,99.57777977729833,73.53873313204528,rainy,3,24,noiler,42,1035
1346,137.892610933197,105.5824953262265,32.71465388722164,rainy,1,19,fulani,27,782
1471,152.51373366991368,92.73332494526251,75.49355689244317,rainy,0,19,fulani,34,621
1989,125.8265128330867,150.5957431947437,48.8179607734526,rainy,2,0,shika_brown,80,1039
837,146.40492983517743,149.92796124474336,63.56995953719784,rainy,3,2,fulani,44,470
474,135.45500700447084,162.52512851210145,41.90058371050094,rainy,4,0,shika_brown,80,235
1837,125.59385754656597,125.95682228299806,55.57371822974151,dry,2,9,fulani,49,940
828,116.19534042462148,144.0853734750857,43.85972688123313,dry,3,20,noiler,19,605
1189,125.1569045534544,184.117549925571,39.80198786684375,dry,2,11,sasso,48,857
1027,102.88092955618053,90.40070426875833,73.84721926496002,dry,3,22,shika_brown,43,736
